<?xml version="1.0" encoding="UTF-8"?>
<plan type="dag" cost="1180.3833666666667" control-flow="TOP_DOWN">
<operator type="DEPENDENT_JOIN" param="25">
<outputs>
<attribute name="c3148" type="java.lang.String"/>
<attribute name="c3115" type="java.lang.String"/>
<attribute name="c3115" type="java.lang.String"/>
<attribute name="c3151" type="java.lang.String"/>
<attribute name="c3152" type="java.lang.String"/>
<attribute name="c3133" type="java.lang.String"/>
<attribute name="c3153" type="java.lang.String"/>
<attribute name="c3154" type="java.lang.String"/>
<attribute name="c3155" type="java.lang.String"/>
<attribute name="c3112" type="java.lang.String"/>
<attribute name="c3113" type="java.lang.String"/>
<attribute name="c3114" type="java.lang.String"/>
<attribute name="c3115" type="java.lang.String"/>
<attribute name="c3116" type="java.lang.String"/>
<attribute name="c3117" type="java.lang.String"/>
<attribute name="c3118" type="java.lang.String"/>
<attribute name="c3119" type="java.lang.String"/>
<attribute name="c3120" type="java.lang.String"/>
<attribute name="c3121" type="java.lang.String"/>
<attribute name="c3122" type="java.lang.String"/>
<attribute name="c3123" type="java.lang.String"/>
<attribute name="c3124" type="java.lang.String"/>
<attribute name="c3125" type="java.lang.String"/>
<attribute name="c3126" type="java.lang.String"/>
<attribute name="c3127" type="java.lang.String"/>
<attribute name="c3128" type="java.lang.String"/>
<attribute name="c3129" type="java.lang.String"/>
<attribute name="c3130" type="java.lang.String"/>
<attribute name="c3131" type="java.lang.String"/>
<attribute name="c3132" type="java.lang.String"/>
<attribute name="c3133" type="java.lang.String"/>
<attribute name="c3143" type="java.lang.Integer"/>
<attribute name="c3144" type="java.lang.String"/>
<attribute name="c3145" type="java.lang.String"/>
<attribute name="c3146" type="java.lang.String"/>
<attribute name="c3147" type="java.lang.Boolean"/>
<attribute name="c3148" type="java.lang.String"/>
<attribute name="c3115" type="java.lang.String"/>
<attribute name="c3149" type="java.lang.String"/>
<attribute name="c3150" type="java.lang.Boolean"/>
<attribute name="c3134" type="java.lang.String"/>
<attribute name="c3128" type="java.lang.String"/>
<attribute name="c3135" type="java.lang.String"/>
<attribute name="c3136" type="java.lang.String"/>
<attribute name="c3137" type="java.lang.String"/>
<attribute name="c3138" type="java.lang.String"/>
<attribute name="c3139" type="java.lang.String"/>
<attribute name="c3140" type="java.lang.String"/>
<attribute name="c3141" type="java.lang.String"/>
<attribute name="c3142" type="java.lang.String"/>
</outputs>
<children>
<operator type="DEPENDENT_JOIN" param="1">
<outputs>
<attribute name="c3148" type="java.lang.String"/>
<attribute name="c3115" type="java.lang.String"/>
<attribute name="c3115" type="java.lang.String"/>
<attribute name="c3151" type="java.lang.String"/>
<attribute name="c3152" type="java.lang.String"/>
<attribute name="c3133" type="java.lang.String"/>
<attribute name="c3153" type="java.lang.String"/>
<attribute name="c3154" type="java.lang.String"/>
<attribute name="c3155" type="java.lang.String"/>
<attribute name="c3112" type="java.lang.String"/>
<attribute name="c3113" type="java.lang.String"/>
<attribute name="c3114" type="java.lang.String"/>
<attribute name="c3115" type="java.lang.String"/>
<attribute name="c3116" type="java.lang.String"/>
<attribute name="c3117" type="java.lang.String"/>
<attribute name="c3118" type="java.lang.String"/>
<attribute name="c3119" type="java.lang.String"/>
<attribute name="c3120" type="java.lang.String"/>
<attribute name="c3121" type="java.lang.String"/>
<attribute name="c3122" type="java.lang.String"/>
<attribute name="c3123" type="java.lang.String"/>
<attribute name="c3124" type="java.lang.String"/>
<attribute name="c3125" type="java.lang.String"/>
<attribute name="c3126" type="java.lang.String"/>
<attribute name="c3127" type="java.lang.String"/>
<attribute name="c3128" type="java.lang.String"/>
<attribute name="c3129" type="java.lang.String"/>
<attribute name="c3130" type="java.lang.String"/>
<attribute name="c3131" type="java.lang.String"/>
<attribute name="c3132" type="java.lang.String"/>
<attribute name="c3133" type="java.lang.String"/>
<attribute name="c3143" type="java.lang.Integer"/>
<attribute name="c3144" type="java.lang.String"/>
<attribute name="c3145" type="java.lang.String"/>
<attribute name="c3146" type="java.lang.String"/>
<attribute name="c3147" type="java.lang.Boolean"/>
<attribute name="c3148" type="java.lang.String"/>
<attribute name="c3115" type="java.lang.String"/>
<attribute name="c3149" type="java.lang.String"/>
<attribute name="c3150" type="java.lang.Boolean"/>
</outputs>
<children>
<operator type="DEPENDENT_JOIN" param="5">
<outputs>
<attribute name="c3148" type="java.lang.String"/>
<attribute name="c3115" type="java.lang.String"/>
<attribute name="c3115" type="java.lang.String"/>
<attribute name="c3151" type="java.lang.String"/>
<attribute name="c3152" type="java.lang.String"/>
<attribute name="c3133" type="java.lang.String"/>
<attribute name="c3153" type="java.lang.String"/>
<attribute name="c3154" type="java.lang.String"/>
<attribute name="c3155" type="java.lang.String"/>
<attribute name="c3112" type="java.lang.String"/>
<attribute name="c3113" type="java.lang.String"/>
<attribute name="c3114" type="java.lang.String"/>
<attribute name="c3115" type="java.lang.String"/>
<attribute name="c3116" type="java.lang.String"/>
<attribute name="c3117" type="java.lang.String"/>
<attribute name="c3118" type="java.lang.String"/>
<attribute name="c3119" type="java.lang.String"/>
<attribute name="c3120" type="java.lang.String"/>
<attribute name="c3121" type="java.lang.String"/>
<attribute name="c3122" type="java.lang.String"/>
<attribute name="c3123" type="java.lang.String"/>
<attribute name="c3124" type="java.lang.String"/>
<attribute name="c3125" type="java.lang.String"/>
<attribute name="c3126" type="java.lang.String"/>
<attribute name="c3127" type="java.lang.String"/>
<attribute name="c3128" type="java.lang.String"/>
<attribute name="c3129" type="java.lang.String"/>
<attribute name="c3130" type="java.lang.String"/>
<attribute name="c3131" type="java.lang.String"/>
<attribute name="c3132" type="java.lang.String"/>
<attribute name="c3133" type="java.lang.String"/>
</outputs>
<children>
<operator type="DEPENDENT_JOIN" param="1">
<outputs>
<attribute name="c3148" type="java.lang.String"/>
<attribute name="c3115" type="java.lang.String"/>
<attribute name="c3115" type="java.lang.String"/>
<attribute name="c3151" type="java.lang.String"/>
<attribute name="c3152" type="java.lang.String"/>
<attribute name="c3133" type="java.lang.String"/>
<attribute name="c3153" type="java.lang.String"/>
<attribute name="c3154" type="java.lang.String"/>
<attribute name="c3155" type="java.lang.String"/>
</outputs>
<children>
<operator type="PROJECT">
<outputs>
<attribute name="c3148" type="java.lang.String"/>
<attribute name="c3115" type="java.lang.String"/>
</outputs>
<project>
<attribute name="organismId" type="java.lang.String"/>
<attribute name="organism" type="java.lang.String"/>
</project>
<child>
<operator type="ACCESS" relation="OrganismFree" access-method="reactome_species_1">
<outputs>
<attribute name="organismId" type="java.lang.String"/>
<attribute name="organism" type="java.lang.String"/>
</outputs>
</operator>
</child>
</operator>
<operator type="PROJECT">
<outputs>
<attribute name="c3115" type="java.lang.String"/>
<attribute name="c3151" type="java.lang.String"/>
<attribute name="c3152" type="java.lang.String"/>
<attribute name="c3133" type="java.lang.String"/>
<attribute name="c3153" type="java.lang.String"/>
<attribute name="c3154" type="java.lang.String"/>
<attribute name="c3155" type="java.lang.String"/>
</outputs>
<project>
<attribute name="organism" type="java.lang.String"/>
<attribute name="pref_name" type="java.lang.String"/>
<attribute name="species_group_flag" type="java.lang.String"/>
<attribute name="target_chembl_id" type="java.lang.String"/>
<attribute name="target_component_accession" type="java.lang.String"/>
<attribute name="target_component_id" type="java.lang.String"/>
<attribute name="target_component_type" type="java.lang.String"/>
</project>
<child>
<operator type="SELECT">
<outputs>
<attribute name="organism" type="java.lang.String"/>
<attribute name="pref_name" type="java.lang.String"/>
<attribute name="species_group_flag" type="java.lang.String"/>
<attribute name="target_chembl_id" type="java.lang.String"/>
<attribute name="target_component_accession" type="java.lang.String"/>
<attribute name="target_component_id" type="java.lang.String"/>
<attribute name="target_component_type" type="java.lang.String"/>
<attribute name="target_type" type="java.lang.String"/>
</outputs>
<conjunction>
<predicate type="equality" left="7" value="SINGLE PROTEIN"/>
</conjunction>
<child>
<operator type="ACCESS" relation="TargetLimited" access-method="chembl_target_limited_1">
<outputs>
<attribute name="organism" type="java.lang.String"/>
<attribute name="pref_name" type="java.lang.String"/>
<attribute name="species_group_flag" type="java.lang.String"/>
<attribute name="target_chembl_id" type="java.lang.String"/>
<attribute name="target_component_accession" type="java.lang.String"/>
<attribute name="target_component_id" type="java.lang.String"/>
<attribute name="target_component_type" type="java.lang.String"/>
<attribute name="target_type" type="java.lang.String"/>
</outputs>
</operator>
</child>
</operator>
</child>
</operator>
</children>
</operator>
<operator type="PROJECT">
<outputs>
<attribute name="c3112" type="java.lang.String"/>
<attribute name="c3113" type="java.lang.String"/>
<attribute name="c3114" type="java.lang.String"/>
<attribute name="c3115" type="java.lang.String"/>
<attribute name="c3116" type="java.lang.String"/>
<attribute name="c3117" type="java.lang.String"/>
<attribute name="c3118" type="java.lang.String"/>
<attribute name="c3119" type="java.lang.String"/>
<attribute name="c3120" type="java.lang.String"/>
<attribute name="c3121" type="java.lang.String"/>
<attribute name="c3122" type="java.lang.String"/>
<attribute name="c3123" type="java.lang.String"/>
<attribute name="c3124" type="java.lang.String"/>
<attribute name="c3125" type="java.lang.String"/>
<attribute name="c3126" type="java.lang.String"/>
<attribute name="c3127" type="java.lang.String"/>
<attribute name="c3128" type="java.lang.String"/>
<attribute name="c3129" type="java.lang.String"/>
<attribute name="c3130" type="java.lang.String"/>
<attribute name="c3131" type="java.lang.String"/>
<attribute name="c3132" type="java.lang.String"/>
<attribute name="c3133" type="java.lang.String"/>
</outputs>
<project>
<attribute name="assay_category" type="java.lang.String"/>
<attribute name="assay_cell_type" type="java.lang.String"/>
<attribute name="assay_chembl_id" type="java.lang.String"/>
<attribute name="assay_organism" type="java.lang.String"/>
<attribute name="assay_strain" type="java.lang.String"/>
<attribute name="assay_subcellular_fraction" type="java.lang.String"/>
<attribute name="assay_tax_id" type="java.lang.String"/>
<attribute name="assay_test_type" type="java.lang.String"/>
<attribute name="assay_tissue" type="java.lang.String"/>
<attribute name="assay_type" type="java.lang.String"/>
<attribute name="assay_type_description" type="java.lang.String"/>
<attribute name="bao_format" type="java.lang.String"/>
<attribute name="cell_chembl_id" type="java.lang.String"/>
<attribute name="confidence_description" type="java.lang.String"/>
<attribute name="confidence_score" type="java.lang.String"/>
<attribute name="description" type="java.lang.String"/>
<attribute name="document_chembl_id" type="java.lang.String"/>
<attribute name="relationship_description" type="java.lang.String"/>
<attribute name="relationship_type" type="java.lang.String"/>
<attribute name="src_assay_id" type="java.lang.String"/>
<attribute name="src_id" type="java.lang.String"/>
<attribute name="target_chembl_id" type="java.lang.String"/>
</project>
<child>
<operator type="ACCESS" relation="AssayLimited" access-method="chembl_assay_limited_3">
<outputs>
<attribute name="assay_category" type="java.lang.String"/>
<attribute name="assay_cell_type" type="java.lang.String"/>
<attribute name="assay_chembl_id" type="java.lang.String"/>
<attribute name="assay_organism" type="java.lang.String"/>
<attribute name="assay_strain" type="java.lang.String"/>
<attribute name="assay_subcellular_fraction" type="java.lang.String"/>
<attribute name="assay_tax_id" type="java.lang.String"/>
<attribute name="assay_test_type" type="java.lang.String"/>
<attribute name="assay_tissue" type="java.lang.String"/>
<attribute name="assay_type" type="java.lang.String"/>
<attribute name="assay_type_description" type="java.lang.String"/>
<attribute name="bao_format" type="java.lang.String"/>
<attribute name="cell_chembl_id" type="java.lang.String"/>
<attribute name="confidence_description" type="java.lang.String"/>
<attribute name="confidence_score" type="java.lang.String"/>
<attribute name="description" type="java.lang.String"/>
<attribute name="document_chembl_id" type="java.lang.String"/>
<attribute name="relationship_description" type="java.lang.String"/>
<attribute name="relationship_type" type="java.lang.String"/>
<attribute name="src_assay_id" type="java.lang.String"/>
<attribute name="src_id" type="java.lang.String"/>
<attribute name="target_chembl_id" type="java.lang.String"/>
</outputs>
</operator>
</child>
</operator>
</children>
</operator>
<operator type="PROJECT">
<outputs>
<attribute name="c3143" type="java.lang.Integer"/>
<attribute name="c3144" type="java.lang.String"/>
<attribute name="c3145" type="java.lang.String"/>
<attribute name="c3146" type="java.lang.String"/>
<attribute name="c3147" type="java.lang.Boolean"/>
<attribute name="c3148" type="java.lang.String"/>
<attribute name="c3115" type="java.lang.String"/>
<attribute name="c3149" type="java.lang.String"/>
<attribute name="c3150" type="java.lang.Boolean"/>
</outputs>
<project>
<attribute name="pathwayId" type="java.lang.Integer"/>
<attribute name="pathwayName" type="java.lang.String"/>
<attribute name="stableIdentifier" type="java.lang.String"/>
<attribute name="goBiologicalProcess" type="java.lang.String"/>
<attribute name="isInferred" type="java.lang.Boolean"/>
<attribute name="organismId" type="java.lang.String"/>
<attribute name="organism" type="java.lang.String"/>
<attribute name="doi" type="java.lang.String"/>
<attribute name="hasDiagram" type="java.lang.Boolean"/>
</project>
<child>
<operator type="SELECT">
<outputs>
<attribute name="pathwayId" type="java.lang.Integer"/>
<attribute name="pathwayName" type="java.lang.String"/>
<attribute name="stableIdentifier" type="java.lang.String"/>
<attribute name="goBiologicalProcess" type="java.lang.String"/>
<attribute name="isInDisease" type="java.lang.Boolean"/>
<attribute name="isInferred" type="java.lang.Boolean"/>
<attribute name="organismId" type="java.lang.String"/>
<attribute name="organism" type="java.lang.String"/>
<attribute name="doi" type="java.lang.String"/>
<attribute name="hasDiagram" type="java.lang.Boolean"/>
</outputs>
<conjunction>
<predicate type="equality" left="4" value="true"/>
</conjunction>
<child>
<operator type="ACCESS" relation="PathwayBySpecies" access-method="reactome_pathway_1">
<outputs>
<attribute name="pathwayId" type="java.lang.Integer"/>
<attribute name="pathwayName" type="java.lang.String"/>
<attribute name="stableIdentifier" type="java.lang.String"/>
<attribute name="goBiologicalProcess" type="java.lang.String"/>
<attribute name="isInDisease" type="java.lang.Boolean"/>
<attribute name="isInferred" type="java.lang.Boolean"/>
<attribute name="organismId" type="java.lang.String"/>
<attribute name="organism" type="java.lang.String"/>
<attribute name="doi" type="java.lang.String"/>
<attribute name="hasDiagram" type="java.lang.Boolean"/>
</outputs>
</operator>
</child>
</operator>
</child>
</operator>
</children>
</operator>
<operator type="PROJECT">
<outputs>
<attribute name="c3134" type="java.lang.String"/>
<attribute name="c3128" type="java.lang.String"/>
<attribute name="c3135" type="java.lang.String"/>
<attribute name="c3136" type="java.lang.String"/>
<attribute name="c3137" type="java.lang.String"/>
<attribute name="c3138" type="java.lang.String"/>
<attribute name="c3139" type="java.lang.String"/>
<attribute name="c3140" type="java.lang.String"/>
<attribute name="c3141" type="java.lang.String"/>
<attribute name="c3142" type="java.lang.String"/>
</outputs>
<project>
<attribute name="authors" type="java.lang.String"/>
<attribute name="document_chembl_id" type="java.lang.String"/>
<attribute name="doi" type="java.lang.String"/>
<attribute name="first_page" type="java.lang.String"/>
<attribute name="issue" type="java.lang.String"/>
<attribute name="journal" type="java.lang.String"/>
<attribute name="last_page" type="java.lang.String"/>
<attribute name="pubmed_id" type="java.lang.String"/>
<attribute name="title" type="java.lang.String"/>
<attribute name="volume" type="java.lang.String"/>
</project>
<child>
<operator type="SELECT">
<outputs>
<attribute name="authors" type="java.lang.String"/>
<attribute name="doc_type" type="java.lang.String"/>
<attribute name="document_chembl_id" type="java.lang.String"/>
<attribute name="doi" type="java.lang.String"/>
<attribute name="first_page" type="java.lang.String"/>
<attribute name="issue" type="java.lang.String"/>
<attribute name="journal" type="java.lang.String"/>
<attribute name="last_page" type="java.lang.String"/>
<attribute name="pubmed_id" type="java.lang.String"/>
<attribute name="title" type="java.lang.String"/>
<attribute name="volume" type="java.lang.String"/>
<attribute name="year" type="java.lang.String"/>
</outputs>
<conjunction>
<predicate type="equality" left="1" value="PUBLICATION"/>
<predicate type="equality" left="11" value="2007"/>
</conjunction>
<child>
<operator type="ACCESS" relation="DocumentLimited" access-method="chembl_document_limited">
<outputs>
<attribute name="authors" type="java.lang.String"/>
<attribute name="doc_type" type="java.lang.String"/>
<attribute name="document_chembl_id" type="java.lang.String"/>
<attribute name="doi" type="java.lang.String"/>
<attribute name="first_page" type="java.lang.String"/>
<attribute name="issue" type="java.lang.String"/>
<attribute name="journal" type="java.lang.String"/>
<attribute name="last_page" type="java.lang.String"/>
<attribute name="pubmed_id" type="java.lang.String"/>
<attribute name="title" type="java.lang.String"/>
<attribute name="volume" type="java.lang.String"/>
<attribute name="year" type="java.lang.String"/>
</outputs>
</operator>
</child>
</operator>
</child>
</operator>
</children>
</operator>
</plan>
