<?xml version="1.0" encoding="UTF-8"?>
<plan type="dag" cost="3.7583048350912355E7" control-flow="TOP_DOWN">
<operator type="PROJECT">
<outputs>
<attribute name="c2740" type="java.lang.String"/>
<attribute name="c2741" type="java.lang.String"/>
<attribute name="c2742" type="java.lang.String"/>
<attribute name="c2743" type="java.lang.String"/>
<attribute name="c2744" type="java.lang.String"/>
<attribute name="c2745" type="java.lang.String"/>
<attribute name="c2746" type="java.lang.String"/>
<attribute name="c2747" type="java.lang.String"/>
<attribute name="c2748" type="java.lang.String"/>
<attribute name="c2749" type="java.lang.String"/>
<attribute name="c2761" type="java.lang.String"/>
<attribute name="c2762" type="java.lang.String"/>
<attribute name="c2763" type="java.lang.String"/>
<attribute name="c2764" type="java.lang.String"/>
<attribute name="c2765" type="java.lang.String"/>
<attribute name="c2766" type="java.lang.String"/>
<attribute name="c2767" type="java.lang.String"/>
<attribute name="c2768" type="java.lang.String"/>
<attribute name="c2769" type="java.lang.String"/>
<attribute name="c2773" type="java.lang.String"/>
<attribute name="c2755" type="java.lang.String"/>
<attribute name="c2774" type="java.lang.String"/>
<attribute name="c2743" type="java.lang.String"/>
<attribute name="c2782" type="java.lang.String"/>
<attribute name="c2783" type="java.lang.String"/>
<attribute name="c2760" type="java.lang.String"/>
<attribute name="c2784" type="java.lang.String"/>
<attribute name="c2785" type="java.lang.String"/>
<attribute name="c2786" type="java.lang.String"/>
</outputs>
<project>
<attribute name="c2740" type="java.lang.String"/>
<attribute name="c2741" type="java.lang.String"/>
<attribute name="c2742" type="java.lang.String"/>
<attribute name="c2743" type="java.lang.String"/>
<attribute name="c2744" type="java.lang.String"/>
<attribute name="c2745" type="java.lang.String"/>
<attribute name="c2746" type="java.lang.String"/>
<attribute name="c2747" type="java.lang.String"/>
<attribute name="c2748" type="java.lang.String"/>
<attribute name="c2749" type="java.lang.String"/>
<attribute name="c2761" type="java.lang.String"/>
<attribute name="c2762" type="java.lang.String"/>
<attribute name="c2763" type="java.lang.String"/>
<attribute name="c2764" type="java.lang.String"/>
<attribute name="c2765" type="java.lang.String"/>
<attribute name="c2766" type="java.lang.String"/>
<attribute name="c2767" type="java.lang.String"/>
<attribute name="c2768" type="java.lang.String"/>
<attribute name="c2769" type="java.lang.String"/>
<attribute name="c2773" type="java.lang.String"/>
<attribute name="c2755" type="java.lang.String"/>
<attribute name="c2774" type="java.lang.String"/>
<attribute name="c2743" type="java.lang.String"/>
<attribute name="c2782" type="java.lang.String"/>
<attribute name="c2783" type="java.lang.String"/>
<attribute name="c2760" type="java.lang.String"/>
<attribute name="c2784" type="java.lang.String"/>
<attribute name="c2785" type="java.lang.String"/>
<attribute name="c2786" type="java.lang.String"/>
</project>
<child>
<operator type="JOIN" variant="SYMMETRIC_HASH">
<outputs>
<attribute name="c2740" type="java.lang.String"/>
<attribute name="c2741" type="java.lang.String"/>
<attribute name="c2742" type="java.lang.String"/>
<attribute name="c2743" type="java.lang.String"/>
<attribute name="c2744" type="java.lang.String"/>
<attribute name="c2745" type="java.lang.String"/>
<attribute name="c2746" type="java.lang.String"/>
<attribute name="c2747" type="java.lang.String"/>
<attribute name="c2748" type="java.lang.String"/>
<attribute name="c2749" type="java.lang.String"/>
<attribute name="c2750" type="java.lang.String"/>
<attribute name="c2751" type="java.lang.String"/>
<attribute name="c2752" type="java.lang.String"/>
<attribute name="c2753" type="java.lang.String"/>
<attribute name="c2754" type="java.lang.String"/>
<attribute name="c2755" type="java.lang.String"/>
<attribute name="c2756" type="java.lang.String"/>
<attribute name="c2757" type="java.lang.String"/>
<attribute name="c2758" type="java.lang.String"/>
<attribute name="c2759" type="java.lang.String"/>
<attribute name="c2760" type="java.lang.String"/>
<attribute name="c2773" type="java.lang.String"/>
<attribute name="c2755" type="java.lang.String"/>
<attribute name="c2774" type="java.lang.String"/>
<attribute name="c2775" type="java.lang.String"/>
<attribute name="c2776" type="java.lang.String"/>
<attribute name="c2777" type="java.lang.String"/>
<attribute name="c2778" type="java.lang.String"/>
<attribute name="c2772" type="java.lang.String"/>
<attribute name="c2779" type="java.lang.String"/>
<attribute name="c2780" type="java.lang.String"/>
<attribute name="c2781" type="java.lang.String"/>
<attribute name="c2761" type="java.lang.String"/>
<attribute name="c2762" type="java.lang.String"/>
<attribute name="c2763" type="java.lang.String"/>
<attribute name="c2764" type="java.lang.String"/>
<attribute name="c2765" type="java.lang.String"/>
<attribute name="c2766" type="java.lang.String"/>
<attribute name="c2767" type="java.lang.String"/>
<attribute name="c2768" type="java.lang.String"/>
<attribute name="c2769" type="java.lang.String"/>
<attribute name="c2770" type="java.lang.String"/>
<attribute name="c2771" type="java.lang.String"/>
<attribute name="c2772" type="java.lang.String"/>
<attribute name="c2743" type="java.lang.String"/>
<attribute name="c2782" type="java.lang.String"/>
<attribute name="c2783" type="java.lang.String"/>
<attribute name="c2760" type="java.lang.String"/>
<attribute name="c2784" type="java.lang.String"/>
<attribute name="c2785" type="java.lang.String"/>
<attribute name="c2786" type="java.lang.String"/>
</outputs>
<conjunction>
<predicate type="equality" left="3" right="44"/>
<predicate type="equality" left="20" right="47"/>
</conjunction>
<children>
<operator type="DEPENDENT_JOIN" param="28">
<outputs>
<attribute name="c2740" type="java.lang.String"/>
<attribute name="c2741" type="java.lang.String"/>
<attribute name="c2742" type="java.lang.String"/>
<attribute name="c2743" type="java.lang.String"/>
<attribute name="c2744" type="java.lang.String"/>
<attribute name="c2745" type="java.lang.String"/>
<attribute name="c2746" type="java.lang.String"/>
<attribute name="c2747" type="java.lang.String"/>
<attribute name="c2748" type="java.lang.String"/>
<attribute name="c2749" type="java.lang.String"/>
<attribute name="c2750" type="java.lang.String"/>
<attribute name="c2751" type="java.lang.String"/>
<attribute name="c2752" type="java.lang.String"/>
<attribute name="c2753" type="java.lang.String"/>
<attribute name="c2754" type="java.lang.String"/>
<attribute name="c2755" type="java.lang.String"/>
<attribute name="c2756" type="java.lang.String"/>
<attribute name="c2757" type="java.lang.String"/>
<attribute name="c2758" type="java.lang.String"/>
<attribute name="c2759" type="java.lang.String"/>
<attribute name="c2760" type="java.lang.String"/>
<attribute name="c2773" type="java.lang.String"/>
<attribute name="c2755" type="java.lang.String"/>
<attribute name="c2774" type="java.lang.String"/>
<attribute name="c2775" type="java.lang.String"/>
<attribute name="c2776" type="java.lang.String"/>
<attribute name="c2777" type="java.lang.String"/>
<attribute name="c2778" type="java.lang.String"/>
<attribute name="c2772" type="java.lang.String"/>
<attribute name="c2779" type="java.lang.String"/>
<attribute name="c2780" type="java.lang.String"/>
<attribute name="c2781" type="java.lang.String"/>
<attribute name="c2761" type="java.lang.String"/>
<attribute name="c2762" type="java.lang.String"/>
<attribute name="c2763" type="java.lang.String"/>
<attribute name="c2764" type="java.lang.String"/>
<attribute name="c2765" type="java.lang.String"/>
<attribute name="c2766" type="java.lang.String"/>
<attribute name="c2767" type="java.lang.String"/>
<attribute name="c2768" type="java.lang.String"/>
<attribute name="c2769" type="java.lang.String"/>
<attribute name="c2770" type="java.lang.String"/>
<attribute name="c2771" type="java.lang.String"/>
<attribute name="c2772" type="java.lang.String"/>
</outputs>
<children>
<operator type="DEPENDENT_JOIN" param="15">
<outputs>
<attribute name="c2740" type="java.lang.String"/>
<attribute name="c2741" type="java.lang.String"/>
<attribute name="c2742" type="java.lang.String"/>
<attribute name="c2743" type="java.lang.String"/>
<attribute name="c2744" type="java.lang.String"/>
<attribute name="c2745" type="java.lang.String"/>
<attribute name="c2746" type="java.lang.String"/>
<attribute name="c2747" type="java.lang.String"/>
<attribute name="c2748" type="java.lang.String"/>
<attribute name="c2749" type="java.lang.String"/>
<attribute name="c2750" type="java.lang.String"/>
<attribute name="c2751" type="java.lang.String"/>
<attribute name="c2752" type="java.lang.String"/>
<attribute name="c2753" type="java.lang.String"/>
<attribute name="c2754" type="java.lang.String"/>
<attribute name="c2755" type="java.lang.String"/>
<attribute name="c2756" type="java.lang.String"/>
<attribute name="c2757" type="java.lang.String"/>
<attribute name="c2758" type="java.lang.String"/>
<attribute name="c2759" type="java.lang.String"/>
<attribute name="c2760" type="java.lang.String"/>
<attribute name="c2773" type="java.lang.String"/>
<attribute name="c2755" type="java.lang.String"/>
<attribute name="c2774" type="java.lang.String"/>
<attribute name="c2775" type="java.lang.String"/>
<attribute name="c2776" type="java.lang.String"/>
<attribute name="c2777" type="java.lang.String"/>
<attribute name="c2778" type="java.lang.String"/>
<attribute name="c2772" type="java.lang.String"/>
<attribute name="c2779" type="java.lang.String"/>
<attribute name="c2780" type="java.lang.String"/>
<attribute name="c2781" type="java.lang.String"/>
</outputs>
<children>
<operator type="PROJECT">
<outputs>
<attribute name="c2740" type="java.lang.String"/>
<attribute name="c2741" type="java.lang.String"/>
<attribute name="c2742" type="java.lang.String"/>
<attribute name="c2743" type="java.lang.String"/>
<attribute name="c2744" type="java.lang.String"/>
<attribute name="c2745" type="java.lang.String"/>
<attribute name="c2746" type="java.lang.String"/>
<attribute name="c2747" type="java.lang.String"/>
<attribute name="c2748" type="java.lang.String"/>
<attribute name="c2749" type="java.lang.String"/>
<attribute name="c2750" type="java.lang.String"/>
<attribute name="c2751" type="java.lang.String"/>
<attribute name="c2752" type="java.lang.String"/>
<attribute name="c2753" type="java.lang.String"/>
<attribute name="c2754" type="java.lang.String"/>
<attribute name="c2755" type="java.lang.String"/>
<attribute name="c2756" type="java.lang.String"/>
<attribute name="c2757" type="java.lang.String"/>
<attribute name="c2758" type="java.lang.String"/>
<attribute name="c2759" type="java.lang.String"/>
<attribute name="c2760" type="java.lang.String"/>
</outputs>
<project>
<attribute name="assay_category" type="java.lang.String"/>
<attribute name="assay_cell_type" type="java.lang.String"/>
<attribute name="assay_chembl_id" type="java.lang.String"/>
<attribute name="assay_organism" type="java.lang.String"/>
<attribute name="assay_strain" type="java.lang.String"/>
<attribute name="assay_subcellular_fraction" type="java.lang.String"/>
<attribute name="assay_tax_id" type="java.lang.String"/>
<attribute name="assay_test_type" type="java.lang.String"/>
<attribute name="assay_type" type="java.lang.String"/>
<attribute name="assay_type_description" type="java.lang.String"/>
<attribute name="bao_format" type="java.lang.String"/>
<attribute name="cell_chembl_id" type="java.lang.String"/>
<attribute name="confidence_description" type="java.lang.String"/>
<attribute name="confidence_score" type="java.lang.String"/>
<attribute name="description" type="java.lang.String"/>
<attribute name="document_chembl_id" type="java.lang.String"/>
<attribute name="relationship_description" type="java.lang.String"/>
<attribute name="relationship_type" type="java.lang.String"/>
<attribute name="src_assay_id" type="java.lang.String"/>
<attribute name="src_id" type="java.lang.String"/>
<attribute name="target_chembl_id" type="java.lang.String"/>
</project>
<child>
<operator type="SELECT">
<outputs>
<attribute name="assay_category" type="java.lang.String"/>
<attribute name="assay_cell_type" type="java.lang.String"/>
<attribute name="assay_chembl_id" type="java.lang.String"/>
<attribute name="assay_organism" type="java.lang.String"/>
<attribute name="assay_strain" type="java.lang.String"/>
<attribute name="assay_subcellular_fraction" type="java.lang.String"/>
<attribute name="assay_tax_id" type="java.lang.String"/>
<attribute name="assay_test_type" type="java.lang.String"/>
<attribute name="assay_tissue" type="java.lang.String"/>
<attribute name="assay_type" type="java.lang.String"/>
<attribute name="assay_type_description" type="java.lang.String"/>
<attribute name="bao_format" type="java.lang.String"/>
<attribute name="cell_chembl_id" type="java.lang.String"/>
<attribute name="confidence_description" type="java.lang.String"/>
<attribute name="confidence_score" type="java.lang.String"/>
<attribute name="description" type="java.lang.String"/>
<attribute name="document_chembl_id" type="java.lang.String"/>
<attribute name="relationship_description" type="java.lang.String"/>
<attribute name="relationship_type" type="java.lang.String"/>
<attribute name="src_assay_id" type="java.lang.String"/>
<attribute name="src_id" type="java.lang.String"/>
<attribute name="target_chembl_id" type="java.lang.String"/>
</outputs>
<conjunction>
<predicate type="equality" left="8" value="Liver"/>
</conjunction>
<child>
<operator type="ACCESS" relation="AssayFree" access-method="chembl_assay_free">
<outputs>
<attribute name="assay_category" type="java.lang.String"/>
<attribute name="assay_cell_type" type="java.lang.String"/>
<attribute name="assay_chembl_id" type="java.lang.String"/>
<attribute name="assay_organism" type="java.lang.String"/>
<attribute name="assay_strain" type="java.lang.String"/>
<attribute name="assay_subcellular_fraction" type="java.lang.String"/>
<attribute name="assay_tax_id" type="java.lang.String"/>
<attribute name="assay_test_type" type="java.lang.String"/>
<attribute name="assay_tissue" type="java.lang.String"/>
<attribute name="assay_type" type="java.lang.String"/>
<attribute name="assay_type_description" type="java.lang.String"/>
<attribute name="bao_format" type="java.lang.String"/>
<attribute name="cell_chembl_id" type="java.lang.String"/>
<attribute name="confidence_description" type="java.lang.String"/>
<attribute name="confidence_score" type="java.lang.String"/>
<attribute name="description" type="java.lang.String"/>
<attribute name="document_chembl_id" type="java.lang.String"/>
<attribute name="relationship_description" type="java.lang.String"/>
<attribute name="relationship_type" type="java.lang.String"/>
<attribute name="src_assay_id" type="java.lang.String"/>
<attribute name="src_id" type="java.lang.String"/>
<attribute name="target_chembl_id" type="java.lang.String"/>
</outputs>
</operator>
</child>
</operator>
</child>
</operator>
<operator type="PROJECT">
<outputs>
<attribute name="c2773" type="java.lang.String"/>
<attribute name="c2755" type="java.lang.String"/>
<attribute name="c2774" type="java.lang.String"/>
<attribute name="c2775" type="java.lang.String"/>
<attribute name="c2776" type="java.lang.String"/>
<attribute name="c2777" type="java.lang.String"/>
<attribute name="c2778" type="java.lang.String"/>
<attribute name="c2772" type="java.lang.String"/>
<attribute name="c2779" type="java.lang.String"/>
<attribute name="c2780" type="java.lang.String"/>
<attribute name="c2781" type="java.lang.String"/>
</outputs>
<project>
<attribute name="authors" type="java.lang.String"/>
<attribute name="document_chembl_id" type="java.lang.String"/>
<attribute name="doi" type="java.lang.String"/>
<attribute name="first_page" type="java.lang.String"/>
<attribute name="issue" type="java.lang.String"/>
<attribute name="journal" type="java.lang.String"/>
<attribute name="last_page" type="java.lang.String"/>
<attribute name="pubmed_id" type="java.lang.String"/>
<attribute name="title" type="java.lang.String"/>
<attribute name="volume" type="java.lang.String"/>
<attribute name="year" type="java.lang.String"/>
</project>
<child>
<operator type="SELECT">
<outputs>
<attribute name="authors" type="java.lang.String"/>
<attribute name="doc_type" type="java.lang.String"/>
<attribute name="document_chembl_id" type="java.lang.String"/>
<attribute name="doi" type="java.lang.String"/>
<attribute name="first_page" type="java.lang.String"/>
<attribute name="issue" type="java.lang.String"/>
<attribute name="journal" type="java.lang.String"/>
<attribute name="last_page" type="java.lang.String"/>
<attribute name="pubmed_id" type="java.lang.String"/>
<attribute name="title" type="java.lang.String"/>
<attribute name="volume" type="java.lang.String"/>
<attribute name="year" type="java.lang.String"/>
</outputs>
<conjunction>
<predicate type="equality" left="1" value="PUBLICATION"/>
</conjunction>
<child>
<operator type="ACCESS" relation="DocumentLimited" access-method="chembl_document_limited">
<outputs>
<attribute name="authors" type="java.lang.String"/>
<attribute name="doc_type" type="java.lang.String"/>
<attribute name="document_chembl_id" type="java.lang.String"/>
<attribute name="doi" type="java.lang.String"/>
<attribute name="first_page" type="java.lang.String"/>
<attribute name="issue" type="java.lang.String"/>
<attribute name="journal" type="java.lang.String"/>
<attribute name="last_page" type="java.lang.String"/>
<attribute name="pubmed_id" type="java.lang.String"/>
<attribute name="title" type="java.lang.String"/>
<attribute name="volume" type="java.lang.String"/>
<attribute name="year" type="java.lang.String"/>
</outputs>
</operator>
</child>
</operator>
</child>
</operator>
</children>
</operator>
<operator type="PROJECT">
<outputs>
<attribute name="c2761" type="java.lang.String"/>
<attribute name="c2762" type="java.lang.String"/>
<attribute name="c2763" type="java.lang.String"/>
<attribute name="c2764" type="java.lang.String"/>
<attribute name="c2765" type="java.lang.String"/>
<attribute name="c2766" type="java.lang.String"/>
<attribute name="c2767" type="java.lang.String"/>
<attribute name="c2768" type="java.lang.String"/>
<attribute name="c2769" type="java.lang.String"/>
<attribute name="c2770" type="java.lang.String"/>
<attribute name="c2771" type="java.lang.String"/>
<attribute name="c2772" type="java.lang.String"/>
</outputs>
<project>
<attribute name="id" type="java.lang.String"/>
<attribute name="source" type="java.lang.String"/>
<attribute name="citationType" type="java.lang.String"/>
<attribute name="title" type="java.lang.String"/>
<attribute name="authorString" type="java.lang.String"/>
<attribute name="journalAbbreviation" type="java.lang.String"/>
<attribute name="pubYear" type="java.lang.String"/>
<attribute name="volume" type="java.lang.String"/>
<attribute name="issue" type="java.lang.String"/>
<attribute name="pageInfo" type="java.lang.String"/>
<attribute name="citedByCount" type="java.lang.String"/>
<attribute name="ext_id" type="java.lang.String"/>
</project>
<child>
<operator type="SELECT">
<outputs>
<attribute name="id" type="java.lang.String"/>
<attribute name="source" type="java.lang.String"/>
<attribute name="citationType" type="java.lang.String"/>
<attribute name="title" type="java.lang.String"/>
<attribute name="authorString" type="java.lang.String"/>
<attribute name="journalAbbreviation" type="java.lang.String"/>
<attribute name="pubYear" type="java.lang.String"/>
<attribute name="volume" type="java.lang.String"/>
<attribute name="issue" type="java.lang.String"/>
<attribute name="pageInfo" type="java.lang.String"/>
<attribute name="citedByCount" type="java.lang.String"/>
<attribute name="src" type="java.lang.String"/>
<attribute name="ext_id" type="java.lang.String"/>
</outputs>
<conjunction>
<predicate type="equality" left="11" value="MED"/>
</conjunction>
<child>
<operator type="ACCESS" relation="Citation" access-method="pubmed_citation_1">
<outputs>
<attribute name="id" type="java.lang.String"/>
<attribute name="source" type="java.lang.String"/>
<attribute name="citationType" type="java.lang.String"/>
<attribute name="title" type="java.lang.String"/>
<attribute name="authorString" type="java.lang.String"/>
<attribute name="journalAbbreviation" type="java.lang.String"/>
<attribute name="pubYear" type="java.lang.String"/>
<attribute name="volume" type="java.lang.String"/>
<attribute name="issue" type="java.lang.String"/>
<attribute name="pageInfo" type="java.lang.String"/>
<attribute name="citedByCount" type="java.lang.String"/>
<attribute name="src" type="java.lang.String"/>
<attribute name="ext_id" type="java.lang.String"/>
</outputs>
<static-input>
<input attribute="11" value="MED" type="java.lang.String"/>
</static-input>
</operator>
</child>
</operator>
</child>
</operator>
</children>
</operator>
<operator type="PROJECT">
<outputs>
<attribute name="c2743" type="java.lang.String"/>
<attribute name="c2782" type="java.lang.String"/>
<attribute name="c2783" type="java.lang.String"/>
<attribute name="c2760" type="java.lang.String"/>
<attribute name="c2784" type="java.lang.String"/>
<attribute name="c2785" type="java.lang.String"/>
<attribute name="c2786" type="java.lang.String"/>
</outputs>
<project>
<attribute name="organism" type="java.lang.String"/>
<attribute name="pref_name" type="java.lang.String"/>
<attribute name="species_group_flag" type="java.lang.String"/>
<attribute name="target_chembl_id" type="java.lang.String"/>
<attribute name="target_component_accession" type="java.lang.String"/>
<attribute name="target_component_id" type="java.lang.String"/>
<attribute name="target_component_type" type="java.lang.String"/>
</project>
<child>
<operator type="SELECT">
<outputs>
<attribute name="organism" type="java.lang.String"/>
<attribute name="pref_name" type="java.lang.String"/>
<attribute name="species_group_flag" type="java.lang.String"/>
<attribute name="target_chembl_id" type="java.lang.String"/>
<attribute name="target_component_accession" type="java.lang.String"/>
<attribute name="target_component_id" type="java.lang.String"/>
<attribute name="target_component_type" type="java.lang.String"/>
<attribute name="target_type" type="java.lang.String"/>
</outputs>
<conjunction>
<predicate type="equality" left="7" value="SINGLE PROTEIN"/>
</conjunction>
<child>
<operator type="ACCESS" relation="TargetFree" access-method="chembl_target_free">
<outputs>
<attribute name="organism" type="java.lang.String"/>
<attribute name="pref_name" type="java.lang.String"/>
<attribute name="species_group_flag" type="java.lang.String"/>
<attribute name="target_chembl_id" type="java.lang.String"/>
<attribute name="target_component_accession" type="java.lang.String"/>
<attribute name="target_component_id" type="java.lang.String"/>
<attribute name="target_component_type" type="java.lang.String"/>
<attribute name="target_type" type="java.lang.String"/>
</outputs>
</operator>
</child>
</operator>
</child>
</operator>
</children>
</operator>
</child>
</operator>
</plan>
