<?xml version="1.0" encoding="UTF-8"?>
<plan type="linear" cost="47.29" control-flow="BOTTOM_UP">
<command name="T1">
<operator type="PROJECT">
<outputs>
<attribute name="c5280" type="java.lang.Integer"/>
<attribute name="c5282" type="java.lang.String"/>
<attribute name="c5283" type="java.lang.String"/>
</outputs>
<project>
<attribute name="r_regionkey" type="java.lang.Integer"/>
<attribute name="r_name" type="java.lang.String"/>
<attribute name="r_comment" type="java.lang.String"/>
</project>
<child>
<operator type="ACCESS" relation="region" access-method="m12">
<outputs>
<attribute name="r_regionkey" type="java.lang.Integer"/>
<attribute name="r_name" type="java.lang.String"/>
<attribute name="r_comment" type="java.lang.String"/>
</outputs>
</operator>
</child>
</operator>
</command>
<command name="T2">
<operator type="CROSS_PRODUCT">
<outputs>
<attribute name="c5280" type="java.lang.Integer"/>
<attribute name="c5282" type="java.lang.String"/>
<attribute name="c5283" type="java.lang.String"/>
<attribute name="c5269" type="java.lang.Integer"/>
<attribute name="c5273" type="java.lang.String"/>
<attribute name="c5274" type="java.lang.String"/>
<attribute name="c5275" type="java.lang.Integer"/>
<attribute name="c5276" type="java.lang.String"/>
<attribute name="c5277" type="java.math.BigDecimal"/>
<attribute name="c5278" type="java.lang.String"/>
</outputs>
<children>
<operator type="ALIAS" name="T1"/>
<operator type="PROJECT">
<outputs>
<attribute name="c5269" type="java.lang.Integer"/>
<attribute name="c5273" type="java.lang.String"/>
<attribute name="c5274" type="java.lang.String"/>
<attribute name="c5275" type="java.lang.Integer"/>
<attribute name="c5276" type="java.lang.String"/>
<attribute name="c5277" type="java.math.BigDecimal"/>
<attribute name="c5278" type="java.lang.String"/>
</outputs>
<project>
<attribute name="s_suppkey" type="java.lang.Integer"/>
<attribute name="s_name" type="java.lang.String"/>
<attribute name="s_address" type="java.lang.String"/>
<attribute name="s_nationkey" type="java.lang.Integer"/>
<attribute name="s_phone" type="java.lang.String"/>
<attribute name="s_acctbal" type="java.math.BigDecimal"/>
<attribute name="s_comment" type="java.lang.String"/>
</project>
<child>
<operator type="ACCESS" relation="supplier" access-method="m6">
<outputs>
<attribute name="s_suppkey" type="java.lang.Integer"/>
<attribute name="s_name" type="java.lang.String"/>
<attribute name="s_address" type="java.lang.String"/>
<attribute name="s_nationkey" type="java.lang.Integer"/>
<attribute name="s_phone" type="java.lang.String"/>
<attribute name="s_acctbal" type="java.math.BigDecimal"/>
<attribute name="s_comment" type="java.lang.String"/>
</outputs>
</operator>
</child>
</operator>
</children>
</operator>
</command>
<command name="T3">
<operator type="JOIN" variant="SYMMETRIC_HASH">
<outputs>
<attribute name="c5280" type="java.lang.Integer"/>
<attribute name="c5282" type="java.lang.String"/>
<attribute name="c5283" type="java.lang.String"/>
<attribute name="c5269" type="java.lang.Integer"/>
<attribute name="c5273" type="java.lang.String"/>
<attribute name="c5274" type="java.lang.String"/>
<attribute name="c5275" type="java.lang.Integer"/>
<attribute name="c5276" type="java.lang.String"/>
<attribute name="c5277" type="java.math.BigDecimal"/>
<attribute name="c5278" type="java.lang.String"/>
<attribute name="c5275" type="java.lang.Integer"/>
<attribute name="c5279" type="java.lang.String"/>
<attribute name="c5280" type="java.lang.Integer"/>
<attribute name="c5281" type="java.lang.String"/>
</outputs>
<conjunction>
<predicate type="equality" left="0" right="12"/>
<predicate type="equality" left="6" right="10"/>
</conjunction>
<children>
<operator type="ALIAS" name="T2"/>
<operator type="PROJECT">
<outputs>
<attribute name="c5275" type="java.lang.Integer"/>
<attribute name="c5279" type="java.lang.String"/>
<attribute name="c5280" type="java.lang.Integer"/>
<attribute name="c5281" type="java.lang.String"/>
</outputs>
<project>
<attribute name="n_nationkey" type="java.lang.Integer"/>
<attribute name="n_name" type="java.lang.String"/>
<attribute name="n_regionkey" type="java.lang.Integer"/>
<attribute name="n_comment" type="java.lang.String"/>
</project>
<child>
<operator type="ACCESS" relation="nation" access-method="m10">
<outputs>
<attribute name="n_nationkey" type="java.lang.Integer"/>
<attribute name="n_name" type="java.lang.String"/>
<attribute name="n_regionkey" type="java.lang.Integer"/>
<attribute name="n_comment" type="java.lang.String"/>
</outputs>
</operator>
</child>
</operator>
</children>
</operator>
</command>
<command name="T4">
<operator type="PROJECT">
<outputs>
<attribute name="c5282" type="java.lang.String"/>
<attribute name="c5271" type="java.math.BigDecimal"/>
<attribute name="c5278" type="java.lang.String"/>
<attribute name="c5272" type="java.lang.String"/>
</outputs>
<project>
<attribute name="c5282" type="java.lang.String"/>
<attribute name="c5271" type="java.math.BigDecimal"/>
<attribute name="c5278" type="java.lang.String"/>
<attribute name="c5272" type="java.lang.String"/>
</project>
<child>
<operator type="JOIN" variant="SYMMETRIC_HASH">
<outputs>
<attribute name="c5280" type="java.lang.Integer"/>
<attribute name="c5282" type="java.lang.String"/>
<attribute name="c5283" type="java.lang.String"/>
<attribute name="c5269" type="java.lang.Integer"/>
<attribute name="c5273" type="java.lang.String"/>
<attribute name="c5274" type="java.lang.String"/>
<attribute name="c5275" type="java.lang.Integer"/>
<attribute name="c5276" type="java.lang.String"/>
<attribute name="c5277" type="java.math.BigDecimal"/>
<attribute name="c5278" type="java.lang.String"/>
<attribute name="c5275" type="java.lang.Integer"/>
<attribute name="c5279" type="java.lang.String"/>
<attribute name="c5280" type="java.lang.Integer"/>
<attribute name="c5281" type="java.lang.String"/>
<attribute name="c5268" type="java.lang.Integer"/>
<attribute name="c5269" type="java.lang.Integer"/>
<attribute name="c5270" type="java.lang.Integer"/>
<attribute name="c5271" type="java.math.BigDecimal"/>
<attribute name="c5272" type="java.lang.String"/>
</outputs>
<conjunction>
<predicate type="equality" left="3" right="15"/>
</conjunction>
<children>
<operator type="ALIAS" name="T3"/>
<operator type="PROJECT">
<outputs>
<attribute name="c5268" type="java.lang.Integer"/>
<attribute name="c5269" type="java.lang.Integer"/>
<attribute name="c5270" type="java.lang.Integer"/>
<attribute name="c5271" type="java.math.BigDecimal"/>
<attribute name="c5272" type="java.lang.String"/>
</outputs>
<project>
<attribute name="ps_partkey" type="java.lang.Integer"/>
<attribute name="ps_suppkey" type="java.lang.Integer"/>
<attribute name="ps_availqty" type="java.lang.Integer"/>
<attribute name="ps_supplycost" type="java.math.BigDecimal"/>
<attribute name="ps_comment" type="java.lang.String"/>
</project>
<child>
<operator type="ACCESS" relation="partsupp" access-method="m8">
<outputs>
<attribute name="ps_partkey" type="java.lang.Integer"/>
<attribute name="ps_suppkey" type="java.lang.Integer"/>
<attribute name="ps_availqty" type="java.lang.Integer"/>
<attribute name="ps_supplycost" type="java.math.BigDecimal"/>
<attribute name="ps_comment" type="java.lang.String"/>
</outputs>
</operator>
</child>
</operator>
</children>
</operator>
</child>
</operator>
</command>
</plan>
