<?xml version="1.0" encoding="UTF-8"?>
<plan type="linear" cost="42.12" control-flow="BOTTOM_UP">
<command name="T1">
<operator type="PROJECT">
<outputs>
<attribute name="c5151" type="java.lang.Integer"/>
<attribute name="c5156" type="java.lang.String"/>
<attribute name="c5157" type="java.lang.String"/>
<attribute name="c5158" type="java.lang.String"/>
<attribute name="c5159" type="java.lang.String"/>
<attribute name="c5160" type="java.lang.Integer"/>
<attribute name="c5161" type="java.lang.String"/>
<attribute name="c5162" type="java.math.BigDecimal"/>
<attribute name="c5163" type="java.lang.String"/>
</outputs>
<project>
<attribute name="p_partkey" type="java.lang.Integer"/>
<attribute name="p_name" type="java.lang.String"/>
<attribute name="p_mfgr" type="java.lang.String"/>
<attribute name="p_brand" type="java.lang.String"/>
<attribute name="p_type" type="java.lang.String"/>
<attribute name="p_size" type="java.lang.Integer"/>
<attribute name="p_container" type="java.lang.String"/>
<attribute name="p_retailprice" type="java.math.BigDecimal"/>
<attribute name="p_comment" type="java.lang.String"/>
</project>
<child>
<operator type="ACCESS" relation="part" access-method="m4">
<outputs>
<attribute name="p_partkey" type="java.lang.Integer"/>
<attribute name="p_name" type="java.lang.String"/>
<attribute name="p_mfgr" type="java.lang.String"/>
<attribute name="p_brand" type="java.lang.String"/>
<attribute name="p_type" type="java.lang.String"/>
<attribute name="p_size" type="java.lang.Integer"/>
<attribute name="p_container" type="java.lang.String"/>
<attribute name="p_retailprice" type="java.math.BigDecimal"/>
<attribute name="p_comment" type="java.lang.String"/>
</outputs>
</operator>
</child>
</operator>
</command>
<command name="T2">
<operator type="PROJECT">
<outputs>
<attribute name="c5158" type="java.lang.String"/>
<attribute name="c5160" type="java.lang.Integer"/>
<attribute name="c5163" type="java.lang.String"/>
</outputs>
<project>
<attribute name="c5158" type="java.lang.String"/>
<attribute name="c5160" type="java.lang.Integer"/>
<attribute name="c5163" type="java.lang.String"/>
</project>
<child>
<operator type="JOIN" variant="SYMMETRIC_HASH">
<outputs>
<attribute name="c5151" type="java.lang.Integer"/>
<attribute name="c5156" type="java.lang.String"/>
<attribute name="c5157" type="java.lang.String"/>
<attribute name="c5158" type="java.lang.String"/>
<attribute name="c5159" type="java.lang.String"/>
<attribute name="c5160" type="java.lang.Integer"/>
<attribute name="c5161" type="java.lang.String"/>
<attribute name="c5162" type="java.math.BigDecimal"/>
<attribute name="c5163" type="java.lang.String"/>
<attribute name="c5151" type="java.lang.Integer"/>
<attribute name="c5152" type="java.lang.Integer"/>
<attribute name="c5153" type="java.lang.Integer"/>
<attribute name="c5154" type="java.math.BigDecimal"/>
<attribute name="c5155" type="java.lang.String"/>
</outputs>
<conjunction>
<predicate type="equality" left="0" right="9"/>
</conjunction>
<children>
<operator type="ALIAS" name="T1"/>
<operator type="PROJECT">
<outputs>
<attribute name="c5151" type="java.lang.Integer"/>
<attribute name="c5152" type="java.lang.Integer"/>
<attribute name="c5153" type="java.lang.Integer"/>
<attribute name="c5154" type="java.math.BigDecimal"/>
<attribute name="c5155" type="java.lang.String"/>
</outputs>
<project>
<attribute name="ps_partkey" type="java.lang.Integer"/>
<attribute name="ps_suppkey" type="java.lang.Integer"/>
<attribute name="ps_availqty" type="java.lang.Integer"/>
<attribute name="ps_supplycost" type="java.math.BigDecimal"/>
<attribute name="ps_comment" type="java.lang.String"/>
</project>
<child>
<operator type="ACCESS" relation="partsupp" access-method="m8">
<outputs>
<attribute name="ps_partkey" type="java.lang.Integer"/>
<attribute name="ps_suppkey" type="java.lang.Integer"/>
<attribute name="ps_availqty" type="java.lang.Integer"/>
<attribute name="ps_supplycost" type="java.math.BigDecimal"/>
<attribute name="ps_comment" type="java.lang.String"/>
</outputs>
</operator>
</child>
</operator>
</children>
</operator>
</child>
</operator>
</command>
</plan>
