<?xml version="1.0" encoding="UTF-8"?>
<plan type="dag" cost="425.0" control-flow="TOP_DOWN">
<operator type="PROJECT">
<outputs>
<attribute name="c1821" type="java.sql.Date"/>
<attribute name="c1828" type="java.math.BigDecimal"/>
<attribute name="c1829" type="java.math.BigDecimal"/>
<attribute name="c1800" type="java.lang.String"/>
</outputs>
<project>
<attribute name="c1821" type="java.sql.Date"/>
<attribute name="c1828" type="java.math.BigDecimal"/>
<attribute name="c1829" type="java.math.BigDecimal"/>
<attribute name="c1800" type="java.lang.String"/>
</project>
<child>
<operator type="DEPENDENT_JOIN" param="0,38">
<outputs>
<attribute name="c1810" type="java.lang.Integer"/>
<attribute name="c1811" type="java.lang.String"/>
<attribute name="c1812" type="java.lang.String"/>
<attribute name="c1813" type="java.lang.String"/>
<attribute name="c1814" type="java.lang.Integer"/>
<attribute name="c1815" type="java.lang.String"/>
<attribute name="c1816" type="java.math.BigDecimal"/>
<attribute name="c1817" type="java.lang.String"/>
<attribute name="c1797" type="java.lang.Integer"/>
<attribute name="c1803" type="java.lang.String"/>
<attribute name="c1801" type="java.lang.Integer"/>
<attribute name="k1847" type="java.lang.String"/>
<attribute name="k1848" type="java.lang.String"/>
<attribute name="c1791" type="java.lang.Integer"/>
<attribute name="c1796" type="java.lang.String"/>
<attribute name="c1797" type="java.lang.Integer"/>
<attribute name="c1798" type="java.lang.String"/>
<attribute name="c1788" type="java.lang.Integer"/>
<attribute name="c1789" type="java.lang.String"/>
<attribute name="c1790" type="java.lang.String"/>
<attribute name="c1791" type="java.lang.Integer"/>
<attribute name="c1792" type="java.lang.String"/>
<attribute name="c1793" type="java.math.BigDecimal"/>
<attribute name="c1794" type="java.lang.String"/>
<attribute name="c1795" type="java.lang.String"/>
<attribute name="c1799" type="java.lang.Integer"/>
<attribute name="c1800" type="java.lang.String"/>
<attribute name="c1801" type="java.lang.Integer"/>
<attribute name="c1802" type="java.lang.String"/>
<attribute name="c1818" type="java.lang.Integer"/>
<attribute name="c1788" type="java.lang.Integer"/>
<attribute name="c1819" type="java.lang.String"/>
<attribute name="c1820" type="java.math.BigDecimal"/>
<attribute name="c1821" type="java.sql.Date"/>
<attribute name="c1822" type="java.lang.String"/>
<attribute name="c1823" type="java.lang.String"/>
<attribute name="c1824" type="java.lang.Integer"/>
<attribute name="c1825" type="java.lang.String"/>
<attribute name="c1804" type="java.lang.Integer"/>
<attribute name="c1805" type="java.lang.String"/>
<attribute name="c1806" type="java.lang.String"/>
<attribute name="c1799" type="java.lang.Integer"/>
<attribute name="c1807" type="java.lang.String"/>
<attribute name="c1808" type="java.math.BigDecimal"/>
<attribute name="c1809" type="java.lang.String"/>
<attribute name="c1818" type="java.lang.Integer"/>
<attribute name="c1810" type="java.lang.Integer"/>
<attribute name="c1804" type="java.lang.Integer"/>
<attribute name="c1826" type="java.lang.Integer"/>
<attribute name="c1827" type="java.math.BigDecimal"/>
<attribute name="c1828" type="java.math.BigDecimal"/>
<attribute name="c1829" type="java.math.BigDecimal"/>
<attribute name="c1830" type="java.math.BigDecimal"/>
<attribute name="c1831" type="java.lang.String"/>
<attribute name="c1832" type="java.lang.String"/>
<attribute name="c1833" type="java.sql.Date"/>
<attribute name="c1834" type="java.sql.Date"/>
<attribute name="c1835" type="java.sql.Date"/>
<attribute name="c1836" type="java.lang.String"/>
<attribute name="c1837" type="java.lang.String"/>
<attribute name="c1838" type="java.lang.String"/>
</outputs>
<children>
<operator type="DEPENDENT_JOIN" param="25">
<outputs>
<attribute name="c1810" type="java.lang.Integer"/>
<attribute name="c1811" type="java.lang.String"/>
<attribute name="c1812" type="java.lang.String"/>
<attribute name="c1813" type="java.lang.String"/>
<attribute name="c1814" type="java.lang.Integer"/>
<attribute name="c1815" type="java.lang.String"/>
<attribute name="c1816" type="java.math.BigDecimal"/>
<attribute name="c1817" type="java.lang.String"/>
<attribute name="c1797" type="java.lang.Integer"/>
<attribute name="c1803" type="java.lang.String"/>
<attribute name="c1801" type="java.lang.Integer"/>
<attribute name="k1847" type="java.lang.String"/>
<attribute name="k1848" type="java.lang.String"/>
<attribute name="c1791" type="java.lang.Integer"/>
<attribute name="c1796" type="java.lang.String"/>
<attribute name="c1797" type="java.lang.Integer"/>
<attribute name="c1798" type="java.lang.String"/>
<attribute name="c1788" type="java.lang.Integer"/>
<attribute name="c1789" type="java.lang.String"/>
<attribute name="c1790" type="java.lang.String"/>
<attribute name="c1791" type="java.lang.Integer"/>
<attribute name="c1792" type="java.lang.String"/>
<attribute name="c1793" type="java.math.BigDecimal"/>
<attribute name="c1794" type="java.lang.String"/>
<attribute name="c1795" type="java.lang.String"/>
<attribute name="c1799" type="java.lang.Integer"/>
<attribute name="c1800" type="java.lang.String"/>
<attribute name="c1801" type="java.lang.Integer"/>
<attribute name="c1802" type="java.lang.String"/>
<attribute name="c1818" type="java.lang.Integer"/>
<attribute name="c1788" type="java.lang.Integer"/>
<attribute name="c1819" type="java.lang.String"/>
<attribute name="c1820" type="java.math.BigDecimal"/>
<attribute name="c1821" type="java.sql.Date"/>
<attribute name="c1822" type="java.lang.String"/>
<attribute name="c1823" type="java.lang.String"/>
<attribute name="c1824" type="java.lang.Integer"/>
<attribute name="c1825" type="java.lang.String"/>
<attribute name="c1804" type="java.lang.Integer"/>
<attribute name="c1805" type="java.lang.String"/>
<attribute name="c1806" type="java.lang.String"/>
<attribute name="c1799" type="java.lang.Integer"/>
<attribute name="c1807" type="java.lang.String"/>
<attribute name="c1808" type="java.math.BigDecimal"/>
<attribute name="c1809" type="java.lang.String"/>
</outputs>
<children>
<operator type="DEPENDENT_JOIN" param="17">
<outputs>
<attribute name="c1810" type="java.lang.Integer"/>
<attribute name="c1811" type="java.lang.String"/>
<attribute name="c1812" type="java.lang.String"/>
<attribute name="c1813" type="java.lang.String"/>
<attribute name="c1814" type="java.lang.Integer"/>
<attribute name="c1815" type="java.lang.String"/>
<attribute name="c1816" type="java.math.BigDecimal"/>
<attribute name="c1817" type="java.lang.String"/>
<attribute name="c1797" type="java.lang.Integer"/>
<attribute name="c1803" type="java.lang.String"/>
<attribute name="c1801" type="java.lang.Integer"/>
<attribute name="k1847" type="java.lang.String"/>
<attribute name="k1848" type="java.lang.String"/>
<attribute name="c1791" type="java.lang.Integer"/>
<attribute name="c1796" type="java.lang.String"/>
<attribute name="c1797" type="java.lang.Integer"/>
<attribute name="c1798" type="java.lang.String"/>
<attribute name="c1788" type="java.lang.Integer"/>
<attribute name="c1789" type="java.lang.String"/>
<attribute name="c1790" type="java.lang.String"/>
<attribute name="c1791" type="java.lang.Integer"/>
<attribute name="c1792" type="java.lang.String"/>
<attribute name="c1793" type="java.math.BigDecimal"/>
<attribute name="c1794" type="java.lang.String"/>
<attribute name="c1795" type="java.lang.String"/>
<attribute name="c1799" type="java.lang.Integer"/>
<attribute name="c1800" type="java.lang.String"/>
<attribute name="c1801" type="java.lang.Integer"/>
<attribute name="c1802" type="java.lang.String"/>
<attribute name="c1818" type="java.lang.Integer"/>
<attribute name="c1788" type="java.lang.Integer"/>
<attribute name="c1819" type="java.lang.String"/>
<attribute name="c1820" type="java.math.BigDecimal"/>
<attribute name="c1821" type="java.sql.Date"/>
<attribute name="c1822" type="java.lang.String"/>
<attribute name="c1823" type="java.lang.String"/>
<attribute name="c1824" type="java.lang.Integer"/>
<attribute name="c1825" type="java.lang.String"/>
</outputs>
<children>
<operator type="DEPENDENT_JOIN" param="10">
<outputs>
<attribute name="c1810" type="java.lang.Integer"/>
<attribute name="c1811" type="java.lang.String"/>
<attribute name="c1812" type="java.lang.String"/>
<attribute name="c1813" type="java.lang.String"/>
<attribute name="c1814" type="java.lang.Integer"/>
<attribute name="c1815" type="java.lang.String"/>
<attribute name="c1816" type="java.math.BigDecimal"/>
<attribute name="c1817" type="java.lang.String"/>
<attribute name="c1797" type="java.lang.Integer"/>
<attribute name="c1803" type="java.lang.String"/>
<attribute name="c1801" type="java.lang.Integer"/>
<attribute name="k1847" type="java.lang.String"/>
<attribute name="k1848" type="java.lang.String"/>
<attribute name="c1791" type="java.lang.Integer"/>
<attribute name="c1796" type="java.lang.String"/>
<attribute name="c1797" type="java.lang.Integer"/>
<attribute name="c1798" type="java.lang.String"/>
<attribute name="c1788" type="java.lang.Integer"/>
<attribute name="c1789" type="java.lang.String"/>
<attribute name="c1790" type="java.lang.String"/>
<attribute name="c1791" type="java.lang.Integer"/>
<attribute name="c1792" type="java.lang.String"/>
<attribute name="c1793" type="java.math.BigDecimal"/>
<attribute name="c1794" type="java.lang.String"/>
<attribute name="c1795" type="java.lang.String"/>
<attribute name="c1799" type="java.lang.Integer"/>
<attribute name="c1800" type="java.lang.String"/>
<attribute name="c1801" type="java.lang.Integer"/>
<attribute name="c1802" type="java.lang.String"/>
</outputs>
<children>
<operator type="DEPENDENT_JOIN" param="13">
<outputs>
<attribute name="c1810" type="java.lang.Integer"/>
<attribute name="c1811" type="java.lang.String"/>
<attribute name="c1812" type="java.lang.String"/>
<attribute name="c1813" type="java.lang.String"/>
<attribute name="c1814" type="java.lang.Integer"/>
<attribute name="c1815" type="java.lang.String"/>
<attribute name="c1816" type="java.math.BigDecimal"/>
<attribute name="c1817" type="java.lang.String"/>
<attribute name="c1797" type="java.lang.Integer"/>
<attribute name="c1803" type="java.lang.String"/>
<attribute name="c1801" type="java.lang.Integer"/>
<attribute name="k1847" type="java.lang.String"/>
<attribute name="k1848" type="java.lang.String"/>
<attribute name="c1791" type="java.lang.Integer"/>
<attribute name="c1796" type="java.lang.String"/>
<attribute name="c1797" type="java.lang.Integer"/>
<attribute name="c1798" type="java.lang.String"/>
<attribute name="c1788" type="java.lang.Integer"/>
<attribute name="c1789" type="java.lang.String"/>
<attribute name="c1790" type="java.lang.String"/>
<attribute name="c1791" type="java.lang.Integer"/>
<attribute name="c1792" type="java.lang.String"/>
<attribute name="c1793" type="java.math.BigDecimal"/>
<attribute name="c1794" type="java.lang.String"/>
<attribute name="c1795" type="java.lang.String"/>
</outputs>
<children>
<operator type="DEPENDENT_JOIN" param="8">
<outputs>
<attribute name="c1810" type="java.lang.Integer"/>
<attribute name="c1811" type="java.lang.String"/>
<attribute name="c1812" type="java.lang.String"/>
<attribute name="c1813" type="java.lang.String"/>
<attribute name="c1814" type="java.lang.Integer"/>
<attribute name="c1815" type="java.lang.String"/>
<attribute name="c1816" type="java.math.BigDecimal"/>
<attribute name="c1817" type="java.lang.String"/>
<attribute name="c1797" type="java.lang.Integer"/>
<attribute name="c1803" type="java.lang.String"/>
<attribute name="c1801" type="java.lang.Integer"/>
<attribute name="k1847" type="java.lang.String"/>
<attribute name="k1848" type="java.lang.String"/>
<attribute name="c1791" type="java.lang.Integer"/>
<attribute name="c1796" type="java.lang.String"/>
<attribute name="c1797" type="java.lang.Integer"/>
<attribute name="c1798" type="java.lang.String"/>
</outputs>
<children>
<operator type="CROSS_PRODUCT">
<outputs>
<attribute name="c1810" type="java.lang.Integer"/>
<attribute name="c1811" type="java.lang.String"/>
<attribute name="c1812" type="java.lang.String"/>
<attribute name="c1813" type="java.lang.String"/>
<attribute name="c1814" type="java.lang.Integer"/>
<attribute name="c1815" type="java.lang.String"/>
<attribute name="c1816" type="java.math.BigDecimal"/>
<attribute name="c1817" type="java.lang.String"/>
<attribute name="c1797" type="java.lang.Integer"/>
<attribute name="c1803" type="java.lang.String"/>
<attribute name="c1801" type="java.lang.Integer"/>
<attribute name="k1847" type="java.lang.String"/>
<attribute name="k1848" type="java.lang.String"/>
</outputs>
<children>
<operator type="CROSS_PRODUCT">
<outputs>
<attribute name="c1810" type="java.lang.Integer"/>
<attribute name="c1811" type="java.lang.String"/>
<attribute name="c1812" type="java.lang.String"/>
<attribute name="c1813" type="java.lang.String"/>
<attribute name="c1814" type="java.lang.Integer"/>
<attribute name="c1815" type="java.lang.String"/>
<attribute name="c1816" type="java.math.BigDecimal"/>
<attribute name="c1817" type="java.lang.String"/>
<attribute name="c1797" type="java.lang.Integer"/>
<attribute name="c1803" type="java.lang.String"/>
</outputs>
<children>
<operator type="PROJECT">
<outputs>
<attribute name="c1810" type="java.lang.Integer"/>
<attribute name="c1811" type="java.lang.String"/>
<attribute name="c1812" type="java.lang.String"/>
<attribute name="c1813" type="java.lang.String"/>
<attribute name="c1814" type="java.lang.Integer"/>
<attribute name="c1815" type="java.lang.String"/>
<attribute name="c1816" type="java.math.BigDecimal"/>
<attribute name="c1817" type="java.lang.String"/>
</outputs>
<project>
<attribute name="p_partkey" type="java.lang.Integer"/>
<attribute name="p_name" type="java.lang.String"/>
<attribute name="p_mfgr" type="java.lang.String"/>
<attribute name="p_brand" type="java.lang.String"/>
<attribute name="p_size" type="java.lang.Integer"/>
<attribute name="p_container" type="java.lang.String"/>
<attribute name="p_retailprice" type="java.math.BigDecimal"/>
<attribute name="p_comment" type="java.lang.String"/>
</project>
<child>
<operator type="SELECT">
<outputs>
<attribute name="p_partkey" type="java.lang.Integer"/>
<attribute name="p_name" type="java.lang.String"/>
<attribute name="p_mfgr" type="java.lang.String"/>
<attribute name="p_brand" type="java.lang.String"/>
<attribute name="p_type" type="java.lang.String"/>
<attribute name="p_size" type="java.lang.Integer"/>
<attribute name="p_container" type="java.lang.String"/>
<attribute name="p_retailprice" type="java.math.BigDecimal"/>
<attribute name="p_comment" type="java.lang.String"/>
</outputs>
<conjunction>
<predicate type="equality" left="4" value="LARGE BRUSHED BRASS"/>
</conjunction>
<child>
<operator type="ACCESS" relation="part" access-method="m2">
<outputs>
<attribute name="p_partkey" type="java.lang.Integer"/>
<attribute name="p_name" type="java.lang.String"/>
<attribute name="p_mfgr" type="java.lang.String"/>
<attribute name="p_brand" type="java.lang.String"/>
<attribute name="p_type" type="java.lang.String"/>
<attribute name="p_size" type="java.lang.Integer"/>
<attribute name="p_container" type="java.lang.String"/>
<attribute name="p_retailprice" type="java.math.BigDecimal"/>
<attribute name="p_comment" type="java.lang.String"/>
</outputs>
</operator>
</child>
</operator>
</child>
</operator>
<operator type="PROJECT">
<outputs>
<attribute name="c1797" type="java.lang.Integer"/>
<attribute name="c1803" type="java.lang.String"/>
</outputs>
<project>
<attribute name="r_regionkey" type="java.lang.Integer"/>
<attribute name="r_comment" type="java.lang.String"/>
</project>
<child>
<operator type="SELECT">
<outputs>
<attribute name="r_regionkey" type="java.lang.Integer"/>
<attribute name="r_name" type="java.lang.String"/>
<attribute name="r_comment" type="java.lang.String"/>
</outputs>
<conjunction>
<predicate type="equality" left="1" value="EUROPE"/>
</conjunction>
<child>
<operator type="ACCESS" relation="region" access-method="m8">
<outputs>
<attribute name="r_regionkey" type="java.lang.Integer"/>
<attribute name="r_name" type="java.lang.String"/>
<attribute name="r_comment" type="java.lang.String"/>
</outputs>
</operator>
</child>
</operator>
</child>
</operator>
</children>
</operator>
<operator type="PROJECT">
<outputs>
<attribute name="c1801" type="java.lang.Integer"/>
<attribute name="k1847" type="java.lang.String"/>
<attribute name="k1848" type="java.lang.String"/>
</outputs>
<project>
<attribute name="r_regionkey" type="java.lang.Integer"/>
<attribute name="r_name" type="java.lang.String"/>
<attribute name="r_comment" type="java.lang.String"/>
</project>
<child>
<operator type="ACCESS" relation="region" access-method="m8">
<outputs>
<attribute name="r_regionkey" type="java.lang.Integer"/>
<attribute name="r_name" type="java.lang.String"/>
<attribute name="r_comment" type="java.lang.String"/>
</outputs>
</operator>
</child>
</operator>
</children>
</operator>
<operator type="PROJECT">
<outputs>
<attribute name="c1791" type="java.lang.Integer"/>
<attribute name="c1796" type="java.lang.String"/>
<attribute name="c1797" type="java.lang.Integer"/>
<attribute name="c1798" type="java.lang.String"/>
</outputs>
<project>
<attribute name="n_nationkey" type="java.lang.Integer"/>
<attribute name="n_name" type="java.lang.String"/>
<attribute name="n_regionkey" type="java.lang.Integer"/>
<attribute name="n_comment" type="java.lang.String"/>
</project>
<child>
<operator type="ACCESS" relation="nation" access-method="m7">
<outputs>
<attribute name="n_nationkey" type="java.lang.Integer"/>
<attribute name="n_name" type="java.lang.String"/>
<attribute name="n_regionkey" type="java.lang.Integer"/>
<attribute name="n_comment" type="java.lang.String"/>
</outputs>
</operator>
</child>
</operator>
</children>
</operator>
<operator type="PROJECT">
<outputs>
<attribute name="c1788" type="java.lang.Integer"/>
<attribute name="c1789" type="java.lang.String"/>
<attribute name="c1790" type="java.lang.String"/>
<attribute name="c1791" type="java.lang.Integer"/>
<attribute name="c1792" type="java.lang.String"/>
<attribute name="c1793" type="java.math.BigDecimal"/>
<attribute name="c1794" type="java.lang.String"/>
<attribute name="c1795" type="java.lang.String"/>
</outputs>
<project>
<attribute name="c_custkey" type="java.lang.Integer"/>
<attribute name="c_name" type="java.lang.String"/>
<attribute name="c_address" type="java.lang.String"/>
<attribute name="c_nationkey" type="java.lang.Integer"/>
<attribute name="c_phone" type="java.lang.String"/>
<attribute name="c_acctbal" type="java.math.BigDecimal"/>
<attribute name="c_mktsegment" type="java.lang.String"/>
<attribute name="c_comment" type="java.lang.String"/>
</project>
<child>
<operator type="ACCESS" relation="customer" access-method="m1">
<outputs>
<attribute name="c_custkey" type="java.lang.Integer"/>
<attribute name="c_name" type="java.lang.String"/>
<attribute name="c_address" type="java.lang.String"/>
<attribute name="c_nationkey" type="java.lang.Integer"/>
<attribute name="c_phone" type="java.lang.String"/>
<attribute name="c_acctbal" type="java.math.BigDecimal"/>
<attribute name="c_mktsegment" type="java.lang.String"/>
<attribute name="c_comment" type="java.lang.String"/>
</outputs>
</operator>
</child>
</operator>
</children>
</operator>
<operator type="PROJECT">
<outputs>
<attribute name="c1799" type="java.lang.Integer"/>
<attribute name="c1800" type="java.lang.String"/>
<attribute name="c1801" type="java.lang.Integer"/>
<attribute name="c1802" type="java.lang.String"/>
</outputs>
<project>
<attribute name="n_nationkey" type="java.lang.Integer"/>
<attribute name="n_name" type="java.lang.String"/>
<attribute name="n_regionkey" type="java.lang.Integer"/>
<attribute name="n_comment" type="java.lang.String"/>
</project>
<child>
<operator type="ACCESS" relation="nation" access-method="m7">
<outputs>
<attribute name="n_nationkey" type="java.lang.Integer"/>
<attribute name="n_name" type="java.lang.String"/>
<attribute name="n_regionkey" type="java.lang.Integer"/>
<attribute name="n_comment" type="java.lang.String"/>
</outputs>
</operator>
</child>
</operator>
</children>
</operator>
<operator type="PROJECT">
<outputs>
<attribute name="c1818" type="java.lang.Integer"/>
<attribute name="c1788" type="java.lang.Integer"/>
<attribute name="c1819" type="java.lang.String"/>
<attribute name="c1820" type="java.math.BigDecimal"/>
<attribute name="c1821" type="java.sql.Date"/>
<attribute name="c1822" type="java.lang.String"/>
<attribute name="c1823" type="java.lang.String"/>
<attribute name="c1824" type="java.lang.Integer"/>
<attribute name="c1825" type="java.lang.String"/>
</outputs>
<project>
<attribute name="o_orderkey" type="java.lang.Integer"/>
<attribute name="o_custkey" type="java.lang.Integer"/>
<attribute name="o_orderstatus" type="java.lang.String"/>
<attribute name="o_totalprice" type="java.math.BigDecimal"/>
<attribute name="o_orderdate" type="java.sql.Date"/>
<attribute name="o_orderpriority" type="java.lang.String"/>
<attribute name="o_clerk" type="java.lang.String"/>
<attribute name="o_shippriority" type="java.lang.Integer"/>
<attribute name="o_comment" type="java.lang.String"/>
</project>
<child>
<operator type="ACCESS" relation="orders" access-method="m9">
<outputs>
<attribute name="o_orderkey" type="java.lang.Integer"/>
<attribute name="o_custkey" type="java.lang.Integer"/>
<attribute name="o_orderstatus" type="java.lang.String"/>
<attribute name="o_totalprice" type="java.math.BigDecimal"/>
<attribute name="o_orderdate" type="java.sql.Date"/>
<attribute name="o_orderpriority" type="java.lang.String"/>
<attribute name="o_clerk" type="java.lang.String"/>
<attribute name="o_shippriority" type="java.lang.Integer"/>
<attribute name="o_comment" type="java.lang.String"/>
</outputs>
</operator>
</child>
</operator>
</children>
</operator>
<operator type="PROJECT">
<outputs>
<attribute name="c1804" type="java.lang.Integer"/>
<attribute name="c1805" type="java.lang.String"/>
<attribute name="c1806" type="java.lang.String"/>
<attribute name="c1799" type="java.lang.Integer"/>
<attribute name="c1807" type="java.lang.String"/>
<attribute name="c1808" type="java.math.BigDecimal"/>
<attribute name="c1809" type="java.lang.String"/>
</outputs>
<project>
<attribute name="s_suppkey" type="java.lang.Integer"/>
<attribute name="s_name" type="java.lang.String"/>
<attribute name="s_address" type="java.lang.String"/>
<attribute name="s_nationkey" type="java.lang.Integer"/>
<attribute name="s_phone" type="java.lang.String"/>
<attribute name="s_acctbal" type="java.math.BigDecimal"/>
<attribute name="s_comment" type="java.lang.String"/>
</project>
<child>
<operator type="ACCESS" relation="supplier" access-method="m3">
<outputs>
<attribute name="s_suppkey" type="java.lang.Integer"/>
<attribute name="s_name" type="java.lang.String"/>
<attribute name="s_address" type="java.lang.String"/>
<attribute name="s_nationkey" type="java.lang.Integer"/>
<attribute name="s_phone" type="java.lang.String"/>
<attribute name="s_acctbal" type="java.math.BigDecimal"/>
<attribute name="s_comment" type="java.lang.String"/>
</outputs>
</operator>
</child>
</operator>
</children>
</operator>
<operator type="PROJECT">
<outputs>
<attribute name="c1818" type="java.lang.Integer"/>
<attribute name="c1810" type="java.lang.Integer"/>
<attribute name="c1804" type="java.lang.Integer"/>
<attribute name="c1826" type="java.lang.Integer"/>
<attribute name="c1827" type="java.math.BigDecimal"/>
<attribute name="c1828" type="java.math.BigDecimal"/>
<attribute name="c1829" type="java.math.BigDecimal"/>
<attribute name="c1830" type="java.math.BigDecimal"/>
<attribute name="c1831" type="java.lang.String"/>
<attribute name="c1832" type="java.lang.String"/>
<attribute name="c1833" type="java.sql.Date"/>
<attribute name="c1834" type="java.sql.Date"/>
<attribute name="c1835" type="java.sql.Date"/>
<attribute name="c1836" type="java.lang.String"/>
<attribute name="c1837" type="java.lang.String"/>
<attribute name="c1838" type="java.lang.String"/>
</outputs>
<project>
<attribute name="l_orderkey" type="java.lang.Integer"/>
<attribute name="l_partkey" type="java.lang.Integer"/>
<attribute name="l_suppkey" type="java.lang.Integer"/>
<attribute name="l_linenumber" type="java.lang.Integer"/>
<attribute name="l_quantity" type="java.math.BigDecimal"/>
<attribute name="l_extendedprice" type="java.math.BigDecimal"/>
<attribute name="l_discount" type="java.math.BigDecimal"/>
<attribute name="l_tax" type="java.math.BigDecimal"/>
<attribute name="l_returnflag" type="java.lang.String"/>
<attribute name="l_linestatus" type="java.lang.String"/>
<attribute name="l_shipdate" type="java.sql.Date"/>
<attribute name="l_commitdate" type="java.sql.Date"/>
<attribute name="l_receiptdate" type="java.sql.Date"/>
<attribute name="l_shipinstruct" type="java.lang.String"/>
<attribute name="l_shipmode" type="java.lang.String"/>
<attribute name="l_comment" type="java.lang.String"/>
</project>
<child>
<operator type="ACCESS" relation="lineitem" access-method="m12">
<outputs>
<attribute name="l_orderkey" type="java.lang.Integer"/>
<attribute name="l_partkey" type="java.lang.Integer"/>
<attribute name="l_suppkey" type="java.lang.Integer"/>
<attribute name="l_linenumber" type="java.lang.Integer"/>
<attribute name="l_quantity" type="java.math.BigDecimal"/>
<attribute name="l_extendedprice" type="java.math.BigDecimal"/>
<attribute name="l_discount" type="java.math.BigDecimal"/>
<attribute name="l_tax" type="java.math.BigDecimal"/>
<attribute name="l_returnflag" type="java.lang.String"/>
<attribute name="l_linestatus" type="java.lang.String"/>
<attribute name="l_shipdate" type="java.sql.Date"/>
<attribute name="l_commitdate" type="java.sql.Date"/>
<attribute name="l_receiptdate" type="java.sql.Date"/>
<attribute name="l_shipinstruct" type="java.lang.String"/>
<attribute name="l_shipmode" type="java.lang.String"/>
<attribute name="l_comment" type="java.lang.String"/>
</outputs>
</operator>
</child>
</operator>
</children>
</operator>
</child>
</operator>
</plan>
