<?xml version="1.0" encoding="UTF-8"?>
<!-- 
	SELECT  o_year, sum(case when nation = '' then volume else 0 end) / sum(volume) as mkt_share
	FROM    (
		SELECT extract(year from o_orderdate) AS o_year, l_extendedprice * (1 - l_discount) as volume, n2.n_name as nation
		FROM   part, supplier, lineitem, orders, customer, nation n1, 
		       nation n2, region
		WHERE  p_partkey = l_partkey
		AND    s_suppkey = l_suppkey
		AND    l_orderkey = o_orderkey
		AND    o_custkey = c_custkey
		AND    c_nationkey = n1.n_nationkey
		AND    n1.n_regionkey = r_regionkey
		AND    r_name = 'EUROPE'
		AND    s_nationkey = n2.n_nationkey
		AND    o_orderdate between date '1995-01-01' and date '1996-12-31'
		AND    p_type = 'LARGE BRUSHED BRASS'
	) AS all_nations
	GROUP BY o_year
	ORDER BY o_year;
 -->
<query>
	<body>
		<atom name="customer">
			<variable name="c_custkey" />
			<variable name="c_name" />
			<variable name="c_address" />
			<variable name="c_nation" />
			<variable name="c_phone" />
			<variable name="c_acctbal" />
			<variable name="c_mktsegment" />
			<variable name="c_comment" />
		</atom>
		<atom name="nation">
			<variable name="c_nation" />
			<variable name="n_name" />
			<variable name="n_regionkey" />
			<variable name="n_comment" />
		</atom>
		<atom name="nation">
			<variable name="s_nation" />
			<variable name="n_name2" />
			<variable name="n_regionkey2" />
			<variable name="n_comment2" />
		</atom>
		<atom name="region">
			<variable name="n_regionkey" />
			<constant value="EUROPE" />
			<variable name="r_comment" />
		</atom>
		<atom name="supplier">
			<variable name="s_suppkey" />
			<variable name="s_name" />
			<variable name="s_address" />
			<variable name="s_nation" />
			<variable name="s_phone" />
			<variable name="s_acctbal" />
			<variable name="s_comment" />
		</atom>
		<atom name="part">
			<variable name="p_partkey" />
			<variable name="p_name" />
			<variable name="p_mfgr" />
			<variable name="p_brand" />
			<constant value="LARGE BRUSHED BRASS" />
			<variable name="p_size" />
			<variable name="p_container" />
			<variable name="p_retailprice" />
			<variable name="p_comment" />
		</atom>
		<atom name="orders">
			<variable name="o_orderkey" />
			<variable name="c_custkey" />
			<variable name="o_orderstatus" />
			<variable name="o_totalprice" />
			<variable name="o_orderdate" />
			<variable name="o_orderpriority" />
			<variable name="o_clerk" />
			<variable name="o_shippriority" />
			<variable name="o_comment" />
		</atom>
		<atom name="lineitem">
			<variable name="o_orderkey" />
			<variable name="p_partkey" />
			<variable name="s_suppkey" />
			<variable name="l_linenumber" />
			<variable name="l_quantity" />
			<variable name="l_extendedprice" />
			<variable name="l_discount" />
			<variable name="l_tax" />
			<variable name="l_returnflag" />
			<variable name="l_linestatus" />
			<variable name="l_shipdate" />
			<variable name="l_commitdate" />
			<variable name="l_receiptdate" />
			<variable name="l_shipinstruct" />
			<variable name="l_shipmode" />
			<variable name="l_comment" />
		</atom>

	</body>
	<head name="Q">
		<variable name="o_orderdate" />
		<variable name="l_extendedprice" />
		<variable name="l_discount" />
		<variable name="n_name2" />
	</head>
</query>
