<?xml version="1.0" encoding="UTF-8"?>
<plan type="dag" cost="1.0570408989642307E10" control-flow="TOP_DOWN">
<operator type="PROJECT">
<outputs>
<attribute name="c5667" type="java.lang.String"/>
<attribute name="c5668" type="java.lang.String"/>
<attribute name="c5669" type="java.lang.String"/>
<attribute name="c5670" type="java.lang.String"/>
<attribute name="c5671" type="java.lang.String"/>
<attribute name="c5672" type="java.lang.String"/>
<attribute name="c5673" type="java.lang.String"/>
<attribute name="c5674" type="java.lang.String"/>
<attribute name="c5675" type="java.lang.String"/>
<attribute name="c5676" type="java.lang.String"/>
<attribute name="c5686" type="java.lang.String"/>
<attribute name="c5687" type="java.lang.String"/>
<attribute name="c5664" type="java.lang.String"/>
</outputs>
<project>
<attribute name="c5667" type="java.lang.String"/>
<attribute name="c5668" type="java.lang.String"/>
<attribute name="c5669" type="java.lang.String"/>
<attribute name="c5670" type="java.lang.String"/>
<attribute name="c5671" type="java.lang.String"/>
<attribute name="c5672" type="java.lang.String"/>
<attribute name="c5673" type="java.lang.String"/>
<attribute name="c5674" type="java.lang.String"/>
<attribute name="c5675" type="java.lang.String"/>
<attribute name="c5676" type="java.lang.String"/>
<attribute name="c5686" type="java.lang.String"/>
<attribute name="c5687" type="java.lang.String"/>
<attribute name="c5664" type="java.lang.String"/>
</project>
<child>
<operator type="DEPENDENT_JOIN" param="60">
<outputs>
<attribute name="c5678" type="java.lang.String"/>
<attribute name="c5646" type="java.lang.String"/>
<attribute name="c5679" type="java.lang.String"/>
<attribute name="c5680" type="java.lang.String"/>
<attribute name="c5681" type="java.lang.String"/>
<attribute name="c5647" type="java.lang.String"/>
<attribute name="c5682" type="java.lang.String"/>
<attribute name="c5677" type="java.lang.String"/>
<attribute name="c5683" type="java.lang.String"/>
<attribute name="c5684" type="java.lang.String"/>
<attribute name="c5667" type="java.lang.String"/>
<attribute name="c5668" type="java.lang.String"/>
<attribute name="c5669" type="java.lang.String"/>
<attribute name="c5670" type="java.lang.String"/>
<attribute name="c5671" type="java.lang.String"/>
<attribute name="c5672" type="java.lang.String"/>
<attribute name="c5673" type="java.lang.String"/>
<attribute name="c5674" type="java.lang.String"/>
<attribute name="c5675" type="java.lang.String"/>
<attribute name="c5676" type="java.lang.String"/>
<attribute name="c5677" type="java.lang.String"/>
<attribute name="k5818" type="java.lang.String"/>
<attribute name="k5819" type="java.lang.String"/>
<attribute name="c5646" type="java.lang.String"/>
<attribute name="k5820" type="java.lang.String"/>
<attribute name="k5821" type="java.lang.String"/>
<attribute name="k5822" type="java.lang.String"/>
<attribute name="c5647" type="java.lang.String"/>
<attribute name="k5823" type="java.lang.String"/>
<attribute name="k5824" type="java.lang.String"/>
<attribute name="k5825" type="java.lang.String"/>
<attribute name="k5826" type="java.lang.String"/>
<attribute name="c5648" type="java.lang.String"/>
<attribute name="c5637" type="java.lang.String"/>
<attribute name="c5638" type="java.lang.String"/>
<attribute name="c5639" type="java.lang.String"/>
<attribute name="c5640" type="java.lang.String"/>
<attribute name="c5641" type="java.lang.String"/>
<attribute name="c5642" type="java.lang.String"/>
<attribute name="c5643" type="java.lang.String"/>
<attribute name="c5644" type="java.lang.String"/>
<attribute name="c5645" type="java.lang.String"/>
<attribute name="c5646" type="java.lang.String"/>
<attribute name="c5647" type="java.lang.String"/>
<attribute name="c5648" type="java.lang.String"/>
<attribute name="c5649" type="java.lang.String"/>
<attribute name="c5650" type="java.lang.Double"/>
<attribute name="c5651" type="java.lang.String"/>
<attribute name="c5652" type="java.lang.String"/>
<attribute name="c5653" type="java.lang.String"/>
<attribute name="c5654" type="java.lang.String"/>
<attribute name="c5655" type="java.lang.String"/>
<attribute name="c5656" type="java.lang.String"/>
<attribute name="c5657" type="java.lang.String"/>
<attribute name="c5658" type="java.lang.Boolean"/>
<attribute name="c5659" type="java.lang.String"/>
<attribute name="c5660" type="java.lang.String"/>
<attribute name="c5661" type="java.lang.String"/>
<attribute name="c5662" type="java.lang.Double"/>
<attribute name="c5663" type="java.lang.String"/>
<attribute name="c5664" type="java.lang.String"/>
<attribute name="c5665" type="java.lang.String"/>
<attribute name="c5666" type="java.lang.String"/>
<attribute name="c5685" type="java.lang.String"/>
<attribute name="c5686" type="java.lang.String"/>
<attribute name="c5687" type="java.lang.String"/>
<attribute name="c5664" type="java.lang.String"/>
</outputs>
<children>
<operator type="DEPENDENT_JOIN" param="1">
<outputs>
<attribute name="c5678" type="java.lang.String"/>
<attribute name="c5646" type="java.lang.String"/>
<attribute name="c5679" type="java.lang.String"/>
<attribute name="c5680" type="java.lang.String"/>
<attribute name="c5681" type="java.lang.String"/>
<attribute name="c5647" type="java.lang.String"/>
<attribute name="c5682" type="java.lang.String"/>
<attribute name="c5677" type="java.lang.String"/>
<attribute name="c5683" type="java.lang.String"/>
<attribute name="c5684" type="java.lang.String"/>
<attribute name="c5667" type="java.lang.String"/>
<attribute name="c5668" type="java.lang.String"/>
<attribute name="c5669" type="java.lang.String"/>
<attribute name="c5670" type="java.lang.String"/>
<attribute name="c5671" type="java.lang.String"/>
<attribute name="c5672" type="java.lang.String"/>
<attribute name="c5673" type="java.lang.String"/>
<attribute name="c5674" type="java.lang.String"/>
<attribute name="c5675" type="java.lang.String"/>
<attribute name="c5676" type="java.lang.String"/>
<attribute name="c5677" type="java.lang.String"/>
<attribute name="k5818" type="java.lang.String"/>
<attribute name="k5819" type="java.lang.String"/>
<attribute name="c5646" type="java.lang.String"/>
<attribute name="k5820" type="java.lang.String"/>
<attribute name="k5821" type="java.lang.String"/>
<attribute name="k5822" type="java.lang.String"/>
<attribute name="c5647" type="java.lang.String"/>
<attribute name="k5823" type="java.lang.String"/>
<attribute name="k5824" type="java.lang.String"/>
<attribute name="k5825" type="java.lang.String"/>
<attribute name="k5826" type="java.lang.String"/>
<attribute name="c5648" type="java.lang.String"/>
<attribute name="c5637" type="java.lang.String"/>
<attribute name="c5638" type="java.lang.String"/>
<attribute name="c5639" type="java.lang.String"/>
<attribute name="c5640" type="java.lang.String"/>
<attribute name="c5641" type="java.lang.String"/>
<attribute name="c5642" type="java.lang.String"/>
<attribute name="c5643" type="java.lang.String"/>
<attribute name="c5644" type="java.lang.String"/>
<attribute name="c5645" type="java.lang.String"/>
<attribute name="c5646" type="java.lang.String"/>
<attribute name="c5647" type="java.lang.String"/>
<attribute name="c5648" type="java.lang.String"/>
<attribute name="c5649" type="java.lang.String"/>
<attribute name="c5650" type="java.lang.Double"/>
<attribute name="c5651" type="java.lang.String"/>
<attribute name="c5652" type="java.lang.String"/>
<attribute name="c5653" type="java.lang.String"/>
<attribute name="c5654" type="java.lang.String"/>
<attribute name="c5655" type="java.lang.String"/>
<attribute name="c5656" type="java.lang.String"/>
<attribute name="c5657" type="java.lang.String"/>
<attribute name="c5658" type="java.lang.Boolean"/>
<attribute name="c5659" type="java.lang.String"/>
<attribute name="c5660" type="java.lang.String"/>
<attribute name="c5661" type="java.lang.String"/>
<attribute name="c5662" type="java.lang.Double"/>
<attribute name="c5663" type="java.lang.String"/>
<attribute name="c5664" type="java.lang.String"/>
<attribute name="c5665" type="java.lang.String"/>
<attribute name="c5666" type="java.lang.String"/>
</outputs>
<children>
<operator type="DEPENDENT_JOIN" param="1">
<outputs>
<attribute name="c5678" type="java.lang.String"/>
<attribute name="c5646" type="java.lang.String"/>
<attribute name="c5679" type="java.lang.String"/>
<attribute name="c5680" type="java.lang.String"/>
<attribute name="c5681" type="java.lang.String"/>
<attribute name="c5647" type="java.lang.String"/>
<attribute name="c5682" type="java.lang.String"/>
<attribute name="c5677" type="java.lang.String"/>
<attribute name="c5683" type="java.lang.String"/>
<attribute name="c5684" type="java.lang.String"/>
<attribute name="c5667" type="java.lang.String"/>
<attribute name="c5668" type="java.lang.String"/>
<attribute name="c5669" type="java.lang.String"/>
<attribute name="c5670" type="java.lang.String"/>
<attribute name="c5671" type="java.lang.String"/>
<attribute name="c5672" type="java.lang.String"/>
<attribute name="c5673" type="java.lang.String"/>
<attribute name="c5674" type="java.lang.String"/>
<attribute name="c5675" type="java.lang.String"/>
<attribute name="c5676" type="java.lang.String"/>
<attribute name="c5677" type="java.lang.String"/>
<attribute name="k5818" type="java.lang.String"/>
<attribute name="k5819" type="java.lang.String"/>
<attribute name="c5646" type="java.lang.String"/>
<attribute name="k5820" type="java.lang.String"/>
<attribute name="k5821" type="java.lang.String"/>
<attribute name="k5822" type="java.lang.String"/>
<attribute name="c5647" type="java.lang.String"/>
<attribute name="k5823" type="java.lang.String"/>
<attribute name="k5824" type="java.lang.String"/>
<attribute name="k5825" type="java.lang.String"/>
<attribute name="k5826" type="java.lang.String"/>
<attribute name="c5648" type="java.lang.String"/>
</outputs>
<children>
<operator type="DEPENDENT_JOIN" param="7">
<outputs>
<attribute name="c5678" type="java.lang.String"/>
<attribute name="c5646" type="java.lang.String"/>
<attribute name="c5679" type="java.lang.String"/>
<attribute name="c5680" type="java.lang.String"/>
<attribute name="c5681" type="java.lang.String"/>
<attribute name="c5647" type="java.lang.String"/>
<attribute name="c5682" type="java.lang.String"/>
<attribute name="c5677" type="java.lang.String"/>
<attribute name="c5683" type="java.lang.String"/>
<attribute name="c5684" type="java.lang.String"/>
<attribute name="c5667" type="java.lang.String"/>
<attribute name="c5668" type="java.lang.String"/>
<attribute name="c5669" type="java.lang.String"/>
<attribute name="c5670" type="java.lang.String"/>
<attribute name="c5671" type="java.lang.String"/>
<attribute name="c5672" type="java.lang.String"/>
<attribute name="c5673" type="java.lang.String"/>
<attribute name="c5674" type="java.lang.String"/>
<attribute name="c5675" type="java.lang.String"/>
<attribute name="c5676" type="java.lang.String"/>
<attribute name="c5677" type="java.lang.String"/>
</outputs>
<children>
<operator type="PROJECT">
<outputs>
<attribute name="c5678" type="java.lang.String"/>
<attribute name="c5646" type="java.lang.String"/>
<attribute name="c5679" type="java.lang.String"/>
<attribute name="c5680" type="java.lang.String"/>
<attribute name="c5681" type="java.lang.String"/>
<attribute name="c5647" type="java.lang.String"/>
<attribute name="c5682" type="java.lang.String"/>
<attribute name="c5677" type="java.lang.String"/>
<attribute name="c5683" type="java.lang.String"/>
<attribute name="c5684" type="java.lang.String"/>
</outputs>
<project>
<attribute name="authors" type="java.lang.String"/>
<attribute name="document_chembl_id" type="java.lang.String"/>
<attribute name="doi" type="java.lang.String"/>
<attribute name="first_page" type="java.lang.String"/>
<attribute name="issue" type="java.lang.String"/>
<attribute name="journal" type="java.lang.String"/>
<attribute name="last_page" type="java.lang.String"/>
<attribute name="pubmed_id" type="java.lang.String"/>
<attribute name="title" type="java.lang.String"/>
<attribute name="volume" type="java.lang.String"/>
</project>
<child>
<operator type="SELECT">
<outputs>
<attribute name="authors" type="java.lang.String"/>
<attribute name="doc_type" type="java.lang.String"/>
<attribute name="document_chembl_id" type="java.lang.String"/>
<attribute name="doi" type="java.lang.String"/>
<attribute name="first_page" type="java.lang.String"/>
<attribute name="issue" type="java.lang.String"/>
<attribute name="journal" type="java.lang.String"/>
<attribute name="last_page" type="java.lang.String"/>
<attribute name="pubmed_id" type="java.lang.String"/>
<attribute name="title" type="java.lang.String"/>
<attribute name="volume" type="java.lang.String"/>
<attribute name="year" type="java.lang.String"/>
</outputs>
<conjunction>
<predicate type="equality" left="1" value="PUBLICATION"/>
<predicate type="equality" left="11" value="2007"/>
</conjunction>
<child>
<operator type="ACCESS" relation="DocumentFree" access-method="chembl_document_free">
<outputs>
<attribute name="authors" type="java.lang.String"/>
<attribute name="doc_type" type="java.lang.String"/>
<attribute name="document_chembl_id" type="java.lang.String"/>
<attribute name="doi" type="java.lang.String"/>
<attribute name="first_page" type="java.lang.String"/>
<attribute name="issue" type="java.lang.String"/>
<attribute name="journal" type="java.lang.String"/>
<attribute name="last_page" type="java.lang.String"/>
<attribute name="pubmed_id" type="java.lang.String"/>
<attribute name="title" type="java.lang.String"/>
<attribute name="volume" type="java.lang.String"/>
<attribute name="year" type="java.lang.String"/>
</outputs>
</operator>
</child>
</operator>
</child>
</operator>
<operator type="PROJECT">
<outputs>
<attribute name="c5667" type="java.lang.String"/>
<attribute name="c5668" type="java.lang.String"/>
<attribute name="c5669" type="java.lang.String"/>
<attribute name="c5670" type="java.lang.String"/>
<attribute name="c5671" type="java.lang.String"/>
<attribute name="c5672" type="java.lang.String"/>
<attribute name="c5673" type="java.lang.String"/>
<attribute name="c5674" type="java.lang.String"/>
<attribute name="c5675" type="java.lang.String"/>
<attribute name="c5676" type="java.lang.String"/>
<attribute name="c5677" type="java.lang.String"/>
</outputs>
<project>
<attribute name="id" type="java.lang.String"/>
<attribute name="source" type="java.lang.String"/>
<attribute name="citationType" type="java.lang.String"/>
<attribute name="title" type="java.lang.String"/>
<attribute name="authorString" type="java.lang.String"/>
<attribute name="journalAbbreviation" type="java.lang.String"/>
<attribute name="volume" type="java.lang.String"/>
<attribute name="issue" type="java.lang.String"/>
<attribute name="pageInfo" type="java.lang.String"/>
<attribute name="citedByCount" type="java.lang.String"/>
<attribute name="ext_id" type="java.lang.String"/>
</project>
<child>
<operator type="SELECT">
<outputs>
<attribute name="id" type="java.lang.String"/>
<attribute name="source" type="java.lang.String"/>
<attribute name="citationType" type="java.lang.String"/>
<attribute name="title" type="java.lang.String"/>
<attribute name="authorString" type="java.lang.String"/>
<attribute name="journalAbbreviation" type="java.lang.String"/>
<attribute name="pubYear" type="java.lang.String"/>
<attribute name="volume" type="java.lang.String"/>
<attribute name="issue" type="java.lang.String"/>
<attribute name="pageInfo" type="java.lang.String"/>
<attribute name="citedByCount" type="java.lang.String"/>
<attribute name="src" type="java.lang.String"/>
<attribute name="ext_id" type="java.lang.String"/>
</outputs>
<conjunction>
<predicate type="equality" left="6" value="2008"/>
<predicate type="equality" left="11" value="MED"/>
</conjunction>
<child>
<operator type="ACCESS" relation="Citation" access-method="pubmed_citation_1">
<outputs>
<attribute name="id" type="java.lang.String"/>
<attribute name="source" type="java.lang.String"/>
<attribute name="citationType" type="java.lang.String"/>
<attribute name="title" type="java.lang.String"/>
<attribute name="authorString" type="java.lang.String"/>
<attribute name="journalAbbreviation" type="java.lang.String"/>
<attribute name="pubYear" type="java.lang.String"/>
<attribute name="volume" type="java.lang.String"/>
<attribute name="issue" type="java.lang.String"/>
<attribute name="pageInfo" type="java.lang.String"/>
<attribute name="citedByCount" type="java.lang.String"/>
<attribute name="src" type="java.lang.String"/>
<attribute name="ext_id" type="java.lang.String"/>
</outputs>
<static-input>
<input attribute="11" value="MED" type="java.lang.String"/>
</static-input>
</operator>
</child>
</operator>
</child>
</operator>
</children>
</operator>
<operator type="PROJECT">
<outputs>
<attribute name="k5818" type="java.lang.String"/>
<attribute name="k5819" type="java.lang.String"/>
<attribute name="c5646" type="java.lang.String"/>
<attribute name="k5820" type="java.lang.String"/>
<attribute name="k5821" type="java.lang.String"/>
<attribute name="k5822" type="java.lang.String"/>
<attribute name="c5647" type="java.lang.String"/>
<attribute name="k5823" type="java.lang.String"/>
<attribute name="k5824" type="java.lang.String"/>
<attribute name="k5825" type="java.lang.String"/>
<attribute name="k5826" type="java.lang.String"/>
<attribute name="c5648" type="java.lang.String"/>
</outputs>
<project>
<attribute name="authors" type="java.lang.String"/>
<attribute name="doc_type" type="java.lang.String"/>
<attribute name="document_chembl_id" type="java.lang.String"/>
<attribute name="doi" type="java.lang.String"/>
<attribute name="first_page" type="java.lang.String"/>
<attribute name="issue" type="java.lang.String"/>
<attribute name="journal" type="java.lang.String"/>
<attribute name="last_page" type="java.lang.String"/>
<attribute name="pubmed_id" type="java.lang.String"/>
<attribute name="title" type="java.lang.String"/>
<attribute name="volume" type="java.lang.String"/>
<attribute name="year" type="java.lang.String"/>
</project>
<child>
<operator type="ACCESS" relation="DocumentLimited" access-method="chembl_document_limited">
<outputs>
<attribute name="authors" type="java.lang.String"/>
<attribute name="doc_type" type="java.lang.String"/>
<attribute name="document_chembl_id" type="java.lang.String"/>
<attribute name="doi" type="java.lang.String"/>
<attribute name="first_page" type="java.lang.String"/>
<attribute name="issue" type="java.lang.String"/>
<attribute name="journal" type="java.lang.String"/>
<attribute name="last_page" type="java.lang.String"/>
<attribute name="pubmed_id" type="java.lang.String"/>
<attribute name="title" type="java.lang.String"/>
<attribute name="volume" type="java.lang.String"/>
<attribute name="year" type="java.lang.String"/>
</outputs>
</operator>
</child>
</operator>
</children>
</operator>
<operator type="PROJECT">
<outputs>
<attribute name="c5637" type="java.lang.String"/>
<attribute name="c5638" type="java.lang.String"/>
<attribute name="c5639" type="java.lang.String"/>
<attribute name="c5640" type="java.lang.String"/>
<attribute name="c5641" type="java.lang.String"/>
<attribute name="c5642" type="java.lang.String"/>
<attribute name="c5643" type="java.lang.String"/>
<attribute name="c5644" type="java.lang.String"/>
<attribute name="c5645" type="java.lang.String"/>
<attribute name="c5646" type="java.lang.String"/>
<attribute name="c5647" type="java.lang.String"/>
<attribute name="c5648" type="java.lang.String"/>
<attribute name="c5649" type="java.lang.String"/>
<attribute name="c5650" type="java.lang.Double"/>
<attribute name="c5651" type="java.lang.String"/>
<attribute name="c5652" type="java.lang.String"/>
<attribute name="c5653" type="java.lang.String"/>
<attribute name="c5654" type="java.lang.String"/>
<attribute name="c5655" type="java.lang.String"/>
<attribute name="c5656" type="java.lang.String"/>
<attribute name="c5657" type="java.lang.String"/>
<attribute name="c5658" type="java.lang.Boolean"/>
<attribute name="c5659" type="java.lang.String"/>
<attribute name="c5660" type="java.lang.String"/>
<attribute name="c5661" type="java.lang.String"/>
<attribute name="c5662" type="java.lang.Double"/>
<attribute name="c5663" type="java.lang.String"/>
<attribute name="c5664" type="java.lang.String"/>
<attribute name="c5665" type="java.lang.String"/>
<attribute name="c5666" type="java.lang.String"/>
</outputs>
<project>
<attribute name="activity_comment" type="java.lang.String"/>
<attribute name="activity_id" type="java.lang.String"/>
<attribute name="assay_chembl_id" type="java.lang.String"/>
<attribute name="assay_description" type="java.lang.String"/>
<attribute name="assay_type" type="java.lang.String"/>
<attribute name="bao_endpoint" type="java.lang.String"/>
<attribute name="bao_format" type="java.lang.String"/>
<attribute name="canonical_smiles" type="java.lang.String"/>
<attribute name="data_validity_comment" type="java.lang.String"/>
<attribute name="document_chembl_id" type="java.lang.String"/>
<attribute name="document_journal" type="java.lang.String"/>
<attribute name="document_year" type="java.lang.String"/>
<attribute name="molecule_chembl_id" type="java.lang.String"/>
<attribute name="pchembl_value" type="java.lang.Double"/>
<attribute name="potential_duplicate" type="java.lang.String"/>
<attribute name="published_relation" type="java.lang.String"/>
<attribute name="published_type" type="java.lang.String"/>
<attribute name="published_units" type="java.lang.String"/>
<attribute name="published_value" type="java.lang.String"/>
<attribute name="qudt_units" type="java.lang.String"/>
<attribute name="record_id" type="java.lang.String"/>
<attribute name="standard_flag" type="java.lang.Boolean"/>
<attribute name="standard_relation" type="java.lang.String"/>
<attribute name="standard_type" type="java.lang.String"/>
<attribute name="standard_units" type="java.lang.String"/>
<attribute name="standard_value" type="java.lang.Double"/>
<attribute name="target_chembl_id" type="java.lang.String"/>
<attribute name="target_organism" type="java.lang.String"/>
<attribute name="target_pref_name" type="java.lang.String"/>
<attribute name="uo_units" type="java.lang.String"/>
</project>
<child>
<operator type="ACCESS" relation="ActivityLimited" access-method="chembl_activity_limited_1">
<outputs>
<attribute name="activity_comment" type="java.lang.String"/>
<attribute name="activity_id" type="java.lang.String"/>
<attribute name="assay_chembl_id" type="java.lang.String"/>
<attribute name="assay_description" type="java.lang.String"/>
<attribute name="assay_type" type="java.lang.String"/>
<attribute name="bao_endpoint" type="java.lang.String"/>
<attribute name="bao_format" type="java.lang.String"/>
<attribute name="canonical_smiles" type="java.lang.String"/>
<attribute name="data_validity_comment" type="java.lang.String"/>
<attribute name="document_chembl_id" type="java.lang.String"/>
<attribute name="document_journal" type="java.lang.String"/>
<attribute name="document_year" type="java.lang.String"/>
<attribute name="molecule_chembl_id" type="java.lang.String"/>
<attribute name="pchembl_value" type="java.lang.Double"/>
<attribute name="potential_duplicate" type="java.lang.String"/>
<attribute name="published_relation" type="java.lang.String"/>
<attribute name="published_type" type="java.lang.String"/>
<attribute name="published_units" type="java.lang.String"/>
<attribute name="published_value" type="java.lang.String"/>
<attribute name="qudt_units" type="java.lang.String"/>
<attribute name="record_id" type="java.lang.String"/>
<attribute name="standard_flag" type="java.lang.Boolean"/>
<attribute name="standard_relation" type="java.lang.String"/>
<attribute name="standard_type" type="java.lang.String"/>
<attribute name="standard_units" type="java.lang.String"/>
<attribute name="standard_value" type="java.lang.Double"/>
<attribute name="target_chembl_id" type="java.lang.String"/>
<attribute name="target_organism" type="java.lang.String"/>
<attribute name="target_pref_name" type="java.lang.String"/>
<attribute name="uo_units" type="java.lang.String"/>
</outputs>
</operator>
</child>
</operator>
</children>
</operator>
<operator type="PROJECT">
<outputs>
<attribute name="c5685" type="java.lang.String"/>
<attribute name="c5686" type="java.lang.String"/>
<attribute name="c5687" type="java.lang.String"/>
<attribute name="c5664" type="java.lang.String"/>
</outputs>
<project>
<attribute name="input_id" type="java.lang.String"/>
<attribute name="id" type="java.lang.String"/>
<attribute name="entry_name" type="java.lang.String"/>
<attribute name="organism" type="java.lang.String"/>
</project>
<child>
<operator type="ACCESS" relation="ProteinLimited" access-method="uniprot_protein_2">
<outputs>
<attribute name="input_id" type="java.lang.String"/>
<attribute name="id" type="java.lang.String"/>
<attribute name="entry_name" type="java.lang.String"/>
<attribute name="organism" type="java.lang.String"/>
</outputs>
</operator>
</child>
</operator>
</children>
</operator>
</child>
</operator>
</plan>
