<?xml version="1.0" encoding="UTF-8"?>
<plan type="dag" cost="2832.5378842975206" control-flow="TOP_DOWN">
<operator type="DEPENDENT_JOIN" param="1">
<outputs>
<attribute name="c587" type="java.lang.String"/>
<attribute name="c588" type="java.lang.String"/>
<attribute name="c591" type="java.lang.String"/>
<attribute name="c592" type="java.lang.String"/>
<attribute name="c593" type="java.lang.String"/>
<attribute name="c588" type="java.lang.String"/>
<attribute name="c594" type="java.lang.String"/>
<attribute name="c595" type="java.lang.String"/>
<attribute name="c596" type="java.lang.String"/>
<attribute name="k618" type="java.lang.String"/>
<attribute name="k619" type="java.lang.String"/>
<attribute name="k620" type="java.lang.String"/>
<attribute name="k621" type="java.lang.String"/>
<attribute name="k622" type="java.lang.String"/>
<attribute name="k623" type="java.lang.String"/>
<attribute name="k624" type="java.lang.String"/>
<attribute name="k625" type="java.lang.String"/>
<attribute name="k626" type="java.lang.String"/>
<attribute name="k627" type="java.lang.String"/>
<attribute name="k628" type="java.lang.String"/>
<attribute name="c615" type="java.lang.String"/>
<attribute name="c616" type="java.lang.String"/>
<attribute name="c617" type="java.lang.String"/>
<attribute name="c592" type="java.lang.String"/>
<attribute name="c582" type="java.lang.Integer"/>
<attribute name="c583" type="java.lang.String"/>
<attribute name="c584" type="java.lang.String"/>
<attribute name="c585" type="java.lang.String"/>
<attribute name="c586" type="java.lang.Boolean"/>
<attribute name="c587" type="java.lang.String"/>
<attribute name="c588" type="java.lang.String"/>
<attribute name="c589" type="java.lang.String"/>
<attribute name="c590" type="java.lang.Boolean"/>
</outputs>
<children>
<operator type="DEPENDENT_JOIN" param="3">
<outputs>
<attribute name="c587" type="java.lang.String"/>
<attribute name="c588" type="java.lang.String"/>
<attribute name="c591" type="java.lang.String"/>
<attribute name="c592" type="java.lang.String"/>
<attribute name="c593" type="java.lang.String"/>
<attribute name="c588" type="java.lang.String"/>
<attribute name="c594" type="java.lang.String"/>
<attribute name="c595" type="java.lang.String"/>
<attribute name="c596" type="java.lang.String"/>
<attribute name="k618" type="java.lang.String"/>
<attribute name="k619" type="java.lang.String"/>
<attribute name="k620" type="java.lang.String"/>
<attribute name="k621" type="java.lang.String"/>
<attribute name="k622" type="java.lang.String"/>
<attribute name="k623" type="java.lang.String"/>
<attribute name="k624" type="java.lang.String"/>
<attribute name="k625" type="java.lang.String"/>
<attribute name="k626" type="java.lang.String"/>
<attribute name="k627" type="java.lang.String"/>
<attribute name="k628" type="java.lang.String"/>
<attribute name="c615" type="java.lang.String"/>
<attribute name="c616" type="java.lang.String"/>
<attribute name="c617" type="java.lang.String"/>
<attribute name="c592" type="java.lang.String"/>
</outputs>
<children>
<operator type="DEPENDENT_JOIN" param="1">
<outputs>
<attribute name="c587" type="java.lang.String"/>
<attribute name="c588" type="java.lang.String"/>
<attribute name="c591" type="java.lang.String"/>
<attribute name="c592" type="java.lang.String"/>
<attribute name="c593" type="java.lang.String"/>
<attribute name="c588" type="java.lang.String"/>
</outputs>
<children>
<operator type="PROJECT">
<outputs>
<attribute name="c587" type="java.lang.String"/>
<attribute name="c588" type="java.lang.String"/>
</outputs>
<project>
<attribute name="organismId" type="java.lang.String"/>
<attribute name="organism" type="java.lang.String"/>
</project>
<child>
<operator type="ACCESS" relation="OrganismFree" access-method="reactome_species_1">
<outputs>
<attribute name="organismId" type="java.lang.String"/>
<attribute name="organism" type="java.lang.String"/>
</outputs>
</operator>
</child>
</operator>
<operator type="PROJECT">
<outputs>
<attribute name="c591" type="java.lang.String"/>
<attribute name="c592" type="java.lang.String"/>
<attribute name="c593" type="java.lang.String"/>
<attribute name="c588" type="java.lang.String"/>
</outputs>
<project>
<attribute name="input_id" type="java.lang.String"/>
<attribute name="id" type="java.lang.String"/>
<attribute name="entry_name" type="java.lang.String"/>
<attribute name="organism" type="java.lang.String"/>
</project>
<child>
<operator type="ACCESS" relation="ProteinLimited" access-method="uniprot_protein_2">
<outputs>
<attribute name="input_id" type="java.lang.String"/>
<attribute name="id" type="java.lang.String"/>
<attribute name="entry_name" type="java.lang.String"/>
<attribute name="organism" type="java.lang.String"/>
</outputs>
</operator>
</child>
</operator>
</children>
</operator>
<operator type="PROJECT">
<outputs>
<attribute name="c594" type="java.lang.String"/>
<attribute name="c595" type="java.lang.String"/>
<attribute name="c596" type="java.lang.String"/>
<attribute name="k618" type="java.lang.String"/>
<attribute name="k619" type="java.lang.String"/>
<attribute name="k620" type="java.lang.String"/>
<attribute name="k621" type="java.lang.String"/>
<attribute name="k622" type="java.lang.String"/>
<attribute name="k623" type="java.lang.String"/>
<attribute name="k624" type="java.lang.String"/>
<attribute name="k625" type="java.lang.String"/>
<attribute name="k626" type="java.lang.String"/>
<attribute name="k627" type="java.lang.String"/>
<attribute name="k628" type="java.lang.String"/>
<attribute name="c615" type="java.lang.String"/>
<attribute name="c616" type="java.lang.String"/>
<attribute name="c617" type="java.lang.String"/>
<attribute name="c592" type="java.lang.String"/>
</outputs>
<project>
<attribute name="id" type="java.lang.String"/>
<attribute name="source" type="java.lang.String"/>
<attribute name="pmid" type="java.lang.String"/>
<attribute name="pmcid" type="java.lang.String"/>
<attribute name="DOI" type="java.lang.String"/>
<attribute name="title" type="java.lang.String"/>
<attribute name="authorString" type="java.lang.String"/>
<attribute name="journalTitle" type="java.lang.String"/>
<attribute name="issue" type="java.lang.String"/>
<attribute name="journalVolume" type="java.lang.String"/>
<attribute name="pubYear" type="java.lang.String"/>
<attribute name="pubType" type="java.lang.String"/>
<attribute name="inEPMC" type="java.lang.String"/>
<attribute name="inPMC" type="java.lang.String"/>
<attribute name="authors" type="java.lang.String"/>
<attribute name="gene" type="java.lang.String"/>
<attribute name="organism" type="java.lang.String"/>
<attribute name="uniprotPubs" type="java.lang.String"/>
</project>
<child>
<operator type="ACCESS" relation="PublicationShort" access-method="pubmed_pubshort_14">
<outputs>
<attribute name="id" type="java.lang.String"/>
<attribute name="source" type="java.lang.String"/>
<attribute name="pmid" type="java.lang.String"/>
<attribute name="pmcid" type="java.lang.String"/>
<attribute name="DOI" type="java.lang.String"/>
<attribute name="title" type="java.lang.String"/>
<attribute name="authorString" type="java.lang.String"/>
<attribute name="journalTitle" type="java.lang.String"/>
<attribute name="issue" type="java.lang.String"/>
<attribute name="journalVolume" type="java.lang.String"/>
<attribute name="pubYear" type="java.lang.String"/>
<attribute name="pubType" type="java.lang.String"/>
<attribute name="inEPMC" type="java.lang.String"/>
<attribute name="inPMC" type="java.lang.String"/>
<attribute name="authors" type="java.lang.String"/>
<attribute name="gene" type="java.lang.String"/>
<attribute name="organism" type="java.lang.String"/>
<attribute name="uniprotPubs" type="java.lang.String"/>
</outputs>
</operator>
</child>
</operator>
</children>
</operator>
<operator type="PROJECT">
<outputs>
<attribute name="c582" type="java.lang.Integer"/>
<attribute name="c583" type="java.lang.String"/>
<attribute name="c584" type="java.lang.String"/>
<attribute name="c585" type="java.lang.String"/>
<attribute name="c586" type="java.lang.Boolean"/>
<attribute name="c587" type="java.lang.String"/>
<attribute name="c588" type="java.lang.String"/>
<attribute name="c589" type="java.lang.String"/>
<attribute name="c590" type="java.lang.Boolean"/>
</outputs>
<project>
<attribute name="pathwayId" type="java.lang.Integer"/>
<attribute name="pathwayName" type="java.lang.String"/>
<attribute name="stableIdentifier" type="java.lang.String"/>
<attribute name="goBiologicalProcess" type="java.lang.String"/>
<attribute name="isInferred" type="java.lang.Boolean"/>
<attribute name="organismId" type="java.lang.String"/>
<attribute name="organism" type="java.lang.String"/>
<attribute name="doi" type="java.lang.String"/>
<attribute name="hasDiagram" type="java.lang.Boolean"/>
</project>
<child>
<operator type="SELECT">
<outputs>
<attribute name="pathwayId" type="java.lang.Integer"/>
<attribute name="pathwayName" type="java.lang.String"/>
<attribute name="stableIdentifier" type="java.lang.String"/>
<attribute name="goBiologicalProcess" type="java.lang.String"/>
<attribute name="isInDisease" type="java.lang.Boolean"/>
<attribute name="isInferred" type="java.lang.Boolean"/>
<attribute name="organismId" type="java.lang.String"/>
<attribute name="organism" type="java.lang.String"/>
<attribute name="doi" type="java.lang.String"/>
<attribute name="hasDiagram" type="java.lang.Boolean"/>
</outputs>
<conjunction>
<predicate type="equality" left="4" value="true"/>
</conjunction>
<child>
<operator type="ACCESS" relation="PathwayBySpecies" access-method="reactome_pathway_1">
<outputs>
<attribute name="pathwayId" type="java.lang.Integer"/>
<attribute name="pathwayName" type="java.lang.String"/>
<attribute name="stableIdentifier" type="java.lang.String"/>
<attribute name="goBiologicalProcess" type="java.lang.String"/>
<attribute name="isInDisease" type="java.lang.Boolean"/>
<attribute name="isInferred" type="java.lang.Boolean"/>
<attribute name="organismId" type="java.lang.String"/>
<attribute name="organism" type="java.lang.String"/>
<attribute name="doi" type="java.lang.String"/>
<attribute name="hasDiagram" type="java.lang.Boolean"/>
</outputs>
</operator>
</child>
</operator>
</child>
</operator>
</children>
</operator>
</plan>
