<?xml version="1.0" encoding="UTF-8"?>
<!-- 
	SELECT s_name, s_address
	FROM   supplier, nation
	WHERE  s_suppkey IN (
		SELECT ps_suppkey
		FROM   partsupp
		WHERE  ps_partkey IN (
			SELECT p_partkey
			FROM   part
			WHERE  p_name like 'goldenrod lavender spring chocolate lace'
			)
		AND    ps_availqty > (
		SELECT 0.5 * sum(l_quantity)
		FROM   lineitem
		WHERE  l_partkey = ps_partkey
		AND    l_suppkey = ps_suppkey
		AND    l_shipdate >= date ''
	    AND    l_shipdate < date '' + interval '1' year
		)
	)
	AND s_nationkey = n_nationkey
	AND n_name = 'CHINA'
	ORDER BY s_name;
 -->
<query>
	<body>
		<atom name="supplier">
			<variable name="s_suppkey" />
			<variable name="s_name" />
			<variable name="s_address" />
			<variable name="s_nation" />
			<variable name="s_phone" />
			<variable name="s_acctbal" />
			<variable name="s_comment" />
		</atom>
		<atom name="nation">
			<variable name="s_nation" />
			<constant value="CHINA" />
			<variable name="n_regionkey" />
			<variable name="n_comment" />
		</atom>
		<atom name="partsupp">
			<variable name="p_partkey" />
			<variable name="s_suppkey" />
			<variable name="ps_availqty" />
			<variable name="ps_supplycost" />
			<variable name="ps_comment" />
		</atom>
		<atom name="part">
			<variable name="p_partkey" />
			<constant value="goldenrod lavender spring chocolate lace" />
			<variable name="p_mfgr" />
			<variable name="p_brand" />
			<variable name="p_type" />
			<variable name="p_size" />
			<variable name="p_container" />
			<variable name="p_retailprice" />
			<variable name="p_comment" />
		</atom>
		<atom name="lineitem">
			<variable name="l_orderkey" />
			<variable name="p_partkey" />
			<variable name="s_suppkey" />
			<variable name="l_linenumber" />
			<variable name="ps_availqty" />
			<variable name="l_extendedprice" />
			<variable name="l_discount" />
			<variable name="l_tax" />
			<variable name="l_returnflag" />
			<variable name="l_linestatus" />
			<constant value="1998-01-01" />
			<variable name="l_commitdate" />
			<variable name="l_receiptdate" />
			<variable name="l_shipinstruct" />
			<variable name="l_shipmode" />
			<variable name="l_comment" />
		</atom>
	</body>
	<head name="Q">
		<variable name="s_name" />
		<variable name="s_address" />
	</head>
</query>
