<?xml version="1.0" encoding="UTF-8" standalone="yes"?>
<RelationalTermWithCost type="ProjectionTerm">
    <projections name="fv_s_acctbal1337829755" type="java.lang.String"/>
    <projections name="fv_s_name1337829755" type="java.lang.String"/>
    <projections name="fv_ps_supplycost1337829755" type="java.lang.String"/>
    <projections name="fv_n_regionkey1337829755" type="java.lang.Integer"/>
    <RelationalTerm type="DependentJoinTerm">
        <RelationalTerm type="DependentJoinTerm">
            <RelationalTerm type="JoinTerm">
                <RelationalTerm type="RenameTerm">
                    <renamings name="fv_n_regionkey1337829755" type="java.lang.Integer"/>
                    <renamings name="k8" type="java.lang.String"/>
                    <renamings name="k9" type="java.lang.String"/>
                    <RelationalTerm type="AccessTerm">
                        <accessMethod name="m8"/>
                        <inputConstants/>
                        <relation name="region">
                            <attribute name="r_regionkey" type="java.lang.Integer"/>
                            <attribute name="r_name" type="java.lang.String"/>
                            <attribute name="r_comment" type="java.lang.String"/>
                            <access-method name="m8"/>
                        </relation>
                    </RelationalTerm>
                </RelationalTerm>
                <RelationalTerm type="RenameTerm">
                    <renamings name="v__21337829755" type="java.lang.Integer"/>
                    <renamings name="fv_s_name1337829755" type="java.lang.String"/>
                    <renamings name="v_s_address1337829755" type="java.lang.String"/>
                    <renamings name="v__31337829755" type="java.lang.Integer"/>
                    <renamings name="v_s_phone1337829755" type="java.lang.String"/>
                    <renamings name="fv_s_acctbal1337829755" type="java.lang.String"/>
                    <renamings name="v_s_comment1337829755" type="java.lang.String"/>
                    <RelationalTerm type="AccessTerm">
                        <accessMethod name="m20"/>
                        <inputConstants/>
                        <relation name="supplier">
                            <attribute name="s_suppkey" type="java.lang.Integer"/>
                            <attribute name="s_name" type="java.lang.String"/>
                            <attribute name="s_address" type="java.lang.String"/>
                            <attribute name="s_nationkey" type="java.lang.Integer"/>
                            <attribute name="s_phone" type="java.lang.String"/>
                            <attribute name="s_acctbal" type="java.lang.String"/>
                            <attribute name="s_comment" type="java.lang.String"/>
                            <access-method name="m20"/>
                        </relation>
                    </RelationalTerm>
                </RelationalTerm>
            </RelationalTerm>
            <RelationalTerm type="RenameTerm">
                <renamings name="v__31337829755" type="java.lang.String"/>
                <renamings name="v_n_name1337829755" type="java.lang.Integer"/>
                <renamings name="fv_n_regionkey1337829755" type="java.lang.Integer"/>
                <renamings name="v_n_comment1337829755" type="java.lang.String"/>
                <RelationalTerm type="AccessTerm">
                    <accessMethod name="m7" inputs="2"/>
                    <inputConstants/>
                    <relation name="nation">
                        <attribute name="n_name" type="java.lang.String"/>
                        <attribute name="n_nationkey" type="java.lang.Integer"/>
                        <attribute name="n_regionkey" type="java.lang.Integer"/>
                        <attribute name="n_comment" type="java.lang.String"/>
                        <access-method name="m7" inputs="2"/>
                    </relation>
                </RelationalTerm>
            </RelationalTerm>
        </RelationalTerm>
        <RelationalTerm type="RenameTerm">
            <renamings name="v_ps_partkey1337829755" type="java.lang.Integer"/>
            <renamings name="v__21337829755" type="java.lang.Integer"/>
            <renamings name="v_ps_availqty1337829755" type="java.lang.Integer"/>
            <renamings name="fv_ps_supplycost1337829755" type="java.lang.String"/>
            <renamings name="v_ps_comment1337829755" type="java.lang.String"/>
            <RelationalTerm type="AccessTerm">
                <accessMethod name="m5" inputs="1"/>
                <inputConstants/>
                <relation name="partsupp">
                    <attribute name="ps_partkey" type="java.lang.Integer"/>
                    <attribute name="ps_suppkey" type="java.lang.Integer"/>
                    <attribute name="ps_availqty" type="java.lang.Integer"/>
                    <attribute name="ps_supplycost" type="java.lang.String"/>
                    <attribute name="ps_comment" type="java.lang.String"/>
                    <access-method name="m4" inputs="0"/>
                    <access-method name="m5" inputs="1"/>
                    <access-method name="m6" inputs="0,1"/>
                </relation>
            </RelationalTerm>
        </RelationalTerm>
    </RelationalTerm>
    <cost value="42.0" type="DoubleCost"/>
</RelationalTermWithCost>
