<?xml version="1.0" encoding="UTF-8"?>
<plan type="dag" cost="1.00475544E9" control-flow="TOP_DOWN">
<operator type="PROJECT">
<outputs>
<attribute name="c773" type="java.lang.String"/>
<attribute name="c774" type="java.lang.String"/>
<attribute name="c775" type="java.lang.String"/>
<attribute name="c764" type="java.lang.Integer"/>
<attribute name="c765" type="java.lang.String"/>
<attribute name="c766" type="java.lang.String"/>
<attribute name="c767" type="java.lang.String"/>
<attribute name="c768" type="java.lang.Boolean"/>
<attribute name="c769" type="java.lang.String"/>
<attribute name="c770" type="java.lang.String"/>
<attribute name="c771" type="java.lang.String"/>
<attribute name="c772" type="java.lang.Boolean"/>
</outputs>
<project>
<attribute name="c773" type="java.lang.String"/>
<attribute name="c774" type="java.lang.String"/>
<attribute name="c775" type="java.lang.String"/>
<attribute name="c764" type="java.lang.Integer"/>
<attribute name="c765" type="java.lang.String"/>
<attribute name="c766" type="java.lang.String"/>
<attribute name="c767" type="java.lang.String"/>
<attribute name="c768" type="java.lang.Boolean"/>
<attribute name="c769" type="java.lang.String"/>
<attribute name="c770" type="java.lang.String"/>
<attribute name="c771" type="java.lang.String"/>
<attribute name="c772" type="java.lang.Boolean"/>
</project>
<child>
<operator type="DEPENDENT_JOIN" param="1">
<outputs>
<attribute name="c769" type="java.lang.String"/>
<attribute name="c770" type="java.lang.String"/>
<attribute name="c764" type="java.lang.Integer"/>
<attribute name="c765" type="java.lang.String"/>
<attribute name="c766" type="java.lang.String"/>
<attribute name="c767" type="java.lang.String"/>
<attribute name="c768" type="java.lang.Boolean"/>
<attribute name="c769" type="java.lang.String"/>
<attribute name="c770" type="java.lang.String"/>
<attribute name="c771" type="java.lang.String"/>
<attribute name="c772" type="java.lang.Boolean"/>
<attribute name="c773" type="java.lang.String"/>
<attribute name="c774" type="java.lang.String"/>
<attribute name="c775" type="java.lang.String"/>
<attribute name="k830" type="java.lang.String"/>
<attribute name="k831" type="java.lang.String"/>
<attribute name="k832" type="java.lang.String"/>
<attribute name="k833" type="java.lang.String"/>
<attribute name="k834" type="java.lang.String"/>
<attribute name="k835" type="java.lang.String"/>
<attribute name="k836" type="java.lang.String"/>
<attribute name="k837" type="java.lang.String"/>
<attribute name="k838" type="java.lang.String"/>
<attribute name="k839" type="java.lang.String"/>
<attribute name="k840" type="java.lang.String"/>
<attribute name="c794" type="java.lang.String"/>
<attribute name="c795" type="java.lang.String"/>
<attribute name="c770" type="java.lang.String"/>
<attribute name="c796" type="java.lang.String"/>
</outputs>
<children>
<operator type="DEPENDENT_JOIN" param="1">
<outputs>
<attribute name="c769" type="java.lang.String"/>
<attribute name="c770" type="java.lang.String"/>
<attribute name="c764" type="java.lang.Integer"/>
<attribute name="c765" type="java.lang.String"/>
<attribute name="c766" type="java.lang.String"/>
<attribute name="c767" type="java.lang.String"/>
<attribute name="c768" type="java.lang.Boolean"/>
<attribute name="c769" type="java.lang.String"/>
<attribute name="c770" type="java.lang.String"/>
<attribute name="c771" type="java.lang.String"/>
<attribute name="c772" type="java.lang.Boolean"/>
</outputs>
<children>
<operator type="PROJECT">
<outputs>
<attribute name="c769" type="java.lang.String"/>
<attribute name="c770" type="java.lang.String"/>
</outputs>
<project>
<attribute name="organismId" type="java.lang.String"/>
<attribute name="organism" type="java.lang.String"/>
</project>
<child>
<operator type="ACCESS" relation="OrganismFree" access-method="reactome_species_1">
<outputs>
<attribute name="organismId" type="java.lang.String"/>
<attribute name="organism" type="java.lang.String"/>
</outputs>
</operator>
</child>
</operator>
<operator type="PROJECT">
<outputs>
<attribute name="c764" type="java.lang.Integer"/>
<attribute name="c765" type="java.lang.String"/>
<attribute name="c766" type="java.lang.String"/>
<attribute name="c767" type="java.lang.String"/>
<attribute name="c768" type="java.lang.Boolean"/>
<attribute name="c769" type="java.lang.String"/>
<attribute name="c770" type="java.lang.String"/>
<attribute name="c771" type="java.lang.String"/>
<attribute name="c772" type="java.lang.Boolean"/>
</outputs>
<project>
<attribute name="pathwayId" type="java.lang.Integer"/>
<attribute name="pathwayName" type="java.lang.String"/>
<attribute name="stableIdentifier" type="java.lang.String"/>
<attribute name="goBiologicalProcess" type="java.lang.String"/>
<attribute name="isInferred" type="java.lang.Boolean"/>
<attribute name="organismId" type="java.lang.String"/>
<attribute name="organism" type="java.lang.String"/>
<attribute name="doi" type="java.lang.String"/>
<attribute name="hasDiagram" type="java.lang.Boolean"/>
</project>
<child>
<operator type="SELECT">
<outputs>
<attribute name="pathwayId" type="java.lang.Integer"/>
<attribute name="pathwayName" type="java.lang.String"/>
<attribute name="stableIdentifier" type="java.lang.String"/>
<attribute name="goBiologicalProcess" type="java.lang.String"/>
<attribute name="isInDisease" type="java.lang.Boolean"/>
<attribute name="isInferred" type="java.lang.Boolean"/>
<attribute name="organismId" type="java.lang.String"/>
<attribute name="organism" type="java.lang.String"/>
<attribute name="doi" type="java.lang.String"/>
<attribute name="hasDiagram" type="java.lang.Boolean"/>
</outputs>
<conjunction>
<predicate type="equality" left="4" value="true"/>
</conjunction>
<child>
<operator type="ACCESS" relation="PathwayBySpecies" access-method="reactome_pathway_1">
<outputs>
<attribute name="pathwayId" type="java.lang.Integer"/>
<attribute name="pathwayName" type="java.lang.String"/>
<attribute name="stableIdentifier" type="java.lang.String"/>
<attribute name="goBiologicalProcess" type="java.lang.String"/>
<attribute name="isInDisease" type="java.lang.Boolean"/>
<attribute name="isInferred" type="java.lang.Boolean"/>
<attribute name="organismId" type="java.lang.String"/>
<attribute name="organism" type="java.lang.String"/>
<attribute name="doi" type="java.lang.String"/>
<attribute name="hasDiagram" type="java.lang.Boolean"/>
</outputs>
</operator>
</child>
</operator>
</child>
</operator>
</children>
</operator>
<operator type="PROJECT">
<outputs>
<attribute name="c773" type="java.lang.String"/>
<attribute name="c774" type="java.lang.String"/>
<attribute name="c775" type="java.lang.String"/>
<attribute name="k830" type="java.lang.String"/>
<attribute name="k831" type="java.lang.String"/>
<attribute name="k832" type="java.lang.String"/>
<attribute name="k833" type="java.lang.String"/>
<attribute name="k834" type="java.lang.String"/>
<attribute name="k835" type="java.lang.String"/>
<attribute name="k836" type="java.lang.String"/>
<attribute name="k837" type="java.lang.String"/>
<attribute name="k838" type="java.lang.String"/>
<attribute name="k839" type="java.lang.String"/>
<attribute name="k840" type="java.lang.String"/>
<attribute name="c794" type="java.lang.String"/>
<attribute name="c795" type="java.lang.String"/>
<attribute name="c770" type="java.lang.String"/>
<attribute name="c796" type="java.lang.String"/>
</outputs>
<project>
<attribute name="id" type="java.lang.String"/>
<attribute name="source" type="java.lang.String"/>
<attribute name="pmid" type="java.lang.String"/>
<attribute name="pmcid" type="java.lang.String"/>
<attribute name="DOI" type="java.lang.String"/>
<attribute name="title" type="java.lang.String"/>
<attribute name="authorString" type="java.lang.String"/>
<attribute name="journalTitle" type="java.lang.String"/>
<attribute name="issue" type="java.lang.String"/>
<attribute name="journalVolume" type="java.lang.String"/>
<attribute name="pubYear" type="java.lang.String"/>
<attribute name="pubType" type="java.lang.String"/>
<attribute name="inEPMC" type="java.lang.String"/>
<attribute name="inPMC" type="java.lang.String"/>
<attribute name="authors" type="java.lang.String"/>
<attribute name="gene" type="java.lang.String"/>
<attribute name="organism" type="java.lang.String"/>
<attribute name="uniprotPubs" type="java.lang.String"/>
</project>
<child>
<operator type="ACCESS" relation="PublicationShort" access-method="pubmed_pubshort_13">
<outputs>
<attribute name="id" type="java.lang.String"/>
<attribute name="source" type="java.lang.String"/>
<attribute name="pmid" type="java.lang.String"/>
<attribute name="pmcid" type="java.lang.String"/>
<attribute name="DOI" type="java.lang.String"/>
<attribute name="title" type="java.lang.String"/>
<attribute name="authorString" type="java.lang.String"/>
<attribute name="journalTitle" type="java.lang.String"/>
<attribute name="issue" type="java.lang.String"/>
<attribute name="journalVolume" type="java.lang.String"/>
<attribute name="pubYear" type="java.lang.String"/>
<attribute name="pubType" type="java.lang.String"/>
<attribute name="inEPMC" type="java.lang.String"/>
<attribute name="inPMC" type="java.lang.String"/>
<attribute name="authors" type="java.lang.String"/>
<attribute name="gene" type="java.lang.String"/>
<attribute name="organism" type="java.lang.String"/>
<attribute name="uniprotPubs" type="java.lang.String"/>
</outputs>
</operator>
</child>
</operator>
</children>
</operator>
</child>
</operator>
</plan>
