<?xml version="1.0" encoding="UTF-8"?>
<query name="Example 1" description="" type="conjunctive">
	<body>

		<atom name="Pathway">
			<variable name="pathwayId" />
			<variable name="pathwayName" />
			<variable name="stableIdentifier" />
			<variable name="goBiologicalProcess" />
			<constant value="true" />
			<variable name="isInferred" />
			<variable name="organismId" />
			<variable name="organism" />
			<variable name="pdoi" />
			<variable name="hasDiagram" />
		</atom>

		<atom name="Publication">
			<variable name="publicationId" />
			<variable name="source" />
			<variable name="pmid" />
			<variable name="pmcid" />
			<variable name="DOI" />
			<variable name="title" />
			<variable name="authorString" />
			<variable name="journalTitle" />
			<variable name="issue" />
			<variable name="journalVolume" />
			<variable name="pubYear" />
			<variable name="journalIssn" />
			<variable name="pubType" />
			<variable name="inEPMC" />
			<variable name="inPMC" />
			<variable name="citedByCount" />
			<variable name="hasReferences" />
			<variable name="hasTextMinedTerms" />
			<variable name="hasDbCrossReferences" />
			<variable name="hasLabsLinks" />
			<variable name="hasTMAccessionNumbers" />
			<variable />
			<variable />
			<variable name="organism" />
			<variable />
		</atom>

	</body>
	<head name="Q">

		<variable name="publicationId" />
		<variable name="source" />
		<variable name="pmid" />

		<variable name="pathwayId" />
		<variable name="pathwayName" />
		<variable name="stableIdentifier" />
		<variable name="goBiologicalProcess" />
		<variable name="isInferred" />
		<variable name="organismId" />
		<variable name="organism" />
		<variable name="pdoi" />
		<variable name="hasDiagram" />


	</head>

</query>
