<?xml version="1.0" encoding="UTF-8"?>
<plan type="dag" cost="43.67" control-flow="BOTTOM_UP">
<operator type="PROJECT">
<outputs>
<attribute name="c3234" type="java.math.BigDecimal"/>
<attribute name="c3230" type="java.lang.String"/>
<attribute name="c3228" type="java.math.BigDecimal"/>
<attribute name="c3237" type="java.lang.Integer"/>
</outputs>
<project>
<attribute name="c3234" type="java.math.BigDecimal"/>
<attribute name="c3230" type="java.lang.String"/>
<attribute name="c3228" type="java.math.BigDecimal"/>
<attribute name="c3237" type="java.lang.Integer"/>
</project>
<child>
<operator type="JOIN" variant="SYMMETRIC_HASH">
<outputs>
<attribute name="c3226" type="java.lang.Integer"/>
<attribute name="c3230" type="java.lang.String"/>
<attribute name="c3231" type="java.lang.String"/>
<attribute name="c3232" type="java.lang.Integer"/>
<attribute name="c3233" type="java.lang.String"/>
<attribute name="c3234" type="java.math.BigDecimal"/>
<attribute name="c3235" type="java.lang.String"/>
<attribute name="c3232" type="java.lang.Integer"/>
<attribute name="c3236" type="java.lang.String"/>
<attribute name="c3237" type="java.lang.Integer"/>
<attribute name="c3238" type="java.lang.String"/>
<attribute name="c3225" type="java.lang.Integer"/>
<attribute name="c3226" type="java.lang.Integer"/>
<attribute name="c3227" type="java.lang.Integer"/>
<attribute name="c3228" type="java.math.BigDecimal"/>
<attribute name="c3229" type="java.lang.String"/>
</outputs>
<conjunction>
<predicate type="equality" left="0" right="12"/>
</conjunction>
<children>
<operator type="JOIN" variant="SYMMETRIC_HASH">
<outputs>
<attribute name="c3226" type="java.lang.Integer"/>
<attribute name="c3230" type="java.lang.String"/>
<attribute name="c3231" type="java.lang.String"/>
<attribute name="c3232" type="java.lang.Integer"/>
<attribute name="c3233" type="java.lang.String"/>
<attribute name="c3234" type="java.math.BigDecimal"/>
<attribute name="c3235" type="java.lang.String"/>
<attribute name="c3232" type="java.lang.Integer"/>
<attribute name="c3236" type="java.lang.String"/>
<attribute name="c3237" type="java.lang.Integer"/>
<attribute name="c3238" type="java.lang.String"/>
</outputs>
<conjunction>
<predicate type="equality" left="3" right="7"/>
</conjunction>
<children>
<operator type="PROJECT">
<outputs>
<attribute name="c3226" type="java.lang.Integer"/>
<attribute name="c3230" type="java.lang.String"/>
<attribute name="c3231" type="java.lang.String"/>
<attribute name="c3232" type="java.lang.Integer"/>
<attribute name="c3233" type="java.lang.String"/>
<attribute name="c3234" type="java.math.BigDecimal"/>
<attribute name="c3235" type="java.lang.String"/>
</outputs>
<project>
<attribute name="s_suppkey" type="java.lang.Integer"/>
<attribute name="s_name" type="java.lang.String"/>
<attribute name="s_address" type="java.lang.String"/>
<attribute name="s_nationkey" type="java.lang.Integer"/>
<attribute name="s_phone" type="java.lang.String"/>
<attribute name="s_acctbal" type="java.math.BigDecimal"/>
<attribute name="s_comment" type="java.lang.String"/>
</project>
<child>
<operator type="ACCESS" relation="supplier" access-method="m6">
<outputs>
<attribute name="s_suppkey" type="java.lang.Integer"/>
<attribute name="s_name" type="java.lang.String"/>
<attribute name="s_address" type="java.lang.String"/>
<attribute name="s_nationkey" type="java.lang.Integer"/>
<attribute name="s_phone" type="java.lang.String"/>
<attribute name="s_acctbal" type="java.math.BigDecimal"/>
<attribute name="s_comment" type="java.lang.String"/>
</outputs>
</operator>
</child>
</operator>
<operator type="PROJECT">
<outputs>
<attribute name="c3232" type="java.lang.Integer"/>
<attribute name="c3236" type="java.lang.String"/>
<attribute name="c3237" type="java.lang.Integer"/>
<attribute name="c3238" type="java.lang.String"/>
</outputs>
<project>
<attribute name="n_nationkey" type="java.lang.Integer"/>
<attribute name="n_name" type="java.lang.String"/>
<attribute name="n_regionkey" type="java.lang.Integer"/>
<attribute name="n_comment" type="java.lang.String"/>
</project>
<child>
<operator type="ACCESS" relation="nation" access-method="m10">
<outputs>
<attribute name="n_nationkey" type="java.lang.Integer"/>
<attribute name="n_name" type="java.lang.String"/>
<attribute name="n_regionkey" type="java.lang.Integer"/>
<attribute name="n_comment" type="java.lang.String"/>
</outputs>
</operator>
</child>
</operator>
</children>
</operator>
<operator type="PROJECT">
<outputs>
<attribute name="c3225" type="java.lang.Integer"/>
<attribute name="c3226" type="java.lang.Integer"/>
<attribute name="c3227" type="java.lang.Integer"/>
<attribute name="c3228" type="java.math.BigDecimal"/>
<attribute name="c3229" type="java.lang.String"/>
</outputs>
<project>
<attribute name="ps_partkey" type="java.lang.Integer"/>
<attribute name="ps_suppkey" type="java.lang.Integer"/>
<attribute name="ps_availqty" type="java.lang.Integer"/>
<attribute name="ps_supplycost" type="java.math.BigDecimal"/>
<attribute name="ps_comment" type="java.lang.String"/>
</project>
<child>
<operator type="ACCESS" relation="partsupp" access-method="m8">
<outputs>
<attribute name="ps_partkey" type="java.lang.Integer"/>
<attribute name="ps_suppkey" type="java.lang.Integer"/>
<attribute name="ps_availqty" type="java.lang.Integer"/>
<attribute name="ps_supplycost" type="java.math.BigDecimal"/>
<attribute name="ps_comment" type="java.lang.String"/>
</outputs>
</operator>
</child>
</operator>
</children>
</operator>
</child>
</operator>
</plan>
