<?xml version="1.0" encoding="UTF-8"?>
<plan type="linear" cost="1.8194444444444444E7" control-flow="TOP_DOWN">
<command name="T1">
<operator type="PROJECT">
<outputs>
<attribute name="c91" type="java.lang.String"/>
</outputs>
<project>
<attribute name="c91" type="java.lang.String"/>
</project>
<child>
<operator type="PROJECT">
<outputs>
<attribute name="c88" type="java.lang.Integer"/>
<attribute name="c89" type="java.lang.Integer"/>
<attribute name="c90" type="java.lang.String"/>
<attribute name="c91" type="java.lang.String"/>
<attribute name="c92" type="java.lang.String"/>
<attribute name="c93" type="java.lang.String"/>
<attribute name="c94" type="java.lang.String"/>
<attribute name="c95" type="java.lang.String"/>
<attribute name="c96" type="java.lang.String"/>
<attribute name="c97" type="java.lang.String"/>
<attribute name="c98" type="java.lang.Double"/>
<attribute name="c99" type="java.lang.Double"/>
<attribute name="c100" type="java.lang.Double"/>
<attribute name="c101" type="java.lang.Double"/>
<attribute name="c102" type="java.lang.Double"/>
<attribute name="c103" type="java.lang.Double"/>
<attribute name="c104" type="java.lang.String"/>
</outputs>
<project>
<attribute name="woeid" type="java.lang.Integer"/>
<attribute name="type" type="java.lang.Integer"/>
<attribute name="placeTypeName" type="java.lang.String"/>
<attribute name="country" type="java.lang.String"/>
<attribute name="admin1" type="java.lang.String"/>
<attribute name="admin2" type="java.lang.String"/>
<attribute name="admin3" type="java.lang.String"/>
<attribute name="locality1" type="java.lang.String"/>
<attribute name="locality2" type="java.lang.String"/>
<attribute name="postal" type="java.lang.String"/>
<attribute name="centroid_lat" type="java.lang.Double"/>
<attribute name="centroid_lng" type="java.lang.Double"/>
<attribute name="bboxNorth" type="java.lang.Double"/>
<attribute name="bboxSouth" type="java.lang.Double"/>
<attribute name="bboxEast" type="java.lang.Double"/>
<attribute name="bboxWest" type="java.lang.Double"/>
<attribute name="timezone" type="java.lang.String"/>
</project>
<child>
<operator type="SELECT">
<outputs>
<attribute name="woeid" type="java.lang.Integer"/>
<attribute name="name" type="java.lang.String"/>
<attribute name="type" type="java.lang.Integer"/>
<attribute name="placeTypeName" type="java.lang.String"/>
<attribute name="country" type="java.lang.String"/>
<attribute name="admin1" type="java.lang.String"/>
<attribute name="admin2" type="java.lang.String"/>
<attribute name="admin3" type="java.lang.String"/>
<attribute name="locality1" type="java.lang.String"/>
<attribute name="locality2" type="java.lang.String"/>
<attribute name="postal" type="java.lang.String"/>
<attribute name="centroid_lat" type="java.lang.Double"/>
<attribute name="centroid_lng" type="java.lang.Double"/>
<attribute name="bboxNorth" type="java.lang.Double"/>
<attribute name="bboxSouth" type="java.lang.Double"/>
<attribute name="bboxEast" type="java.lang.Double"/>
<attribute name="bboxWest" type="java.lang.Double"/>
<attribute name="timezone" type="java.lang.String"/>
</outputs>
<conjunction>
<predicate type="equality" left="1" value="Eiffel Tower"/>
</conjunction>
<child>
<operator type="ACCESS" relation="YahooPlaces" access-method="yh_geo_name">
<outputs>
<attribute name="woeid" type="java.lang.Integer"/>
<attribute name="name" type="java.lang.String"/>
<attribute name="type" type="java.lang.Integer"/>
<attribute name="placeTypeName" type="java.lang.String"/>
<attribute name="country" type="java.lang.String"/>
<attribute name="admin1" type="java.lang.String"/>
<attribute name="admin2" type="java.lang.String"/>
<attribute name="admin3" type="java.lang.String"/>
<attribute name="locality1" type="java.lang.String"/>
<attribute name="locality2" type="java.lang.String"/>
<attribute name="postal" type="java.lang.String"/>
<attribute name="centroid_lat" type="java.lang.Double"/>
<attribute name="centroid_lng" type="java.lang.Double"/>
<attribute name="bboxNorth" type="java.lang.Double"/>
<attribute name="bboxSouth" type="java.lang.Double"/>
<attribute name="bboxEast" type="java.lang.Double"/>
<attribute name="bboxWest" type="java.lang.Double"/>
<attribute name="timezone" type="java.lang.String"/>
</outputs>
<static-input>
<input attribute="1" value="Eiffel Tower" type="java.lang.String"/>
</static-input>
</operator>
</child>
</operator>
</child>
</operator>
</child>
</operator>
</command>
</plan>
