<?xml version="1.0" encoding="UTF-8"?>
<query name="Information about a single Yahoo place by its name" description="" type="conjunctive">
<body>
<atom name="YahooPlaces">
<variable name="woeid"/>
<constant value="Eiffel Tower"/>
<variable name="type"/>
<variable name="placeTypeName"/>
<variable name="country"/>
<variable name="admin1"/>
<variable name="admin2"/>
<variable name="admin3"/>
<variable name="locality1"/>
<variable name="locality2"/>
<variable name="postal"/>
<variable name="latitude"/>
<variable name="longitude"/>
<variable name="bboxNorth"/>
<variable name="bboxSouth"/>
<variable name="bboxEast"/>
<variable name="bboxWest"/>
<variable name="timezone"/>
</atom>
</body>
<head name="Q">
<variable name="country"/>
</head>
</query>
