<?xml version="1.0" encoding="UTF-8"?>
<schema>
	<relations>
		<relation name="R0" size="876">
			<attribute name="x0" type="java.lang.String" />
			<attribute name="x1" type="java.lang.String" />
			<access-method name="mt_0" type="LIMITED" inputs="1" cost="5.0" />
		</relation>
		<relation name="R2" size="403">
			<attribute name="x0" type="java.lang.String" />
			<attribute name="x1" type="java.lang.String" />
			<access-method name="mt_1" type="LIMITED" inputs="2" cost="5.0" />
		</relation>
		<relation name="R1" size="178">
			<attribute name="x0" type="java.lang.String" />
			<attribute name="x1" type="java.lang.String" />
			<attribute name="x2" type="java.lang.String" />
			<access-method name="mt_2" type="LIMITED" inputs="3" cost="5.0" />
		</relation>
		<relation name="R3" size="377">
			<attribute name="x0" type="java.lang.String" />
			<attribute name="x1" type="java.lang.String" />
			<attribute name="x2" type="java.lang.String" />
			<access-method name="mt_3" type="LIMITED" inputs="2" cost="5.0" />
		</relation>
		<relation name="R4" size="804">
			<attribute name="x0" type="java.lang.String" />
			<attribute name="x1" type="java.lang.String" />
			<attribute name="x2" type="java.lang.String" />
			<access-method name="mt_4" type="LIMITED" inputs="2,3" cost="5.0" />
			<access-method name="mt_5" type="FREE" cost="5.0" />
		</relation>
	</relations>
	<dependencies>
		<dependency>
			<body>
				<atom name="R2">
					<variable name="x7" />
					<variable name="x1" />
				</atom>
			</body>
			<head>
				<atom name="R2">
					<variable name="x1" />
					<variable name="x1" />
				</atom>
				<atom name="R0">
					<variable name="x1" />
					<variable name="x1" />
				</atom>
				<atom name="R4">
					<variable name="x1" />
					<variable name="x1" />
					<variable name="x7" />
				</atom>
			</head>
		</dependency>
		<dependency>
			<body>
				<atom name="R1">
					<variable name="x2" />
					<variable name="x3" />
					<variable name="x4" />
				</atom>
			</body>
			<head>
				<atom name="R0">
					<variable name="y6" />
					<variable name="y5" />
				</atom>
				<atom name="R1">
					<variable name="y2" />
					<variable name="y6" />
					<variable name="y3" />
				</atom>
				<atom name="R4">
					<variable name="y8" />
					<variable name="y6" />
					<variable name="y2" />
				</atom>
			</head>
		</dependency>
		<dependency>
			<body>
				<atom name="R4">
					<variable name="x5" />
					<variable name="x3" />
					<variable name="x7" />
				</atom>
			</body>
			<head>
				<atom name="R2">
					<variable name="x7" />
					<variable name="x3" />
				</atom>
				<atom name="R1">
					<variable name="y1" />
					<variable name="x7" />
					<variable name="y1" />
				</atom>
				<atom name="R4">
					<variable name="y3" />
					<variable name="x3" />
					<variable name="y1" />
				</atom>
			</head>
		</dependency>
	</dependencies>
</schema>
