<?xml version="1.0" encoding="UTF-8"?>
<plan type="linear" cost="10.0" control-flow="TOP_DOWN">
<command name="T1">
<operator type="PROJECT">
<outputs>
<attribute name="c1299" type="java.lang.Integer"/>
</outputs>
<project>
<attribute name="c1299" type="java.lang.Integer"/>
</project>
<child>
<operator type="PROJECT">
<outputs>
<attribute name="c1299" type="java.lang.Integer"/>
<attribute name="c1300" type="java.lang.String"/>
<attribute name="c1301" type="java.lang.String"/>
<attribute name="c1302" type="java.lang.String"/>
<attribute name="c1303" type="java.lang.String"/>
<attribute name="c1304" type="java.lang.Integer"/>
<attribute name="c1305" type="java.lang.String"/>
<attribute name="c1306" type="java.math.BigDecimal"/>
<attribute name="c1307" type="java.lang.String"/>
</outputs>
<project>
<attribute name="p_partkey" type="java.lang.Integer"/>
<attribute name="p_name" type="java.lang.String"/>
<attribute name="p_mfgr" type="java.lang.String"/>
<attribute name="p_brand" type="java.lang.String"/>
<attribute name="p_type" type="java.lang.String"/>
<attribute name="p_size" type="java.lang.Integer"/>
<attribute name="p_container" type="java.lang.String"/>
<attribute name="p_retailprice" type="java.math.BigDecimal"/>
<attribute name="p_comment" type="java.lang.String"/>
</project>
<child>
<operator type="ACCESS" relation="part" access-method="m4">
<outputs>
<attribute name="p_partkey" type="java.lang.Integer"/>
<attribute name="p_name" type="java.lang.String"/>
<attribute name="p_mfgr" type="java.lang.String"/>
<attribute name="p_brand" type="java.lang.String"/>
<attribute name="p_type" type="java.lang.String"/>
<attribute name="p_size" type="java.lang.Integer"/>
<attribute name="p_container" type="java.lang.String"/>
<attribute name="p_retailprice" type="java.math.BigDecimal"/>
<attribute name="p_comment" type="java.lang.String"/>
</outputs>
</operator>
</child>
</operator>
</child>
</operator>
</command>
</plan>
