<?xml version="1.0" encoding="UTF-8"?>
<plan type="dag" cost="5916.0" control-flow="TOP_DOWN">
<operator type="JOIN" variant="SYMMETRIC_HASH">
<outputs>
<attribute name="c63" type="java.lang.Integer"/>
<attribute name="k74" type="java.lang.String"/>
<attribute name="k75" type="java.lang.String"/>
<attribute name="k76" type="java.lang.Integer"/>
<attribute name="k77" type="java.lang.String"/>
<attribute name="k78" type="java.math.BigDecimal"/>
<attribute name="k79" type="java.lang.String"/>
<attribute name="c62" type="java.lang.Integer"/>
<attribute name="c63" type="java.lang.Integer"/>
<attribute name="c64" type="java.math.BigDecimal"/>
<attribute name="c65" type="java.lang.String"/>
<attribute name="c62" type="java.lang.Integer"/>
<attribute name="c66" type="java.lang.String"/>
<attribute name="c67" type="java.lang.String"/>
<attribute name="c68" type="java.lang.String"/>
<attribute name="c69" type="java.lang.String"/>
<attribute name="c70" type="java.lang.Integer"/>
<attribute name="c71" type="java.lang.String"/>
<attribute name="c72" type="java.math.BigDecimal"/>
<attribute name="c73" type="java.lang.String"/>
</outputs>
<conjunction>
<predicate type="equality" left="7" right="11"/>
</conjunction>
<children>
<operator type="DEPENDENT_JOIN" param="0">
<outputs>
<attribute name="c63" type="java.lang.Integer"/>
<attribute name="k74" type="java.lang.String"/>
<attribute name="k75" type="java.lang.String"/>
<attribute name="k76" type="java.lang.Integer"/>
<attribute name="k77" type="java.lang.String"/>
<attribute name="k78" type="java.math.BigDecimal"/>
<attribute name="k79" type="java.lang.String"/>
<attribute name="c62" type="java.lang.Integer"/>
<attribute name="c63" type="java.lang.Integer"/>
<attribute name="c64" type="java.math.BigDecimal"/>
<attribute name="c65" type="java.lang.String"/>
</outputs>
<children>
<operator type="PROJECT">
<outputs>
<attribute name="c63" type="java.lang.Integer"/>
<attribute name="k74" type="java.lang.String"/>
<attribute name="k75" type="java.lang.String"/>
<attribute name="k76" type="java.lang.Integer"/>
<attribute name="k77" type="java.lang.String"/>
<attribute name="k78" type="java.math.BigDecimal"/>
<attribute name="k79" type="java.lang.String"/>
</outputs>
<project>
<attribute name="s_suppkey" type="java.lang.Integer"/>
<attribute name="s_name" type="java.lang.String"/>
<attribute name="s_address" type="java.lang.String"/>
<attribute name="s_nationkey" type="java.lang.Integer"/>
<attribute name="s_phone" type="java.lang.String"/>
<attribute name="s_acctbal" type="java.math.BigDecimal"/>
<attribute name="s_comment" type="java.lang.String"/>
</project>
<child>
<operator type="ACCESS" relation="supplier" access-method="m20">
<outputs>
<attribute name="s_suppkey" type="java.lang.Integer"/>
<attribute name="s_name" type="java.lang.String"/>
<attribute name="s_address" type="java.lang.String"/>
<attribute name="s_nationkey" type="java.lang.Integer"/>
<attribute name="s_phone" type="java.lang.String"/>
<attribute name="s_acctbal" type="java.math.BigDecimal"/>
<attribute name="s_comment" type="java.lang.String"/>
</outputs>
</operator>
</child>
</operator>
<operator type="PROJECT">
<outputs>
<attribute name="c62" type="java.lang.Integer"/>
<attribute name="c63" type="java.lang.Integer"/>
<attribute name="c64" type="java.math.BigDecimal"/>
<attribute name="c65" type="java.lang.String"/>
</outputs>
<project>
<attribute name="ps_partkey" type="java.lang.Integer"/>
<attribute name="ps_suppkey" type="java.lang.Integer"/>
<attribute name="ps_supplycost" type="java.math.BigDecimal"/>
<attribute name="ps_comment" type="java.lang.String"/>
</project>
<child>
<operator type="SELECT">
<outputs>
<attribute name="ps_partkey" type="java.lang.Integer"/>
<attribute name="ps_suppkey" type="java.lang.Integer"/>
<attribute name="ps_availqty" type="java.lang.Integer"/>
<attribute name="ps_supplycost" type="java.math.BigDecimal"/>
<attribute name="ps_comment" type="java.lang.String"/>
</outputs>
<conjunction>
<predicate type="equality" left="2" value="10"/>
</conjunction>
<child>
<operator type="ACCESS" relation="partsupp" access-method="m5">
<outputs>
<attribute name="ps_partkey" type="java.lang.Integer"/>
<attribute name="ps_suppkey" type="java.lang.Integer"/>
<attribute name="ps_availqty" type="java.lang.Integer"/>
<attribute name="ps_supplycost" type="java.math.BigDecimal"/>
<attribute name="ps_comment" type="java.lang.String"/>
</outputs>
</operator>
</child>
</operator>
</child>
</operator>
</children>
</operator>
<operator type="PROJECT">
<outputs>
<attribute name="c62" type="java.lang.Integer"/>
<attribute name="c66" type="java.lang.String"/>
<attribute name="c67" type="java.lang.String"/>
<attribute name="c68" type="java.lang.String"/>
<attribute name="c69" type="java.lang.String"/>
<attribute name="c70" type="java.lang.Integer"/>
<attribute name="c71" type="java.lang.String"/>
<attribute name="c72" type="java.math.BigDecimal"/>
<attribute name="c73" type="java.lang.String"/>
</outputs>
<project>
<attribute name="p_partkey" type="java.lang.Integer"/>
<attribute name="p_name" type="java.lang.String"/>
<attribute name="p_mfgr" type="java.lang.String"/>
<attribute name="p_brand" type="java.lang.String"/>
<attribute name="p_type" type="java.lang.String"/>
<attribute name="p_size" type="java.lang.Integer"/>
<attribute name="p_container" type="java.lang.String"/>
<attribute name="p_retailprice" type="java.math.BigDecimal"/>
<attribute name="p_comment" type="java.lang.String"/>
</project>
<child>
<operator type="ACCESS" relation="part" access-method="m2">
<outputs>
<attribute name="p_partkey" type="java.lang.Integer"/>
<attribute name="p_name" type="java.lang.String"/>
<attribute name="p_mfgr" type="java.lang.String"/>
<attribute name="p_brand" type="java.lang.String"/>
<attribute name="p_type" type="java.lang.String"/>
<attribute name="p_size" type="java.lang.Integer"/>
<attribute name="p_container" type="java.lang.String"/>
<attribute name="p_retailprice" type="java.math.BigDecimal"/>
<attribute name="p_comment" type="java.lang.String"/>
</outputs>
</operator>
</child>
</operator>
</children>
</operator>
</plan>
