<?xml version="1.0" encoding="UTF-8"?>
<plan type="linear" cost="45.0" control-flow="TOP_DOWN">
<command name="T1">
<operator type="PROJECT">
<outputs>
<attribute name="c2366" type="java.lang.Integer"/>
<attribute name="c2367" type="java.math.BigDecimal"/>
<attribute name="c2368" type="java.lang.String"/>
</outputs>
<project>
<attribute name="ps_availqty" type="java.lang.Integer"/>
<attribute name="ps_supplycost" type="java.math.BigDecimal"/>
<attribute name="ps_comment" type="java.lang.String"/>
</project>
<child>
<operator type="SELECT">
<outputs>
<attribute name="ps_partkey" type="java.lang.Integer"/>
<attribute name="ps_suppkey" type="java.lang.Integer"/>
<attribute name="ps_availqty" type="java.lang.Integer"/>
<attribute name="ps_supplycost" type="java.math.BigDecimal"/>
<attribute name="ps_comment" type="java.lang.String"/>
</outputs>
<conjunction>
<predicate type="equality" left="0" value="5"/>
<predicate type="equality" left="1" value="5"/>
</conjunction>
<child>
<operator type="ACCESS" relation="partsupp" access-method="m8">
<outputs>
<attribute name="ps_partkey" type="java.lang.Integer"/>
<attribute name="ps_suppkey" type="java.lang.Integer"/>
<attribute name="ps_availqty" type="java.lang.Integer"/>
<attribute name="ps_supplycost" type="java.math.BigDecimal"/>
<attribute name="ps_comment" type="java.lang.String"/>
</outputs>
</operator>
</child>
</operator>
</child>
</operator>
</command>
<command name="T2">
<operator type="CROSS_PRODUCT">
<outputs>
<attribute name="c2366" type="java.lang.Integer"/>
<attribute name="c2367" type="java.math.BigDecimal"/>
<attribute name="c2368" type="java.lang.String"/>
<attribute name="k2391" type="java.lang.Integer"/>
<attribute name="k2412" type="java.lang.String"/>
<attribute name="k2413" type="java.lang.String"/>
<attribute name="k2410" type="java.lang.Integer"/>
<attribute name="k2414" type="java.lang.String"/>
<attribute name="k2415" type="java.lang.String"/>
<attribute name="c2377" type="java.lang.Integer"/>
<attribute name="c2379" type="java.lang.String"/>
<attribute name="c2380" type="java.lang.String"/>
</outputs>
<children>
<operator type="ALIAS" name="T1"/>
<operator type="CROSS_PRODUCT">
<outputs>
<attribute name="k2391" type="java.lang.Integer"/>
<attribute name="k2412" type="java.lang.String"/>
<attribute name="k2413" type="java.lang.String"/>
<attribute name="k2410" type="java.lang.Integer"/>
<attribute name="k2414" type="java.lang.String"/>
<attribute name="k2415" type="java.lang.String"/>
<attribute name="c2377" type="java.lang.Integer"/>
<attribute name="c2379" type="java.lang.String"/>
<attribute name="c2380" type="java.lang.String"/>
</outputs>
<children>
<operator type="CROSS_PRODUCT">
<outputs>
<attribute name="k2391" type="java.lang.Integer"/>
<attribute name="k2412" type="java.lang.String"/>
<attribute name="k2413" type="java.lang.String"/>
<attribute name="k2410" type="java.lang.Integer"/>
<attribute name="k2414" type="java.lang.String"/>
<attribute name="k2415" type="java.lang.String"/>
</outputs>
<children>
<operator type="PROJECT">
<outputs>
<attribute name="k2391" type="java.lang.Integer"/>
<attribute name="k2412" type="java.lang.String"/>
<attribute name="k2413" type="java.lang.String"/>
</outputs>
<project>
<attribute name="r_regionkey" type="java.lang.Integer"/>
<attribute name="r_name" type="java.lang.String"/>
<attribute name="r_comment" type="java.lang.String"/>
</project>
<child>
<operator type="ACCESS" relation="region" access-method="m12">
<outputs>
<attribute name="r_regionkey" type="java.lang.Integer"/>
<attribute name="r_name" type="java.lang.String"/>
<attribute name="r_comment" type="java.lang.String"/>
</outputs>
</operator>
</child>
</operator>
<operator type="PROJECT">
<outputs>
<attribute name="k2410" type="java.lang.Integer"/>
<attribute name="k2414" type="java.lang.String"/>
<attribute name="k2415" type="java.lang.String"/>
</outputs>
<project>
<attribute name="r_regionkey" type="java.lang.Integer"/>
<attribute name="r_name" type="java.lang.String"/>
<attribute name="r_comment" type="java.lang.String"/>
</project>
<child>
<operator type="ACCESS" relation="region" access-method="m12">
<outputs>
<attribute name="r_regionkey" type="java.lang.Integer"/>
<attribute name="r_name" type="java.lang.String"/>
<attribute name="r_comment" type="java.lang.String"/>
</outputs>
</operator>
</child>
</operator>
</children>
</operator>
<operator type="PROJECT">
<outputs>
<attribute name="c2377" type="java.lang.Integer"/>
<attribute name="c2379" type="java.lang.String"/>
<attribute name="c2380" type="java.lang.String"/>
</outputs>
<project>
<attribute name="r_regionkey" type="java.lang.Integer"/>
<attribute name="r_name" type="java.lang.String"/>
<attribute name="r_comment" type="java.lang.String"/>
</project>
<child>
<operator type="ACCESS" relation="region" access-method="m12">
<outputs>
<attribute name="r_regionkey" type="java.lang.Integer"/>
<attribute name="r_name" type="java.lang.String"/>
<attribute name="r_comment" type="java.lang.String"/>
</outputs>
</operator>
</child>
</operator>
</children>
</operator>
</children>
</operator>
</command>
<command name="T3">
<operator type="CROSS_PRODUCT">
<outputs>
<attribute name="c2366" type="java.lang.Integer"/>
<attribute name="c2367" type="java.math.BigDecimal"/>
<attribute name="c2368" type="java.lang.String"/>
<attribute name="k2391" type="java.lang.Integer"/>
<attribute name="k2412" type="java.lang.String"/>
<attribute name="k2413" type="java.lang.String"/>
<attribute name="k2410" type="java.lang.Integer"/>
<attribute name="k2414" type="java.lang.String"/>
<attribute name="k2415" type="java.lang.String"/>
<attribute name="c2377" type="java.lang.Integer"/>
<attribute name="c2379" type="java.lang.String"/>
<attribute name="c2380" type="java.lang.String"/>
<attribute name="c2381" type="java.lang.Integer"/>
<attribute name="c2370" type="java.lang.String"/>
<attribute name="c2382" type="java.lang.String"/>
<attribute name="c2383" type="java.lang.Integer"/>
<attribute name="c2384" type="java.lang.String"/>
<attribute name="c2385" type="java.math.BigDecimal"/>
<attribute name="c2386" type="java.lang.String"/>
<attribute name="k2393" type="java.lang.String"/>
<attribute name="k2394" type="java.lang.String"/>
<attribute name="k2395" type="java.lang.Integer"/>
<attribute name="k2396" type="java.lang.String"/>
<attribute name="k2397" type="java.math.BigDecimal"/>
<attribute name="k2398" type="java.lang.String"/>
<attribute name="c2369" type="java.lang.Integer"/>
<attribute name="c2370" type="java.lang.String"/>
<attribute name="c2371" type="java.lang.String"/>
<attribute name="c2372" type="java.lang.Integer"/>
<attribute name="c2373" type="java.lang.String"/>
<attribute name="c2374" type="java.math.BigDecimal"/>
<attribute name="c2375" type="java.lang.String"/>
</outputs>
<children>
<operator type="ALIAS" name="T2"/>
<operator type="JOIN" variant="SYMMETRIC_HASH">
<outputs>
<attribute name="c2381" type="java.lang.Integer"/>
<attribute name="c2370" type="java.lang.String"/>
<attribute name="c2382" type="java.lang.String"/>
<attribute name="c2383" type="java.lang.Integer"/>
<attribute name="c2384" type="java.lang.String"/>
<attribute name="c2385" type="java.math.BigDecimal"/>
<attribute name="c2386" type="java.lang.String"/>
<attribute name="k2393" type="java.lang.String"/>
<attribute name="k2394" type="java.lang.String"/>
<attribute name="k2395" type="java.lang.Integer"/>
<attribute name="k2396" type="java.lang.String"/>
<attribute name="k2397" type="java.math.BigDecimal"/>
<attribute name="k2398" type="java.lang.String"/>
<attribute name="c2369" type="java.lang.Integer"/>
<attribute name="c2370" type="java.lang.String"/>
<attribute name="c2371" type="java.lang.String"/>
<attribute name="c2372" type="java.lang.Integer"/>
<attribute name="c2373" type="java.lang.String"/>
<attribute name="c2374" type="java.math.BigDecimal"/>
<attribute name="c2375" type="java.lang.String"/>
</outputs>
<conjunction>
<predicate type="equality" left="1" right="14"/>
</conjunction>
<children>
<operator type="CROSS_PRODUCT">
<outputs>
<attribute name="c2381" type="java.lang.Integer"/>
<attribute name="c2370" type="java.lang.String"/>
<attribute name="c2382" type="java.lang.String"/>
<attribute name="c2383" type="java.lang.Integer"/>
<attribute name="c2384" type="java.lang.String"/>
<attribute name="c2385" type="java.math.BigDecimal"/>
<attribute name="c2386" type="java.lang.String"/>
<attribute name="k2393" type="java.lang.String"/>
<attribute name="k2394" type="java.lang.String"/>
<attribute name="k2395" type="java.lang.Integer"/>
<attribute name="k2396" type="java.lang.String"/>
<attribute name="k2397" type="java.math.BigDecimal"/>
<attribute name="k2398" type="java.lang.String"/>
</outputs>
<children>
<operator type="PROJECT">
<outputs>
<attribute name="c2381" type="java.lang.Integer"/>
<attribute name="c2370" type="java.lang.String"/>
<attribute name="c2382" type="java.lang.String"/>
<attribute name="c2383" type="java.lang.Integer"/>
<attribute name="c2384" type="java.lang.String"/>
<attribute name="c2385" type="java.math.BigDecimal"/>
<attribute name="c2386" type="java.lang.String"/>
</outputs>
<project>
<attribute name="s_suppkey" type="java.lang.Integer"/>
<attribute name="s_name" type="java.lang.String"/>
<attribute name="s_address" type="java.lang.String"/>
<attribute name="s_nationkey" type="java.lang.Integer"/>
<attribute name="s_phone" type="java.lang.String"/>
<attribute name="s_acctbal" type="java.math.BigDecimal"/>
<attribute name="s_comment" type="java.lang.String"/>
</project>
<child>
<operator type="ACCESS" relation="supplier" access-method="m6">
<outputs>
<attribute name="s_suppkey" type="java.lang.Integer"/>
<attribute name="s_name" type="java.lang.String"/>
<attribute name="s_address" type="java.lang.String"/>
<attribute name="s_nationkey" type="java.lang.Integer"/>
<attribute name="s_phone" type="java.lang.String"/>
<attribute name="s_acctbal" type="java.math.BigDecimal"/>
<attribute name="s_comment" type="java.lang.String"/>
</outputs>
</operator>
</child>
</operator>
<operator type="PROJECT">
<outputs>
<attribute name="k2393" type="java.lang.String"/>
<attribute name="k2394" type="java.lang.String"/>
<attribute name="k2395" type="java.lang.Integer"/>
<attribute name="k2396" type="java.lang.String"/>
<attribute name="k2397" type="java.math.BigDecimal"/>
<attribute name="k2398" type="java.lang.String"/>
</outputs>
<project>
<attribute name="s_name" type="java.lang.String"/>
<attribute name="s_address" type="java.lang.String"/>
<attribute name="s_nationkey" type="java.lang.Integer"/>
<attribute name="s_phone" type="java.lang.String"/>
<attribute name="s_acctbal" type="java.math.BigDecimal"/>
<attribute name="s_comment" type="java.lang.String"/>
</project>
<child>
<operator type="SELECT">
<outputs>
<attribute name="s_suppkey" type="java.lang.Integer"/>
<attribute name="s_name" type="java.lang.String"/>
<attribute name="s_address" type="java.lang.String"/>
<attribute name="s_nationkey" type="java.lang.Integer"/>
<attribute name="s_phone" type="java.lang.String"/>
<attribute name="s_acctbal" type="java.math.BigDecimal"/>
<attribute name="s_comment" type="java.lang.String"/>
</outputs>
<conjunction>
<predicate type="equality" left="0" value="5"/>
</conjunction>
<child>
<operator type="ACCESS" relation="supplier" access-method="m6">
<outputs>
<attribute name="s_suppkey" type="java.lang.Integer"/>
<attribute name="s_name" type="java.lang.String"/>
<attribute name="s_address" type="java.lang.String"/>
<attribute name="s_nationkey" type="java.lang.Integer"/>
<attribute name="s_phone" type="java.lang.String"/>
<attribute name="s_acctbal" type="java.math.BigDecimal"/>
<attribute name="s_comment" type="java.lang.String"/>
</outputs>
</operator>
</child>
</operator>
</child>
</operator>
</children>
</operator>
<operator type="PROJECT">
<outputs>
<attribute name="c2369" type="java.lang.Integer"/>
<attribute name="c2370" type="java.lang.String"/>
<attribute name="c2371" type="java.lang.String"/>
<attribute name="c2372" type="java.lang.Integer"/>
<attribute name="c2373" type="java.lang.String"/>
<attribute name="c2374" type="java.math.BigDecimal"/>
<attribute name="c2375" type="java.lang.String"/>
</outputs>
<project>
<attribute name="s_suppkey" type="java.lang.Integer"/>
<attribute name="s_name" type="java.lang.String"/>
<attribute name="s_address" type="java.lang.String"/>
<attribute name="s_nationkey" type="java.lang.Integer"/>
<attribute name="s_phone" type="java.lang.String"/>
<attribute name="s_acctbal" type="java.math.BigDecimal"/>
<attribute name="s_comment" type="java.lang.String"/>
</project>
<child>
<operator type="ACCESS" relation="supplier" access-method="m6">
<outputs>
<attribute name="s_suppkey" type="java.lang.Integer"/>
<attribute name="s_name" type="java.lang.String"/>
<attribute name="s_address" type="java.lang.String"/>
<attribute name="s_nationkey" type="java.lang.Integer"/>
<attribute name="s_phone" type="java.lang.String"/>
<attribute name="s_acctbal" type="java.math.BigDecimal"/>
<attribute name="s_comment" type="java.lang.String"/>
</outputs>
</operator>
</child>
</operator>
</children>
</operator>
</children>
</operator>
</command>
<command name="T4">
<operator type="PROJECT">
<outputs>
<attribute name="c2374" type="java.math.BigDecimal"/>
<attribute name="c2366" type="java.lang.Integer"/>
<attribute name="c2373" type="java.lang.String"/>
<attribute name="c2378" type="java.lang.String"/>
<attribute name="c2371" type="java.lang.String"/>
<attribute name="c2379" type="java.lang.String"/>
</outputs>
<project>
<attribute name="c2374" type="java.math.BigDecimal"/>
<attribute name="c2366" type="java.lang.Integer"/>
<attribute name="c2373" type="java.lang.String"/>
<attribute name="c2378" type="java.lang.String"/>
<attribute name="c2371" type="java.lang.String"/>
<attribute name="c2379" type="java.lang.String"/>
</project>
<child>
<operator type="JOIN" variant="SYMMETRIC_HASH">
<outputs>
<attribute name="c2366" type="java.lang.Integer"/>
<attribute name="c2367" type="java.math.BigDecimal"/>
<attribute name="c2368" type="java.lang.String"/>
<attribute name="k2391" type="java.lang.Integer"/>
<attribute name="k2412" type="java.lang.String"/>
<attribute name="k2413" type="java.lang.String"/>
<attribute name="k2410" type="java.lang.Integer"/>
<attribute name="k2414" type="java.lang.String"/>
<attribute name="k2415" type="java.lang.String"/>
<attribute name="c2377" type="java.lang.Integer"/>
<attribute name="c2379" type="java.lang.String"/>
<attribute name="c2380" type="java.lang.String"/>
<attribute name="c2381" type="java.lang.Integer"/>
<attribute name="c2370" type="java.lang.String"/>
<attribute name="c2382" type="java.lang.String"/>
<attribute name="c2383" type="java.lang.Integer"/>
<attribute name="c2384" type="java.lang.String"/>
<attribute name="c2385" type="java.math.BigDecimal"/>
<attribute name="c2386" type="java.lang.String"/>
<attribute name="k2393" type="java.lang.String"/>
<attribute name="k2394" type="java.lang.String"/>
<attribute name="k2395" type="java.lang.Integer"/>
<attribute name="k2396" type="java.lang.String"/>
<attribute name="k2397" type="java.math.BigDecimal"/>
<attribute name="k2398" type="java.lang.String"/>
<attribute name="c2369" type="java.lang.Integer"/>
<attribute name="c2370" type="java.lang.String"/>
<attribute name="c2371" type="java.lang.String"/>
<attribute name="c2372" type="java.lang.Integer"/>
<attribute name="c2373" type="java.lang.String"/>
<attribute name="c2374" type="java.math.BigDecimal"/>
<attribute name="c2375" type="java.lang.String"/>
<attribute name="c2372" type="java.lang.Integer"/>
<attribute name="c2376" type="java.lang.String"/>
<attribute name="c2377" type="java.lang.Integer"/>
<attribute name="c2378" type="java.lang.String"/>
<attribute name="k2395" type="java.lang.Integer"/>
<attribute name="k2409" type="java.lang.String"/>
<attribute name="k2410" type="java.lang.Integer"/>
<attribute name="k2411" type="java.lang.String"/>
<attribute name="c2383" type="java.lang.Integer"/>
<attribute name="k2390" type="java.lang.String"/>
<attribute name="k2391" type="java.lang.Integer"/>
<attribute name="k2392" type="java.lang.String"/>
</outputs>
<conjunction>
<predicate type="equality" left="3" right="42"/>
<predicate type="equality" left="6" right="38"/>
<predicate type="equality" left="9" right="34"/>
<predicate type="equality" left="15" right="40"/>
<predicate type="equality" left="21" right="36"/>
<predicate type="equality" left="28" right="32"/>
</conjunction>
<children>
<operator type="ALIAS" name="T3"/>
<operator type="CROSS_PRODUCT">
<outputs>
<attribute name="c2372" type="java.lang.Integer"/>
<attribute name="c2376" type="java.lang.String"/>
<attribute name="c2377" type="java.lang.Integer"/>
<attribute name="c2378" type="java.lang.String"/>
<attribute name="k2395" type="java.lang.Integer"/>
<attribute name="k2409" type="java.lang.String"/>
<attribute name="k2410" type="java.lang.Integer"/>
<attribute name="k2411" type="java.lang.String"/>
<attribute name="c2383" type="java.lang.Integer"/>
<attribute name="k2390" type="java.lang.String"/>
<attribute name="k2391" type="java.lang.Integer"/>
<attribute name="k2392" type="java.lang.String"/>
</outputs>
<children>
<operator type="CROSS_PRODUCT">
<outputs>
<attribute name="c2372" type="java.lang.Integer"/>
<attribute name="c2376" type="java.lang.String"/>
<attribute name="c2377" type="java.lang.Integer"/>
<attribute name="c2378" type="java.lang.String"/>
<attribute name="k2395" type="java.lang.Integer"/>
<attribute name="k2409" type="java.lang.String"/>
<attribute name="k2410" type="java.lang.Integer"/>
<attribute name="k2411" type="java.lang.String"/>
</outputs>
<children>
<operator type="PROJECT">
<outputs>
<attribute name="c2372" type="java.lang.Integer"/>
<attribute name="c2376" type="java.lang.String"/>
<attribute name="c2377" type="java.lang.Integer"/>
<attribute name="c2378" type="java.lang.String"/>
</outputs>
<project>
<attribute name="n_nationkey" type="java.lang.Integer"/>
<attribute name="n_name" type="java.lang.String"/>
<attribute name="n_regionkey" type="java.lang.Integer"/>
<attribute name="n_comment" type="java.lang.String"/>
</project>
<child>
<operator type="ACCESS" relation="nation" access-method="m10">
<outputs>
<attribute name="n_nationkey" type="java.lang.Integer"/>
<attribute name="n_name" type="java.lang.String"/>
<attribute name="n_regionkey" type="java.lang.Integer"/>
<attribute name="n_comment" type="java.lang.String"/>
</outputs>
</operator>
</child>
</operator>
<operator type="PROJECT">
<outputs>
<attribute name="k2395" type="java.lang.Integer"/>
<attribute name="k2409" type="java.lang.String"/>
<attribute name="k2410" type="java.lang.Integer"/>
<attribute name="k2411" type="java.lang.String"/>
</outputs>
<project>
<attribute name="n_nationkey" type="java.lang.Integer"/>
<attribute name="n_name" type="java.lang.String"/>
<attribute name="n_regionkey" type="java.lang.Integer"/>
<attribute name="n_comment" type="java.lang.String"/>
</project>
<child>
<operator type="ACCESS" relation="nation" access-method="m10">
<outputs>
<attribute name="n_nationkey" type="java.lang.Integer"/>
<attribute name="n_name" type="java.lang.String"/>
<attribute name="n_regionkey" type="java.lang.Integer"/>
<attribute name="n_comment" type="java.lang.String"/>
</outputs>
</operator>
</child>
</operator>
</children>
</operator>
<operator type="PROJECT">
<outputs>
<attribute name="c2383" type="java.lang.Integer"/>
<attribute name="k2390" type="java.lang.String"/>
<attribute name="k2391" type="java.lang.Integer"/>
<attribute name="k2392" type="java.lang.String"/>
</outputs>
<project>
<attribute name="n_nationkey" type="java.lang.Integer"/>
<attribute name="n_name" type="java.lang.String"/>
<attribute name="n_regionkey" type="java.lang.Integer"/>
<attribute name="n_comment" type="java.lang.String"/>
</project>
<child>
<operator type="ACCESS" relation="nation" access-method="m10">
<outputs>
<attribute name="n_nationkey" type="java.lang.Integer"/>
<attribute name="n_name" type="java.lang.String"/>
<attribute name="n_regionkey" type="java.lang.Integer"/>
<attribute name="n_comment" type="java.lang.String"/>
</outputs>
</operator>
</child>
</operator>
</children>
</operator>
</children>
</operator>
</child>
</operator>
</command>
</plan>
