<?xml version="1.0" encoding="UTF-8"?>
<plan type="dag" cost="4916.25" control-flow="TOP_DOWN">
<operator type="JOIN" variant="SYMMETRIC_HASH">
<outputs>
<attribute name="c201" type="java.lang.Integer"/>
<attribute name="c202" type="java.lang.String"/>
<attribute name="c203" type="java.lang.String"/>
<attribute name="c204" type="java.lang.String"/>
<attribute name="c205" type="java.lang.String"/>
<attribute name="c206" type="java.lang.Integer"/>
<attribute name="c207" type="java.lang.String"/>
<attribute name="c208" type="java.math.BigDecimal"/>
<attribute name="c209" type="java.lang.String"/>
<attribute name="c216" type="java.lang.Integer"/>
<attribute name="c220" type="java.lang.Integer"/>
<attribute name="k239" type="java.lang.String"/>
<attribute name="c216" type="java.lang.Integer"/>
<attribute name="c220" type="java.lang.Integer"/>
<attribute name="c221" type="java.lang.String"/>
<attribute name="c210" type="java.lang.Integer"/>
<attribute name="c214" type="java.lang.String"/>
<attribute name="c215" type="java.lang.String"/>
<attribute name="c216" type="java.lang.Integer"/>
<attribute name="c217" type="java.lang.String"/>
<attribute name="c218" type="java.math.BigDecimal"/>
<attribute name="c219" type="java.lang.String"/>
<attribute name="c201" type="java.lang.Integer"/>
<attribute name="c210" type="java.lang.Integer"/>
<attribute name="c211" type="java.lang.Integer"/>
<attribute name="c212" type="java.math.BigDecimal"/>
<attribute name="c213" type="java.lang.String"/>
</outputs>
<conjunction>
<predicate type="equality" left="0" right="22"/>
</conjunction>
<children>
<operator type="PROJECT">
<outputs>
<attribute name="c201" type="java.lang.Integer"/>
<attribute name="c202" type="java.lang.String"/>
<attribute name="c203" type="java.lang.String"/>
<attribute name="c204" type="java.lang.String"/>
<attribute name="c205" type="java.lang.String"/>
<attribute name="c206" type="java.lang.Integer"/>
<attribute name="c207" type="java.lang.String"/>
<attribute name="c208" type="java.math.BigDecimal"/>
<attribute name="c209" type="java.lang.String"/>
</outputs>
<project>
<attribute name="p_partkey" type="java.lang.Integer"/>
<attribute name="p_name" type="java.lang.String"/>
<attribute name="p_mfgr" type="java.lang.String"/>
<attribute name="p_brand" type="java.lang.String"/>
<attribute name="p_type" type="java.lang.String"/>
<attribute name="p_size" type="java.lang.Integer"/>
<attribute name="p_container" type="java.lang.String"/>
<attribute name="p_retailprice" type="java.math.BigDecimal"/>
<attribute name="p_comment" type="java.lang.String"/>
</project>
<child>
<operator type="ACCESS" relation="part" access-method="m2">
<outputs>
<attribute name="p_partkey" type="java.lang.Integer"/>
<attribute name="p_name" type="java.lang.String"/>
<attribute name="p_mfgr" type="java.lang.String"/>
<attribute name="p_brand" type="java.lang.String"/>
<attribute name="p_type" type="java.lang.String"/>
<attribute name="p_size" type="java.lang.Integer"/>
<attribute name="p_container" type="java.lang.String"/>
<attribute name="p_retailprice" type="java.math.BigDecimal"/>
<attribute name="p_comment" type="java.lang.String"/>
</outputs>
</operator>
</child>
</operator>
<operator type="DEPENDENT_JOIN" param="1">
<outputs>
<attribute name="c216" type="java.lang.Integer"/>
<attribute name="c220" type="java.lang.Integer"/>
<attribute name="k239" type="java.lang.String"/>
<attribute name="c216" type="java.lang.Integer"/>
<attribute name="c220" type="java.lang.Integer"/>
<attribute name="c221" type="java.lang.String"/>
<attribute name="c210" type="java.lang.Integer"/>
<attribute name="c214" type="java.lang.String"/>
<attribute name="c215" type="java.lang.String"/>
<attribute name="c216" type="java.lang.Integer"/>
<attribute name="c217" type="java.lang.String"/>
<attribute name="c218" type="java.math.BigDecimal"/>
<attribute name="c219" type="java.lang.String"/>
<attribute name="c201" type="java.lang.Integer"/>
<attribute name="c210" type="java.lang.Integer"/>
<attribute name="c211" type="java.lang.Integer"/>
<attribute name="c212" type="java.math.BigDecimal"/>
<attribute name="c213" type="java.lang.String"/>
</outputs>
<children>
<operator type="PROJECT">
<outputs>
<attribute name="c216" type="java.lang.Integer"/>
<attribute name="c220" type="java.lang.Integer"/>
<attribute name="k239" type="java.lang.String"/>
</outputs>
<project>
<attribute name="nation_key" type="java.lang.Integer"/>
<attribute name="region_key" type="java.lang.Integer"/>
<attribute name="region_name" type="java.lang.String"/>
</project>
<child>
<operator type="SELECT">
<outputs>
<attribute name="nation_key" type="java.lang.Integer"/>
<attribute name="nation_name" type="java.lang.String"/>
<attribute name="region_key" type="java.lang.Integer"/>
<attribute name="region_name" type="java.lang.String"/>
</outputs>
<conjunction>
<predicate type="equality" left="1" value="UNITED STATES"/>
</conjunction>
<child>
<operator type="ACCESS" relation="region_nation" access-method="m13">
<outputs>
<attribute name="nation_key" type="java.lang.Integer"/>
<attribute name="nation_name" type="java.lang.String"/>
<attribute name="region_key" type="java.lang.Integer"/>
<attribute name="region_name" type="java.lang.String"/>
</outputs>
</operator>
</child>
</operator>
</child>
</operator>
<operator type="DEPENDENT_JOIN" param="3">
<outputs>
<attribute name="c216" type="java.lang.Integer"/>
<attribute name="c220" type="java.lang.Integer"/>
<attribute name="c221" type="java.lang.String"/>
<attribute name="c210" type="java.lang.Integer"/>
<attribute name="c214" type="java.lang.String"/>
<attribute name="c215" type="java.lang.String"/>
<attribute name="c216" type="java.lang.Integer"/>
<attribute name="c217" type="java.lang.String"/>
<attribute name="c218" type="java.math.BigDecimal"/>
<attribute name="c219" type="java.lang.String"/>
<attribute name="c201" type="java.lang.Integer"/>
<attribute name="c210" type="java.lang.Integer"/>
<attribute name="c211" type="java.lang.Integer"/>
<attribute name="c212" type="java.math.BigDecimal"/>
<attribute name="c213" type="java.lang.String"/>
</outputs>
<children>
<operator type="DEPENDENT_JOIN" param="0">
<outputs>
<attribute name="c216" type="java.lang.Integer"/>
<attribute name="c220" type="java.lang.Integer"/>
<attribute name="c221" type="java.lang.String"/>
<attribute name="c210" type="java.lang.Integer"/>
<attribute name="c214" type="java.lang.String"/>
<attribute name="c215" type="java.lang.String"/>
<attribute name="c216" type="java.lang.Integer"/>
<attribute name="c217" type="java.lang.String"/>
<attribute name="c218" type="java.math.BigDecimal"/>
<attribute name="c219" type="java.lang.String"/>
</outputs>
<children>
<operator type="PROJECT">
<outputs>
<attribute name="c216" type="java.lang.Integer"/>
<attribute name="c220" type="java.lang.Integer"/>
<attribute name="c221" type="java.lang.String"/>
</outputs>
<project>
<attribute name="n_nationkey" type="java.lang.Integer"/>
<attribute name="n_regionkey" type="java.lang.Integer"/>
<attribute name="n_comment" type="java.lang.String"/>
</project>
<child>
<operator type="SELECT">
<outputs>
<attribute name="n_nationkey" type="java.lang.Integer"/>
<attribute name="n_name" type="java.lang.String"/>
<attribute name="n_regionkey" type="java.lang.Integer"/>
<attribute name="n_comment" type="java.lang.String"/>
</outputs>
<conjunction>
<predicate type="equality" left="1" value="UNITED STATES"/>
</conjunction>
<child>
<operator type="ACCESS" relation="nation" access-method="m7">
<outputs>
<attribute name="n_nationkey" type="java.lang.Integer"/>
<attribute name="n_name" type="java.lang.String"/>
<attribute name="n_regionkey" type="java.lang.Integer"/>
<attribute name="n_comment" type="java.lang.String"/>
</outputs>
</operator>
</child>
</operator>
</child>
</operator>
<operator type="PROJECT">
<outputs>
<attribute name="c210" type="java.lang.Integer"/>
<attribute name="c214" type="java.lang.String"/>
<attribute name="c215" type="java.lang.String"/>
<attribute name="c216" type="java.lang.Integer"/>
<attribute name="c217" type="java.lang.String"/>
<attribute name="c218" type="java.math.BigDecimal"/>
<attribute name="c219" type="java.lang.String"/>
</outputs>
<project>
<attribute name="s_suppkey" type="java.lang.Integer"/>
<attribute name="s_name" type="java.lang.String"/>
<attribute name="s_address" type="java.lang.String"/>
<attribute name="s_nationkey" type="java.lang.Integer"/>
<attribute name="s_phone" type="java.lang.String"/>
<attribute name="s_acctbal" type="java.math.BigDecimal"/>
<attribute name="s_comment" type="java.lang.String"/>
</project>
<child>
<operator type="ACCESS" relation="supplier" access-method="m3">
<outputs>
<attribute name="s_suppkey" type="java.lang.Integer"/>
<attribute name="s_name" type="java.lang.String"/>
<attribute name="s_address" type="java.lang.String"/>
<attribute name="s_nationkey" type="java.lang.Integer"/>
<attribute name="s_phone" type="java.lang.String"/>
<attribute name="s_acctbal" type="java.math.BigDecimal"/>
<attribute name="s_comment" type="java.lang.String"/>
</outputs>
</operator>
</child>
</operator>
</children>
</operator>
<operator type="PROJECT">
<outputs>
<attribute name="c201" type="java.lang.Integer"/>
<attribute name="c210" type="java.lang.Integer"/>
<attribute name="c211" type="java.lang.Integer"/>
<attribute name="c212" type="java.math.BigDecimal"/>
<attribute name="c213" type="java.lang.String"/>
</outputs>
<project>
<attribute name="ps_partkey" type="java.lang.Integer"/>
<attribute name="ps_suppkey" type="java.lang.Integer"/>
<attribute name="ps_availqty" type="java.lang.Integer"/>
<attribute name="ps_supplycost" type="java.math.BigDecimal"/>
<attribute name="ps_comment" type="java.lang.String"/>
</project>
<child>
<operator type="ACCESS" relation="partsupp" access-method="m5">
<outputs>
<attribute name="ps_partkey" type="java.lang.Integer"/>
<attribute name="ps_suppkey" type="java.lang.Integer"/>
<attribute name="ps_availqty" type="java.lang.Integer"/>
<attribute name="ps_supplycost" type="java.math.BigDecimal"/>
<attribute name="ps_comment" type="java.lang.String"/>
</outputs>
</operator>
</child>
</operator>
</children>
</operator>
</children>
</operator>
</children>
</operator>
</plan>
