<?xml version="1.0" encoding="UTF-8"?>
<plan type="linear" cost="45.0" control-flow="TOP_DOWN">
<command name="T1">
<operator type="CROSS_PRODUCT">
<outputs>
<attribute name="c6056" type="java.lang.Integer"/>
<attribute name="c6060" type="java.lang.String"/>
<attribute name="c6061" type="java.lang.Integer"/>
<attribute name="c6062" type="java.lang.String"/>
<attribute name="c6067" type="java.lang.Integer"/>
<attribute name="k6074" type="java.lang.String"/>
<attribute name="k6075" type="java.lang.Integer"/>
<attribute name="k6076" type="java.lang.String"/>
</outputs>
<children>
<operator type="PROJECT">
<outputs>
<attribute name="c6056" type="java.lang.Integer"/>
<attribute name="c6060" type="java.lang.String"/>
<attribute name="c6061" type="java.lang.Integer"/>
<attribute name="c6062" type="java.lang.String"/>
</outputs>
<project>
<attribute name="n_nationkey" type="java.lang.Integer"/>
<attribute name="n_name" type="java.lang.String"/>
<attribute name="n_regionkey" type="java.lang.Integer"/>
<attribute name="n_comment" type="java.lang.String"/>
</project>
<child>
<operator type="ACCESS" relation="nation" access-method="m10">
<outputs>
<attribute name="n_nationkey" type="java.lang.Integer"/>
<attribute name="n_name" type="java.lang.String"/>
<attribute name="n_regionkey" type="java.lang.Integer"/>
<attribute name="n_comment" type="java.lang.String"/>
</outputs>
</operator>
</child>
</operator>
<operator type="PROJECT">
<outputs>
<attribute name="c6067" type="java.lang.Integer"/>
<attribute name="k6074" type="java.lang.String"/>
<attribute name="k6075" type="java.lang.Integer"/>
<attribute name="k6076" type="java.lang.String"/>
</outputs>
<project>
<attribute name="n_nationkey" type="java.lang.Integer"/>
<attribute name="n_name" type="java.lang.String"/>
<attribute name="n_regionkey" type="java.lang.Integer"/>
<attribute name="n_comment" type="java.lang.String"/>
</project>
<child>
<operator type="ACCESS" relation="nation" access-method="m10">
<outputs>
<attribute name="n_nationkey" type="java.lang.Integer"/>
<attribute name="n_name" type="java.lang.String"/>
<attribute name="n_regionkey" type="java.lang.Integer"/>
<attribute name="n_comment" type="java.lang.String"/>
</outputs>
</operator>
</child>
</operator>
</children>
</operator>
</command>
<command name="T2">
<operator type="CROSS_PRODUCT">
<outputs>
<attribute name="c6056" type="java.lang.Integer"/>
<attribute name="c6060" type="java.lang.String"/>
<attribute name="c6061" type="java.lang.Integer"/>
<attribute name="c6062" type="java.lang.String"/>
<attribute name="c6067" type="java.lang.Integer"/>
<attribute name="k6074" type="java.lang.String"/>
<attribute name="k6075" type="java.lang.Integer"/>
<attribute name="k6076" type="java.lang.String"/>
<attribute name="c6049" type="java.lang.Integer"/>
<attribute name="c6050" type="java.lang.Integer"/>
<attribute name="c6051" type="java.lang.Integer"/>
<attribute name="c6052" type="java.math.BigDecimal"/>
<attribute name="c6053" type="java.lang.String"/>
</outputs>
<children>
<operator type="ALIAS" name="T1"/>
<operator type="PROJECT">
<outputs>
<attribute name="c6049" type="java.lang.Integer"/>
<attribute name="c6050" type="java.lang.Integer"/>
<attribute name="c6051" type="java.lang.Integer"/>
<attribute name="c6052" type="java.math.BigDecimal"/>
<attribute name="c6053" type="java.lang.String"/>
</outputs>
<project>
<attribute name="ps_partkey" type="java.lang.Integer"/>
<attribute name="ps_suppkey" type="java.lang.Integer"/>
<attribute name="ps_availqty" type="java.lang.Integer"/>
<attribute name="ps_supplycost" type="java.math.BigDecimal"/>
<attribute name="ps_comment" type="java.lang.String"/>
</project>
<child>
<operator type="ACCESS" relation="partsupp" access-method="m8">
<outputs>
<attribute name="ps_partkey" type="java.lang.Integer"/>
<attribute name="ps_suppkey" type="java.lang.Integer"/>
<attribute name="ps_availqty" type="java.lang.Integer"/>
<attribute name="ps_supplycost" type="java.math.BigDecimal"/>
<attribute name="ps_comment" type="java.lang.String"/>
</outputs>
</operator>
</child>
</operator>
</children>
</operator>
</command>
<command name="T3">
<operator type="JOIN" variant="SYMMETRIC_HASH">
<outputs>
<attribute name="c6056" type="java.lang.Integer"/>
<attribute name="c6060" type="java.lang.String"/>
<attribute name="c6061" type="java.lang.Integer"/>
<attribute name="c6062" type="java.lang.String"/>
<attribute name="c6067" type="java.lang.Integer"/>
<attribute name="k6074" type="java.lang.String"/>
<attribute name="k6075" type="java.lang.Integer"/>
<attribute name="k6076" type="java.lang.String"/>
<attribute name="c6049" type="java.lang.Integer"/>
<attribute name="c6050" type="java.lang.Integer"/>
<attribute name="c6051" type="java.lang.Integer"/>
<attribute name="c6052" type="java.math.BigDecimal"/>
<attribute name="c6053" type="java.lang.String"/>
<attribute name="c6061" type="java.lang.Integer"/>
<attribute name="c6063" type="java.lang.String"/>
<attribute name="c6064" type="java.lang.String"/>
<attribute name="k6075" type="java.lang.Integer"/>
<attribute name="k6093" type="java.lang.String"/>
<attribute name="k6094" type="java.lang.String"/>
</outputs>
<conjunction>
<predicate type="equality" left="2" right="13"/>
<predicate type="equality" left="6" right="16"/>
</conjunction>
<children>
<operator type="ALIAS" name="T2"/>
<operator type="CROSS_PRODUCT">
<outputs>
<attribute name="c6061" type="java.lang.Integer"/>
<attribute name="c6063" type="java.lang.String"/>
<attribute name="c6064" type="java.lang.String"/>
<attribute name="k6075" type="java.lang.Integer"/>
<attribute name="k6093" type="java.lang.String"/>
<attribute name="k6094" type="java.lang.String"/>
</outputs>
<children>
<operator type="PROJECT">
<outputs>
<attribute name="c6061" type="java.lang.Integer"/>
<attribute name="c6063" type="java.lang.String"/>
<attribute name="c6064" type="java.lang.String"/>
</outputs>
<project>
<attribute name="r_regionkey" type="java.lang.Integer"/>
<attribute name="r_name" type="java.lang.String"/>
<attribute name="r_comment" type="java.lang.String"/>
</project>
<child>
<operator type="ACCESS" relation="region" access-method="m12">
<outputs>
<attribute name="r_regionkey" type="java.lang.Integer"/>
<attribute name="r_name" type="java.lang.String"/>
<attribute name="r_comment" type="java.lang.String"/>
</outputs>
</operator>
</child>
</operator>
<operator type="PROJECT">
<outputs>
<attribute name="k6075" type="java.lang.Integer"/>
<attribute name="k6093" type="java.lang.String"/>
<attribute name="k6094" type="java.lang.String"/>
</outputs>
<project>
<attribute name="r_regionkey" type="java.lang.Integer"/>
<attribute name="r_name" type="java.lang.String"/>
<attribute name="r_comment" type="java.lang.String"/>
</project>
<child>
<operator type="ACCESS" relation="region" access-method="m12">
<outputs>
<attribute name="r_regionkey" type="java.lang.Integer"/>
<attribute name="r_name" type="java.lang.String"/>
<attribute name="r_comment" type="java.lang.String"/>
</outputs>
</operator>
</child>
</operator>
</children>
</operator>
</children>
</operator>
</command>
<command name="T4">
<operator type="PROJECT">
<outputs>
<attribute name="c6058" type="java.math.BigDecimal"/>
<attribute name="c6051" type="java.lang.Integer"/>
<attribute name="c6057" type="java.lang.String"/>
<attribute name="c6062" type="java.lang.String"/>
<attribute name="c6055" type="java.lang.String"/>
<attribute name="c6063" type="java.lang.String"/>
</outputs>
<project>
<attribute name="c6058" type="java.math.BigDecimal"/>
<attribute name="c6051" type="java.lang.Integer"/>
<attribute name="c6057" type="java.lang.String"/>
<attribute name="c6062" type="java.lang.String"/>
<attribute name="c6055" type="java.lang.String"/>
<attribute name="c6063" type="java.lang.String"/>
</project>
<child>
<operator type="JOIN" variant="SYMMETRIC_HASH">
<outputs>
<attribute name="c6056" type="java.lang.Integer"/>
<attribute name="c6060" type="java.lang.String"/>
<attribute name="c6061" type="java.lang.Integer"/>
<attribute name="c6062" type="java.lang.String"/>
<attribute name="c6067" type="java.lang.Integer"/>
<attribute name="k6074" type="java.lang.String"/>
<attribute name="k6075" type="java.lang.Integer"/>
<attribute name="k6076" type="java.lang.String"/>
<attribute name="c6049" type="java.lang.Integer"/>
<attribute name="c6050" type="java.lang.Integer"/>
<attribute name="c6051" type="java.lang.Integer"/>
<attribute name="c6052" type="java.math.BigDecimal"/>
<attribute name="c6053" type="java.lang.String"/>
<attribute name="c6061" type="java.lang.Integer"/>
<attribute name="c6063" type="java.lang.String"/>
<attribute name="c6064" type="java.lang.String"/>
<attribute name="k6075" type="java.lang.Integer"/>
<attribute name="k6093" type="java.lang.String"/>
<attribute name="k6094" type="java.lang.String"/>
<attribute name="c6050" type="java.lang.Integer"/>
<attribute name="c6054" type="java.lang.String"/>
<attribute name="c6055" type="java.lang.String"/>
<attribute name="c6056" type="java.lang.Integer"/>
<attribute name="c6057" type="java.lang.String"/>
<attribute name="c6058" type="java.math.BigDecimal"/>
<attribute name="c6059" type="java.lang.String"/>
<attribute name="c6065" type="java.lang.Integer"/>
<attribute name="c6054" type="java.lang.String"/>
<attribute name="c6066" type="java.lang.String"/>
<attribute name="c6067" type="java.lang.Integer"/>
<attribute name="c6068" type="java.lang.String"/>
<attribute name="c6069" type="java.math.BigDecimal"/>
<attribute name="c6070" type="java.lang.String"/>
</outputs>
<conjunction>
<predicate type="equality" left="0" right="22"/>
<predicate type="equality" left="4" right="29"/>
<predicate type="equality" left="9" right="19"/>
</conjunction>
<children>
<operator type="ALIAS" name="T3"/>
<operator type="JOIN" variant="SYMMETRIC_HASH">
<outputs>
<attribute name="c6050" type="java.lang.Integer"/>
<attribute name="c6054" type="java.lang.String"/>
<attribute name="c6055" type="java.lang.String"/>
<attribute name="c6056" type="java.lang.Integer"/>
<attribute name="c6057" type="java.lang.String"/>
<attribute name="c6058" type="java.math.BigDecimal"/>
<attribute name="c6059" type="java.lang.String"/>
<attribute name="c6065" type="java.lang.Integer"/>
<attribute name="c6054" type="java.lang.String"/>
<attribute name="c6066" type="java.lang.String"/>
<attribute name="c6067" type="java.lang.Integer"/>
<attribute name="c6068" type="java.lang.String"/>
<attribute name="c6069" type="java.math.BigDecimal"/>
<attribute name="c6070" type="java.lang.String"/>
</outputs>
<conjunction>
<predicate type="equality" left="1" right="8"/>
</conjunction>
<children>
<operator type="PROJECT">
<outputs>
<attribute name="c6050" type="java.lang.Integer"/>
<attribute name="c6054" type="java.lang.String"/>
<attribute name="c6055" type="java.lang.String"/>
<attribute name="c6056" type="java.lang.Integer"/>
<attribute name="c6057" type="java.lang.String"/>
<attribute name="c6058" type="java.math.BigDecimal"/>
<attribute name="c6059" type="java.lang.String"/>
</outputs>
<project>
<attribute name="s_suppkey" type="java.lang.Integer"/>
<attribute name="s_name" type="java.lang.String"/>
<attribute name="s_address" type="java.lang.String"/>
<attribute name="s_nationkey" type="java.lang.Integer"/>
<attribute name="s_phone" type="java.lang.String"/>
<attribute name="s_acctbal" type="java.math.BigDecimal"/>
<attribute name="s_comment" type="java.lang.String"/>
</project>
<child>
<operator type="ACCESS" relation="supplier" access-method="m6">
<outputs>
<attribute name="s_suppkey" type="java.lang.Integer"/>
<attribute name="s_name" type="java.lang.String"/>
<attribute name="s_address" type="java.lang.String"/>
<attribute name="s_nationkey" type="java.lang.Integer"/>
<attribute name="s_phone" type="java.lang.String"/>
<attribute name="s_acctbal" type="java.math.BigDecimal"/>
<attribute name="s_comment" type="java.lang.String"/>
</outputs>
</operator>
</child>
</operator>
<operator type="PROJECT">
<outputs>
<attribute name="c6065" type="java.lang.Integer"/>
<attribute name="c6054" type="java.lang.String"/>
<attribute name="c6066" type="java.lang.String"/>
<attribute name="c6067" type="java.lang.Integer"/>
<attribute name="c6068" type="java.lang.String"/>
<attribute name="c6069" type="java.math.BigDecimal"/>
<attribute name="c6070" type="java.lang.String"/>
</outputs>
<project>
<attribute name="s_suppkey" type="java.lang.Integer"/>
<attribute name="s_name" type="java.lang.String"/>
<attribute name="s_address" type="java.lang.String"/>
<attribute name="s_nationkey" type="java.lang.Integer"/>
<attribute name="s_phone" type="java.lang.String"/>
<attribute name="s_acctbal" type="java.math.BigDecimal"/>
<attribute name="s_comment" type="java.lang.String"/>
</project>
<child>
<operator type="ACCESS" relation="supplier" access-method="m6">
<outputs>
<attribute name="s_suppkey" type="java.lang.Integer"/>
<attribute name="s_name" type="java.lang.String"/>
<attribute name="s_address" type="java.lang.String"/>
<attribute name="s_nationkey" type="java.lang.Integer"/>
<attribute name="s_phone" type="java.lang.String"/>
<attribute name="s_acctbal" type="java.math.BigDecimal"/>
<attribute name="s_comment" type="java.lang.String"/>
</outputs>
</operator>
</child>
</operator>
</children>
</operator>
</children>
</operator>
</child>
</operator>
</command>
</plan>
