<services name="Uniprot Services">
	<input-methods>
		<input-method name="accession" 		type="path-element" template="?query=accession:{1}"/>
		<input-method name="organism_name" 	type="path-element" template="?query=organism:{1}"/>
		
		<input-method name="format"  		 		type="path-element"    template="&#038;format=json"/>
	</input-methods>

	<service
		name="ProteinLimited"
		protocol="REST"
		url="http://www.uniprot.org/uniprot/" 
		media-type="application/json"
		documentation="http://www.uniprot.org/help/programmatic_access"
		result-delimiter="">

		<attribute name="input_id"    			type="java.lang.String"  					input-method="accession.1"/>
		<attribute name="id"    				type="java.lang.String"  	path="id"/>
		<attribute name="entry_name"     		type="java.lang.String"     path="entry name"/>
		<attribute name="organism" 		  		type="java.lang.String" 	path="organism"	input-method="organism_name.1" />
		
		<static-input name="format" input-method="format"/>

		<access-method type="LIMITED" name="uniprot_protein_1" 			inputs="1"  cost="1000.0" />
		<access-method type="LIMITED" name="uniprot_protein_2"  		inputs="4"  cost="1000.0" />
	</service>
	
	<service
		name="ProteinFree"
		protocol="REST"
		url="http://www.uniprot.org/uniprot/?query=active:yes&#038;format=json" 
		media-type="application/json"
		documentation="http://www.uniprot.org/help/programmatic_access"
		result-delimiter="">

		<attribute name="id"    				type="java.lang.String"  	path="id"/>
		<attribute name="entry_name"     		type="java.lang.String"     path="entry name"/>
		<attribute name="organism" 		  		type="java.lang.String" 	path="organism"	/>

		<access-method type="FREE" name="uniprot_active"  cost="10000.0" />
	</service>

</services>