<?xml version="1.0" encoding="UTF-8"?>
<plan type="dag" cost="1.00893019E12" control-flow="TOP_DOWN">
<operator type="PROJECT">
<outputs>
<attribute name="c1466" type="java.lang.String"/>
<attribute name="c1467" type="java.lang.String"/>
<attribute name="c1468" type="java.lang.String"/>
<attribute name="c1464" type="java.lang.String"/>
<attribute name="c1465" type="java.lang.String"/>
<attribute name="c1454" type="java.lang.Integer"/>
<attribute name="c1455" type="java.lang.String"/>
<attribute name="c1456" type="java.lang.String"/>
<attribute name="c1457" type="java.lang.String"/>
<attribute name="c1458" type="java.lang.Boolean"/>
<attribute name="c1459" type="java.lang.Boolean"/>
<attribute name="c1460" type="java.lang.String"/>
<attribute name="c1461" type="java.lang.String"/>
<attribute name="c1462" type="java.lang.Boolean"/>
</outputs>
<project>
<attribute name="c1466" type="java.lang.String"/>
<attribute name="c1467" type="java.lang.String"/>
<attribute name="c1468" type="java.lang.String"/>
<attribute name="c1464" type="java.lang.String"/>
<attribute name="c1465" type="java.lang.String"/>
<attribute name="c1454" type="java.lang.Integer"/>
<attribute name="c1455" type="java.lang.String"/>
<attribute name="c1456" type="java.lang.String"/>
<attribute name="c1457" type="java.lang.String"/>
<attribute name="c1458" type="java.lang.Boolean"/>
<attribute name="c1459" type="java.lang.Boolean"/>
<attribute name="c1460" type="java.lang.String"/>
<attribute name="c1461" type="java.lang.String"/>
<attribute name="c1462" type="java.lang.Boolean"/>
</project>
<child>
<operator type="DEPENDENT_JOIN" param="1">
<outputs>
<attribute name="c1463" type="java.lang.String"/>
<attribute name="c1464" type="java.lang.String"/>
<attribute name="c1465" type="java.lang.String"/>
<attribute name="c1454" type="java.lang.Integer"/>
<attribute name="c1455" type="java.lang.String"/>
<attribute name="c1456" type="java.lang.String"/>
<attribute name="c1457" type="java.lang.String"/>
<attribute name="c1458" type="java.lang.Boolean"/>
<attribute name="c1459" type="java.lang.Boolean"/>
<attribute name="c1460" type="java.lang.String"/>
<attribute name="c1461" type="java.lang.String"/>
<attribute name="c1462" type="java.lang.Boolean"/>
<attribute name="c1466" type="java.lang.String"/>
<attribute name="c1467" type="java.lang.String"/>
<attribute name="c1468" type="java.lang.String"/>
<attribute name="k1526" type="java.lang.String"/>
<attribute name="k1527" type="java.lang.String"/>
<attribute name="k1528" type="java.lang.String"/>
<attribute name="k1529" type="java.lang.String"/>
<attribute name="k1530" type="java.lang.String"/>
<attribute name="k1531" type="java.lang.String"/>
<attribute name="k1532" type="java.lang.String"/>
<attribute name="k1533" type="java.lang.String"/>
<attribute name="k1534" type="java.lang.String"/>
<attribute name="k1535" type="java.lang.String"/>
<attribute name="k1536" type="java.lang.String"/>
<attribute name="c1487" type="java.lang.String"/>
<attribute name="c1488" type="java.lang.String"/>
<attribute name="c1489" type="java.lang.String"/>
<attribute name="c1464" type="java.lang.String"/>
</outputs>
<children>
<operator type="CROSS_PRODUCT">
<outputs>
<attribute name="c1463" type="java.lang.String"/>
<attribute name="c1464" type="java.lang.String"/>
<attribute name="c1465" type="java.lang.String"/>
<attribute name="c1454" type="java.lang.Integer"/>
<attribute name="c1455" type="java.lang.String"/>
<attribute name="c1456" type="java.lang.String"/>
<attribute name="c1457" type="java.lang.String"/>
<attribute name="c1458" type="java.lang.Boolean"/>
<attribute name="c1459" type="java.lang.Boolean"/>
<attribute name="c1460" type="java.lang.String"/>
<attribute name="c1461" type="java.lang.String"/>
<attribute name="c1462" type="java.lang.Boolean"/>
</outputs>
<children>
<operator type="PROJECT">
<outputs>
<attribute name="c1463" type="java.lang.String"/>
<attribute name="c1464" type="java.lang.String"/>
<attribute name="c1465" type="java.lang.String"/>
</outputs>
<project>
<attribute name="input_id" type="java.lang.String"/>
<attribute name="id" type="java.lang.String"/>
<attribute name="entry_name" type="java.lang.String"/>
</project>
<child>
<operator type="SELECT">
<outputs>
<attribute name="input_id" type="java.lang.String"/>
<attribute name="id" type="java.lang.String"/>
<attribute name="entry_name" type="java.lang.String"/>
<attribute name="organism" type="java.lang.String"/>
</outputs>
<conjunction>
<predicate type="equality" left="3" value="Homo sapiens"/>
</conjunction>
<child>
<operator type="ACCESS" relation="ProteinLimited" access-method="uniprot_protein_2">
<outputs>
<attribute name="input_id" type="java.lang.String"/>
<attribute name="id" type="java.lang.String"/>
<attribute name="entry_name" type="java.lang.String"/>
<attribute name="organism" type="java.lang.String"/>
</outputs>
<static-input>
<input attribute="3" value="Homo sapiens" type="java.lang.String"/>
</static-input>
</operator>
</child>
</operator>
</child>
</operator>
<operator type="PROJECT">
<outputs>
<attribute name="c1454" type="java.lang.Integer"/>
<attribute name="c1455" type="java.lang.String"/>
<attribute name="c1456" type="java.lang.String"/>
<attribute name="c1457" type="java.lang.String"/>
<attribute name="c1458" type="java.lang.Boolean"/>
<attribute name="c1459" type="java.lang.Boolean"/>
<attribute name="c1460" type="java.lang.String"/>
<attribute name="c1461" type="java.lang.String"/>
<attribute name="c1462" type="java.lang.Boolean"/>
</outputs>
<project>
<attribute name="pathwayId" type="java.lang.Integer"/>
<attribute name="pathwayName" type="java.lang.String"/>
<attribute name="stableIdentifier" type="java.lang.String"/>
<attribute name="goBiologicalProcess" type="java.lang.String"/>
<attribute name="isInDisease" type="java.lang.Boolean"/>
<attribute name="isInferred" type="java.lang.Boolean"/>
<attribute name="organismId" type="java.lang.String"/>
<attribute name="doi" type="java.lang.String"/>
<attribute name="hasDiagram" type="java.lang.Boolean"/>
</project>
<child>
<operator type="SELECT">
<outputs>
<attribute name="pathwayId" type="java.lang.Integer"/>
<attribute name="pathwayName" type="java.lang.String"/>
<attribute name="stableIdentifier" type="java.lang.String"/>
<attribute name="goBiologicalProcess" type="java.lang.String"/>
<attribute name="isInDisease" type="java.lang.Boolean"/>
<attribute name="isInferred" type="java.lang.Boolean"/>
<attribute name="organismId" type="java.lang.String"/>
<attribute name="organism" type="java.lang.String"/>
<attribute name="doi" type="java.lang.String"/>
<attribute name="hasDiagram" type="java.lang.Boolean"/>
</outputs>
<conjunction>
<predicate type="equality" left="7" value="Homo sapiens"/>
</conjunction>
<child>
<operator type="ACCESS" relation="PathwayBySpecies" access-method="reactome_pathway_1">
<outputs>
<attribute name="pathwayId" type="java.lang.Integer"/>
<attribute name="pathwayName" type="java.lang.String"/>
<attribute name="stableIdentifier" type="java.lang.String"/>
<attribute name="goBiologicalProcess" type="java.lang.String"/>
<attribute name="isInDisease" type="java.lang.Boolean"/>
<attribute name="isInferred" type="java.lang.Boolean"/>
<attribute name="organismId" type="java.lang.String"/>
<attribute name="organism" type="java.lang.String"/>
<attribute name="doi" type="java.lang.String"/>
<attribute name="hasDiagram" type="java.lang.Boolean"/>
</outputs>
<static-input>
<input attribute="7" value="Homo sapiens" type="java.lang.String"/>
</static-input>
</operator>
</child>
</operator>
</child>
</operator>
</children>
</operator>
<operator type="PROJECT">
<outputs>
<attribute name="c1466" type="java.lang.String"/>
<attribute name="c1467" type="java.lang.String"/>
<attribute name="c1468" type="java.lang.String"/>
<attribute name="k1526" type="java.lang.String"/>
<attribute name="k1527" type="java.lang.String"/>
<attribute name="k1528" type="java.lang.String"/>
<attribute name="k1529" type="java.lang.String"/>
<attribute name="k1530" type="java.lang.String"/>
<attribute name="k1531" type="java.lang.String"/>
<attribute name="k1532" type="java.lang.String"/>
<attribute name="k1533" type="java.lang.String"/>
<attribute name="k1534" type="java.lang.String"/>
<attribute name="k1535" type="java.lang.String"/>
<attribute name="k1536" type="java.lang.String"/>
<attribute name="c1487" type="java.lang.String"/>
<attribute name="c1488" type="java.lang.String"/>
<attribute name="c1489" type="java.lang.String"/>
<attribute name="c1464" type="java.lang.String"/>
</outputs>
<project>
<attribute name="id" type="java.lang.String"/>
<attribute name="source" type="java.lang.String"/>
<attribute name="pmid" type="java.lang.String"/>
<attribute name="pmcid" type="java.lang.String"/>
<attribute name="DOI" type="java.lang.String"/>
<attribute name="title" type="java.lang.String"/>
<attribute name="authorString" type="java.lang.String"/>
<attribute name="journalTitle" type="java.lang.String"/>
<attribute name="issue" type="java.lang.String"/>
<attribute name="journalVolume" type="java.lang.String"/>
<attribute name="pubYear" type="java.lang.String"/>
<attribute name="pubType" type="java.lang.String"/>
<attribute name="inEPMC" type="java.lang.String"/>
<attribute name="inPMC" type="java.lang.String"/>
<attribute name="authors" type="java.lang.String"/>
<attribute name="gene" type="java.lang.String"/>
<attribute name="organism" type="java.lang.String"/>
<attribute name="uniprotPubs" type="java.lang.String"/>
</project>
<child>
<operator type="ACCESS" relation="PublicationShort" access-method="pubmed_pubshort_14">
<outputs>
<attribute name="id" type="java.lang.String"/>
<attribute name="source" type="java.lang.String"/>
<attribute name="pmid" type="java.lang.String"/>
<attribute name="pmcid" type="java.lang.String"/>
<attribute name="DOI" type="java.lang.String"/>
<attribute name="title" type="java.lang.String"/>
<attribute name="authorString" type="java.lang.String"/>
<attribute name="journalTitle" type="java.lang.String"/>
<attribute name="issue" type="java.lang.String"/>
<attribute name="journalVolume" type="java.lang.String"/>
<attribute name="pubYear" type="java.lang.String"/>
<attribute name="pubType" type="java.lang.String"/>
<attribute name="inEPMC" type="java.lang.String"/>
<attribute name="inPMC" type="java.lang.String"/>
<attribute name="authors" type="java.lang.String"/>
<attribute name="gene" type="java.lang.String"/>
<attribute name="organism" type="java.lang.String"/>
<attribute name="uniprotPubs" type="java.lang.String"/>
</outputs>
</operator>
</child>
</operator>
</children>
</operator>
</child>
</operator>
</plan>
