<?xml version="1.0" encoding="UTF-8"?>
<plan type="dag" cost="96262.5" control-flow="TOP_DOWN">
<operator type="PROJECT">
<outputs>
<attribute name="c1649" type="java.math.BigDecimal"/>
<attribute name="c1650" type="java.math.BigDecimal"/>
</outputs>
<project>
<attribute name="c1649" type="java.math.BigDecimal"/>
<attribute name="c1650" type="java.math.BigDecimal"/>
</project>
<child>
<operator type="DEPENDENT_JOIN" param="0">
<outputs>
<attribute name="c1647" type="java.lang.Integer"/>
<attribute name="k1670" type="java.lang.String"/>
<attribute name="k1671" type="java.lang.String"/>
<attribute name="k1672" type="java.lang.Integer"/>
<attribute name="k1673" type="java.lang.String"/>
<attribute name="k1674" type="java.math.BigDecimal"/>
<attribute name="k1675" type="java.lang.String"/>
<attribute name="c1645" type="java.lang.Integer"/>
<attribute name="c1646" type="java.lang.Integer"/>
<attribute name="c1647" type="java.lang.Integer"/>
<attribute name="c1648" type="java.lang.Integer"/>
<attribute name="c1649" type="java.math.BigDecimal"/>
<attribute name="c1650" type="java.math.BigDecimal"/>
<attribute name="c1651" type="java.math.BigDecimal"/>
<attribute name="c1652" type="java.lang.String"/>
<attribute name="c1653" type="java.lang.String"/>
<attribute name="c1654" type="java.sql.Date"/>
<attribute name="c1655" type="java.sql.Date"/>
<attribute name="c1656" type="java.lang.String"/>
<attribute name="c1657" type="java.lang.String"/>
<attribute name="c1658" type="java.lang.String"/>
</outputs>
<children>
<operator type="PROJECT">
<outputs>
<attribute name="c1647" type="java.lang.Integer"/>
<attribute name="k1670" type="java.lang.String"/>
<attribute name="k1671" type="java.lang.String"/>
<attribute name="k1672" type="java.lang.Integer"/>
<attribute name="k1673" type="java.lang.String"/>
<attribute name="k1674" type="java.math.BigDecimal"/>
<attribute name="k1675" type="java.lang.String"/>
</outputs>
<project>
<attribute name="s_suppkey" type="java.lang.Integer"/>
<attribute name="s_name" type="java.lang.String"/>
<attribute name="s_address" type="java.lang.String"/>
<attribute name="s_nationkey" type="java.lang.Integer"/>
<attribute name="s_phone" type="java.lang.String"/>
<attribute name="s_acctbal" type="java.math.BigDecimal"/>
<attribute name="s_comment" type="java.lang.String"/>
</project>
<child>
<operator type="ACCESS" relation="supplier" access-method="m20">
<outputs>
<attribute name="s_suppkey" type="java.lang.Integer"/>
<attribute name="s_name" type="java.lang.String"/>
<attribute name="s_address" type="java.lang.String"/>
<attribute name="s_nationkey" type="java.lang.Integer"/>
<attribute name="s_phone" type="java.lang.String"/>
<attribute name="s_acctbal" type="java.math.BigDecimal"/>
<attribute name="s_comment" type="java.lang.String"/>
</outputs>
</operator>
</child>
</operator>
<operator type="PROJECT">
<outputs>
<attribute name="c1645" type="java.lang.Integer"/>
<attribute name="c1646" type="java.lang.Integer"/>
<attribute name="c1647" type="java.lang.Integer"/>
<attribute name="c1648" type="java.lang.Integer"/>
<attribute name="c1649" type="java.math.BigDecimal"/>
<attribute name="c1650" type="java.math.BigDecimal"/>
<attribute name="c1651" type="java.math.BigDecimal"/>
<attribute name="c1652" type="java.lang.String"/>
<attribute name="c1653" type="java.lang.String"/>
<attribute name="c1654" type="java.sql.Date"/>
<attribute name="c1655" type="java.sql.Date"/>
<attribute name="c1656" type="java.lang.String"/>
<attribute name="c1657" type="java.lang.String"/>
<attribute name="c1658" type="java.lang.String"/>
</outputs>
<project>
<attribute name="l_orderkey" type="java.lang.Integer"/>
<attribute name="l_partkey" type="java.lang.Integer"/>
<attribute name="l_suppkey" type="java.lang.Integer"/>
<attribute name="l_linenumber" type="java.lang.Integer"/>
<attribute name="l_extendedprice" type="java.math.BigDecimal"/>
<attribute name="l_discount" type="java.math.BigDecimal"/>
<attribute name="l_tax" type="java.math.BigDecimal"/>
<attribute name="l_returnflag" type="java.lang.String"/>
<attribute name="l_linestatus" type="java.lang.String"/>
<attribute name="l_commitdate" type="java.sql.Date"/>
<attribute name="l_receiptdate" type="java.sql.Date"/>
<attribute name="l_shipinstruct" type="java.lang.String"/>
<attribute name="l_shipmode" type="java.lang.String"/>
<attribute name="l_comment" type="java.lang.String"/>
</project>
<child>
<operator type="SELECT">
<outputs>
<attribute name="l_orderkey" type="java.lang.Integer"/>
<attribute name="l_partkey" type="java.lang.Integer"/>
<attribute name="l_suppkey" type="java.lang.Integer"/>
<attribute name="l_linenumber" type="java.lang.Integer"/>
<attribute name="l_quantity" type="java.math.BigDecimal"/>
<attribute name="l_extendedprice" type="java.math.BigDecimal"/>
<attribute name="l_discount" type="java.math.BigDecimal"/>
<attribute name="l_tax" type="java.math.BigDecimal"/>
<attribute name="l_returnflag" type="java.lang.String"/>
<attribute name="l_linestatus" type="java.lang.String"/>
<attribute name="l_shipdate" type="java.sql.Date"/>
<attribute name="l_commitdate" type="java.sql.Date"/>
<attribute name="l_receiptdate" type="java.sql.Date"/>
<attribute name="l_shipinstruct" type="java.lang.String"/>
<attribute name="l_shipmode" type="java.lang.String"/>
<attribute name="l_comment" type="java.lang.String"/>
</outputs>
<conjunction>
<predicate type="equality" left="4" value="10.0"/>
<predicate type="equality" left="10" value="1995-01-01"/>
</conjunction>
<child>
<operator type="ACCESS" relation="lineitem" access-method="m11">
<outputs>
<attribute name="l_orderkey" type="java.lang.Integer"/>
<attribute name="l_partkey" type="java.lang.Integer"/>
<attribute name="l_suppkey" type="java.lang.Integer"/>
<attribute name="l_linenumber" type="java.lang.Integer"/>
<attribute name="l_quantity" type="java.math.BigDecimal"/>
<attribute name="l_extendedprice" type="java.math.BigDecimal"/>
<attribute name="l_discount" type="java.math.BigDecimal"/>
<attribute name="l_tax" type="java.math.BigDecimal"/>
<attribute name="l_returnflag" type="java.lang.String"/>
<attribute name="l_linestatus" type="java.lang.String"/>
<attribute name="l_shipdate" type="java.sql.Date"/>
<attribute name="l_commitdate" type="java.sql.Date"/>
<attribute name="l_receiptdate" type="java.sql.Date"/>
<attribute name="l_shipinstruct" type="java.lang.String"/>
<attribute name="l_shipmode" type="java.lang.String"/>
<attribute name="l_comment" type="java.lang.String"/>
</outputs>
</operator>
</child>
</operator>
</child>
</operator>
</children>
</operator>
</child>
</operator>
</plan>
