<?xml version="1.0" encoding="UTF-8"?>
<plan type="dag" cost="1246.875" control-flow="TOP_DOWN">
<operator type="DEPENDENT_JOIN" param="3">
<outputs>
<attribute name="c138" type="java.lang.Integer"/>
<attribute name="c142" type="java.lang.Integer"/>
<attribute name="k161" type="java.lang.String"/>
<attribute name="c132" type="java.lang.Integer"/>
<attribute name="c136" type="java.lang.String"/>
<attribute name="c137" type="java.lang.String"/>
<attribute name="c138" type="java.lang.Integer"/>
<attribute name="c139" type="java.lang.String"/>
<attribute name="c140" type="java.math.BigDecimal"/>
<attribute name="c141" type="java.lang.String"/>
<attribute name="c131" type="java.lang.Integer"/>
<attribute name="c132" type="java.lang.Integer"/>
<attribute name="c133" type="java.lang.Integer"/>
<attribute name="c134" type="java.math.BigDecimal"/>
<attribute name="c135" type="java.lang.String"/>
</outputs>
<children>
<operator type="DEPENDENT_JOIN" param="0">
<outputs>
<attribute name="c138" type="java.lang.Integer"/>
<attribute name="c142" type="java.lang.Integer"/>
<attribute name="k161" type="java.lang.String"/>
<attribute name="c132" type="java.lang.Integer"/>
<attribute name="c136" type="java.lang.String"/>
<attribute name="c137" type="java.lang.String"/>
<attribute name="c138" type="java.lang.Integer"/>
<attribute name="c139" type="java.lang.String"/>
<attribute name="c140" type="java.math.BigDecimal"/>
<attribute name="c141" type="java.lang.String"/>
</outputs>
<children>
<operator type="PROJECT">
<outputs>
<attribute name="c138" type="java.lang.Integer"/>
<attribute name="c142" type="java.lang.Integer"/>
<attribute name="k161" type="java.lang.String"/>
</outputs>
<project>
<attribute name="nation_key" type="java.lang.Integer"/>
<attribute name="region_key" type="java.lang.Integer"/>
<attribute name="region_name" type="java.lang.String"/>
</project>
<child>
<operator type="SELECT">
<outputs>
<attribute name="nation_key" type="java.lang.Integer"/>
<attribute name="nation_name" type="java.lang.String"/>
<attribute name="region_key" type="java.lang.Integer"/>
<attribute name="region_name" type="java.lang.String"/>
</outputs>
<conjunction>
<predicate type="equality" left="1" value="UNITED STATES"/>
</conjunction>
<child>
<operator type="ACCESS" relation="region_nation" access-method="m13">
<outputs>
<attribute name="nation_key" type="java.lang.Integer"/>
<attribute name="nation_name" type="java.lang.String"/>
<attribute name="region_key" type="java.lang.Integer"/>
<attribute name="region_name" type="java.lang.String"/>
</outputs>
</operator>
</child>
</operator>
</child>
</operator>
<operator type="PROJECT">
<outputs>
<attribute name="c132" type="java.lang.Integer"/>
<attribute name="c136" type="java.lang.String"/>
<attribute name="c137" type="java.lang.String"/>
<attribute name="c138" type="java.lang.Integer"/>
<attribute name="c139" type="java.lang.String"/>
<attribute name="c140" type="java.math.BigDecimal"/>
<attribute name="c141" type="java.lang.String"/>
</outputs>
<project>
<attribute name="s_suppkey" type="java.lang.Integer"/>
<attribute name="s_name" type="java.lang.String"/>
<attribute name="s_address" type="java.lang.String"/>
<attribute name="s_nationkey" type="java.lang.Integer"/>
<attribute name="s_phone" type="java.lang.String"/>
<attribute name="s_acctbal" type="java.math.BigDecimal"/>
<attribute name="s_comment" type="java.lang.String"/>
</project>
<child>
<operator type="ACCESS" relation="supplier" access-method="m3">
<outputs>
<attribute name="s_suppkey" type="java.lang.Integer"/>
<attribute name="s_name" type="java.lang.String"/>
<attribute name="s_address" type="java.lang.String"/>
<attribute name="s_nationkey" type="java.lang.Integer"/>
<attribute name="s_phone" type="java.lang.String"/>
<attribute name="s_acctbal" type="java.math.BigDecimal"/>
<attribute name="s_comment" type="java.lang.String"/>
</outputs>
</operator>
</child>
</operator>
</children>
</operator>
<operator type="PROJECT">
<outputs>
<attribute name="c131" type="java.lang.Integer"/>
<attribute name="c132" type="java.lang.Integer"/>
<attribute name="c133" type="java.lang.Integer"/>
<attribute name="c134" type="java.math.BigDecimal"/>
<attribute name="c135" type="java.lang.String"/>
</outputs>
<project>
<attribute name="ps_partkey" type="java.lang.Integer"/>
<attribute name="ps_suppkey" type="java.lang.Integer"/>
<attribute name="ps_availqty" type="java.lang.Integer"/>
<attribute name="ps_supplycost" type="java.math.BigDecimal"/>
<attribute name="ps_comment" type="java.lang.String"/>
</project>
<child>
<operator type="ACCESS" relation="partsupp" access-method="m5">
<outputs>
<attribute name="ps_partkey" type="java.lang.Integer"/>
<attribute name="ps_suppkey" type="java.lang.Integer"/>
<attribute name="ps_availqty" type="java.lang.Integer"/>
<attribute name="ps_supplycost" type="java.math.BigDecimal"/>
<attribute name="ps_comment" type="java.lang.String"/>
</outputs>
</operator>
</child>
</operator>
</children>
</operator>
</plan>
