<?xml version="1.0" encoding="UTF-8"?>
<query>
	<body>
		<atom name="r2">
			<variable name="x0" />
		</atom>
		<atom name="r1">
			<variable name="x25" />
			<variable name="x26" />
		</atom>
		<atom name="r1">
			<variable name="x27" />
			<variable name="x26" />
		</atom>
		<atom name="r1">
			<variable name="x27" />
			<variable name="x28" />
		</atom>
		<atom name="r1">
			<variable name="x27" />
			<variable name="x29" />
		</atom>
	</body>
	<head name="Q">
		<variable name="x0" />
		<variable name="x25" />
		<variable name="x26" />
		<variable name="x27" />
		<variable name="x28" />
		<variable name="x29" />
	</head>
</query>