<?xml version="1.0" encoding="UTF-8"?>
<query name="Example 1" description="" type="conjunctive">
	<body>
		<atom name="Molecule">
			<variable name="atc_classifications" />
			<variable name="availability_type" />
			<variable name="biocomponents" />
			<variable name="biotherapeutic" />
			<variable name="black_box_warning" />
			<variable name="chebi_par_id" />
			<variable name="chirality" />
			<variable name="dosed_ingredient" />
			<variable name="first_approval" />
			<variable name="first_in_class" />
			<variable name="helm_notation" />
			<variable name="indication_class" />
			<variable name="inorganic_flag" />
			<!-- <variable name="max_phase" /> -->
			<constant value="4" />
			<variable name="molecule_chembl_id" />
			<variable name="parent_chembl_id" />
			<variable name="acd_logd" />
			<variable name="acd_logp" />
			<variable name="acd_most_apka" />
			<variable name="acd_most_bpka" />
			<variable name="alogp" />
			<variable name="aromatic_rings" />
			<variable name="full_molformula" />
			<variable name="full_mwt" />
			<variable name="hba" />
			<variable name="hbd" />
			<variable name="heavy_atoms" />
			<variable name="med_chem_friendly" />
			<variable name="molecular_species" />
			<variable name="mw_freebase" />
			<variable name="mw_monoisotopic" />
			<variable name="num_alerts" />
			<variable name="num_ro5_violations" />
			<variable name="psa" />
			<variable name="qed_weighted" />
			<variable name="ro3_pass" />
			<variable name="rtb" />
			<variable name="canonical_smiles" />
			<variable name="standard_inchi" />
			<variable name="standard_inchi_key" />
			<variable name="molecule_synonyms" />
			<variable name="molecule_type" />
			<variable name="natural_product" />
			<variable name="oral" />
			<variable name="parenteral" />
			<variable name="polymer_flag" />
			<variable name="pref_name" />
			<variable name="prodrug" />
			<variable name="structure_type" />
			<variable name="therapeutic_flag" />
			<variable name="topical" />
			<variable name="usan_stem" />
			<variable name="usan_stem_definition" />
			<variable name="usan_substem" />
			<variable name="usan_year" />
		</atom>

		<atom name="Mechanism">
			<variable name="action_type" />
			<variable name="binding_site_comment" />
			<variable name="direct_interaction" />
			<variable name="disease_efficacy" />
			<variable name="mec_id" />
			<variable name="mechanism_comment" />
			<variable name="mechanism_of_action" />
			<variable name="molecular_mechanism" />
			<variable name="molecule_chembl_id" />
			<variable name="record_id" />
			<variable name="selectivity_comment" />
			<variable name="site_id" />
			<variable name="target_chembl_id" />
		</atom>

		<atom name="Assay">
			<variable name="assay_category" />
			<variable name="assay_cell_type" />
			<variable name="assay_chembl_id" />
			<variable name="assay_organism" />
			<variable name="assay_strain" />
			<variable name="assay_subcellular_fraction" />
			<variable name="assay_tax_id" />
			<variable name="assay_test_type" />
			<variable name="assay_tissue" />
			<!-- <variable name="assay_type" /> -->
			<constant value="B" />
			<variable name="assay_type_description" />
			<variable name="bao_format" />
			<variable name="cell_chembl_id" />
			<variable name="confidence_description" />
			<variable name="confidence_score" />
			<variable name="description" />
			<variable name="document_chembl_id" />
			<variable name="relationship_description" />
			<constant value="D" />
			<!-- <variable name="relationship_type" /> -->
			<variable name="src_assay_id" />
			<variable name="src_id" />
			<variable name="target_chembl_id" />
		</atom>

		<atom name="Activity">
			<variable name="activity_comment" />
			<variable name="activity_id" />
			<variable name="assay_chembl_id" />
			<variable name="assay_description" />
			<variable name="assay_type" />
			<variable name="bao_endpoint" />
			<variable name="bao_format" />
			<variable name="canonical_smiles" />
			<variable name="data_validity_comment" />
			<variable name="document_chembl_id" />
			<variable name="document_journal" />
			<variable name="document_year" />
			<variable name="molecule_chembl_id" />
			<variable name="pchembl_value" />
			<variable name="potential_duplicate" />
			<variable name="published_relation" />
			<variable name="published_type" />
			<variable name="published_units" />
			<variable name="published_value" />
			<variable name="qudt_units" />
			<variable name="record_id" />
			<variable name="standard_flag" />
			<variable name="standard_relation" />
			<variable name="standard_type" />
			<variable name="standard_units" />
			<variable name="standard_value" />
			<variable name="target_chembl_id" />
			<variable name="target_organism" />
			<variable name="target_pref_name" />
			<variable name="uo_units" />
		</atom>
	</body>
	
	<head name="Q">
		<variable name="activity_comment" />
		<variable name="activity_id" />
		<variable name="assay_chembl_id" />
		<variable name="assay_description" />
		<variable name="assay_type" />
		<variable name="bao_endpoint" />
		<variable name="bao_format" />
		<variable name="canonical_smiles" />
		<variable name="data_validity_comment" />
		<variable name="document_chembl_id" />
		<variable name="document_journal" />
		<variable name="document_year" />
		<variable name="molecule_chembl_id" />
		<variable name="pchembl_value" />
		<variable name="potential_duplicate" />
		<variable name="published_relation" />
		<variable name="published_type" />
		<variable name="published_units" />
		<variable name="published_value" />
		<variable name="qudt_units" />
		<variable name="record_id" />
		<variable name="standard_flag" />
		<variable name="standard_relation" />
		<variable name="standard_type" />
		<variable name="standard_units" />
		<variable name="standard_value" />
		<variable name="target_chembl_id" />
		<variable name="target_organism" />
		<variable name="target_pref_name" />
		<variable name="uo_units" />
	</head>

</query>
