<?xml version="1.0" encoding="UTF-8"?>
<plan type="dag" cost="785.9" control-flow="BOTTOM_UP">
<operator type="PROJECT">
<outputs>
<attribute name="c3843" type="java.math.BigDecimal"/>
<attribute name="c3836" type="java.lang.Integer"/>
<attribute name="c3842" type="java.lang.String"/>
<attribute name="c3847" type="java.lang.String"/>
<attribute name="c3840" type="java.lang.String"/>
<attribute name="c3848" type="java.lang.String"/>
</outputs>
<project>
<attribute name="c3843" type="java.math.BigDecimal"/>
<attribute name="c3836" type="java.lang.Integer"/>
<attribute name="c3842" type="java.lang.String"/>
<attribute name="c3847" type="java.lang.String"/>
<attribute name="c3840" type="java.lang.String"/>
<attribute name="c3848" type="java.lang.String"/>
</project>
<child>
<operator type="JOIN" variant="SYMMETRIC_HASH">
<outputs>
<attribute name="c3834" type="java.lang.Integer"/>
<attribute name="c3835" type="java.lang.Integer"/>
<attribute name="c3836" type="java.lang.Integer"/>
<attribute name="c3837" type="java.math.BigDecimal"/>
<attribute name="c3838" type="java.lang.String"/>
<attribute name="c3852" type="java.lang.Integer"/>
<attribute name="k3859" type="java.lang.String"/>
<attribute name="k3860" type="java.lang.Integer"/>
<attribute name="k3861" type="java.lang.String"/>
<attribute name="c3841" type="java.lang.Integer"/>
<attribute name="c3845" type="java.lang.String"/>
<attribute name="c3846" type="java.lang.Integer"/>
<attribute name="c3847" type="java.lang.String"/>
<attribute name="c3850" type="java.lang.Integer"/>
<attribute name="c3839" type="java.lang.String"/>
<attribute name="c3851" type="java.lang.String"/>
<attribute name="c3852" type="java.lang.Integer"/>
<attribute name="c3853" type="java.lang.String"/>
<attribute name="c3854" type="java.math.BigDecimal"/>
<attribute name="c3855" type="java.lang.String"/>
<attribute name="c3835" type="java.lang.Integer"/>
<attribute name="c3839" type="java.lang.String"/>
<attribute name="c3840" type="java.lang.String"/>
<attribute name="c3841" type="java.lang.Integer"/>
<attribute name="c3842" type="java.lang.String"/>
<attribute name="c3843" type="java.math.BigDecimal"/>
<attribute name="c3844" type="java.lang.String"/>
<attribute name="c3846" type="java.lang.Integer"/>
<attribute name="c3848" type="java.lang.String"/>
<attribute name="c3849" type="java.lang.String"/>
<attribute name="k3860" type="java.lang.Integer"/>
<attribute name="k3878" type="java.lang.String"/>
<attribute name="k3879" type="java.lang.String"/>
</outputs>
<conjunction>
<predicate type="equality" left="1" right="20"/>
</conjunction>
<children>
<operator type="PROJECT">
<outputs>
<attribute name="c3834" type="java.lang.Integer"/>
<attribute name="c3835" type="java.lang.Integer"/>
<attribute name="c3836" type="java.lang.Integer"/>
<attribute name="c3837" type="java.math.BigDecimal"/>
<attribute name="c3838" type="java.lang.String"/>
</outputs>
<project>
<attribute name="ps_partkey" type="java.lang.Integer"/>
<attribute name="ps_suppkey" type="java.lang.Integer"/>
<attribute name="ps_availqty" type="java.lang.Integer"/>
<attribute name="ps_supplycost" type="java.math.BigDecimal"/>
<attribute name="ps_comment" type="java.lang.String"/>
</project>
<child>
<operator type="ACCESS" relation="partsupp" access-method="m8">
<outputs>
<attribute name="ps_partkey" type="java.lang.Integer"/>
<attribute name="ps_suppkey" type="java.lang.Integer"/>
<attribute name="ps_availqty" type="java.lang.Integer"/>
<attribute name="ps_supplycost" type="java.math.BigDecimal"/>
<attribute name="ps_comment" type="java.lang.String"/>
</outputs>
</operator>
</child>
</operator>
<operator type="JOIN" variant="SYMMETRIC_HASH">
<outputs>
<attribute name="c3852" type="java.lang.Integer"/>
<attribute name="k3859" type="java.lang.String"/>
<attribute name="k3860" type="java.lang.Integer"/>
<attribute name="k3861" type="java.lang.String"/>
<attribute name="c3841" type="java.lang.Integer"/>
<attribute name="c3845" type="java.lang.String"/>
<attribute name="c3846" type="java.lang.Integer"/>
<attribute name="c3847" type="java.lang.String"/>
<attribute name="c3850" type="java.lang.Integer"/>
<attribute name="c3839" type="java.lang.String"/>
<attribute name="c3851" type="java.lang.String"/>
<attribute name="c3852" type="java.lang.Integer"/>
<attribute name="c3853" type="java.lang.String"/>
<attribute name="c3854" type="java.math.BigDecimal"/>
<attribute name="c3855" type="java.lang.String"/>
<attribute name="c3835" type="java.lang.Integer"/>
<attribute name="c3839" type="java.lang.String"/>
<attribute name="c3840" type="java.lang.String"/>
<attribute name="c3841" type="java.lang.Integer"/>
<attribute name="c3842" type="java.lang.String"/>
<attribute name="c3843" type="java.math.BigDecimal"/>
<attribute name="c3844" type="java.lang.String"/>
<attribute name="c3846" type="java.lang.Integer"/>
<attribute name="c3848" type="java.lang.String"/>
<attribute name="c3849" type="java.lang.String"/>
<attribute name="k3860" type="java.lang.Integer"/>
<attribute name="k3878" type="java.lang.String"/>
<attribute name="k3879" type="java.lang.String"/>
</outputs>
<conjunction>
<predicate type="equality" left="2" right="25"/>
<predicate type="equality" left="6" right="22"/>
</conjunction>
<children>
<operator type="JOIN" variant="SYMMETRIC_HASH">
<outputs>
<attribute name="c3852" type="java.lang.Integer"/>
<attribute name="k3859" type="java.lang.String"/>
<attribute name="k3860" type="java.lang.Integer"/>
<attribute name="k3861" type="java.lang.String"/>
<attribute name="c3841" type="java.lang.Integer"/>
<attribute name="c3845" type="java.lang.String"/>
<attribute name="c3846" type="java.lang.Integer"/>
<attribute name="c3847" type="java.lang.String"/>
<attribute name="c3850" type="java.lang.Integer"/>
<attribute name="c3839" type="java.lang.String"/>
<attribute name="c3851" type="java.lang.String"/>
<attribute name="c3852" type="java.lang.Integer"/>
<attribute name="c3853" type="java.lang.String"/>
<attribute name="c3854" type="java.math.BigDecimal"/>
<attribute name="c3855" type="java.lang.String"/>
<attribute name="c3835" type="java.lang.Integer"/>
<attribute name="c3839" type="java.lang.String"/>
<attribute name="c3840" type="java.lang.String"/>
<attribute name="c3841" type="java.lang.Integer"/>
<attribute name="c3842" type="java.lang.String"/>
<attribute name="c3843" type="java.math.BigDecimal"/>
<attribute name="c3844" type="java.lang.String"/>
</outputs>
<conjunction>
<predicate type="equality" left="0" right="11"/>
<predicate type="equality" left="4" right="18"/>
</conjunction>
<children>
<operator type="CROSS_PRODUCT">
<outputs>
<attribute name="c3852" type="java.lang.Integer"/>
<attribute name="k3859" type="java.lang.String"/>
<attribute name="k3860" type="java.lang.Integer"/>
<attribute name="k3861" type="java.lang.String"/>
<attribute name="c3841" type="java.lang.Integer"/>
<attribute name="c3845" type="java.lang.String"/>
<attribute name="c3846" type="java.lang.Integer"/>
<attribute name="c3847" type="java.lang.String"/>
</outputs>
<children>
<operator type="PROJECT">
<outputs>
<attribute name="c3852" type="java.lang.Integer"/>
<attribute name="k3859" type="java.lang.String"/>
<attribute name="k3860" type="java.lang.Integer"/>
<attribute name="k3861" type="java.lang.String"/>
</outputs>
<project>
<attribute name="n_nationkey" type="java.lang.Integer"/>
<attribute name="n_name" type="java.lang.String"/>
<attribute name="n_regionkey" type="java.lang.Integer"/>
<attribute name="n_comment" type="java.lang.String"/>
</project>
<child>
<operator type="ACCESS" relation="nation" access-method="m10">
<outputs>
<attribute name="n_nationkey" type="java.lang.Integer"/>
<attribute name="n_name" type="java.lang.String"/>
<attribute name="n_regionkey" type="java.lang.Integer"/>
<attribute name="n_comment" type="java.lang.String"/>
</outputs>
</operator>
</child>
</operator>
<operator type="PROJECT">
<outputs>
<attribute name="c3841" type="java.lang.Integer"/>
<attribute name="c3845" type="java.lang.String"/>
<attribute name="c3846" type="java.lang.Integer"/>
<attribute name="c3847" type="java.lang.String"/>
</outputs>
<project>
<attribute name="n_nationkey" type="java.lang.Integer"/>
<attribute name="n_name" type="java.lang.String"/>
<attribute name="n_regionkey" type="java.lang.Integer"/>
<attribute name="n_comment" type="java.lang.String"/>
</project>
<child>
<operator type="ACCESS" relation="nation" access-method="m10">
<outputs>
<attribute name="n_nationkey" type="java.lang.Integer"/>
<attribute name="n_name" type="java.lang.String"/>
<attribute name="n_regionkey" type="java.lang.Integer"/>
<attribute name="n_comment" type="java.lang.String"/>
</outputs>
</operator>
</child>
</operator>
</children>
</operator>
<operator type="JOIN" variant="SYMMETRIC_HASH">
<outputs>
<attribute name="c3850" type="java.lang.Integer"/>
<attribute name="c3839" type="java.lang.String"/>
<attribute name="c3851" type="java.lang.String"/>
<attribute name="c3852" type="java.lang.Integer"/>
<attribute name="c3853" type="java.lang.String"/>
<attribute name="c3854" type="java.math.BigDecimal"/>
<attribute name="c3855" type="java.lang.String"/>
<attribute name="c3835" type="java.lang.Integer"/>
<attribute name="c3839" type="java.lang.String"/>
<attribute name="c3840" type="java.lang.String"/>
<attribute name="c3841" type="java.lang.Integer"/>
<attribute name="c3842" type="java.lang.String"/>
<attribute name="c3843" type="java.math.BigDecimal"/>
<attribute name="c3844" type="java.lang.String"/>
</outputs>
<conjunction>
<predicate type="equality" left="1" right="8"/>
</conjunction>
<children>
<operator type="PROJECT">
<outputs>
<attribute name="c3850" type="java.lang.Integer"/>
<attribute name="c3839" type="java.lang.String"/>
<attribute name="c3851" type="java.lang.String"/>
<attribute name="c3852" type="java.lang.Integer"/>
<attribute name="c3853" type="java.lang.String"/>
<attribute name="c3854" type="java.math.BigDecimal"/>
<attribute name="c3855" type="java.lang.String"/>
</outputs>
<project>
<attribute name="s_suppkey" type="java.lang.Integer"/>
<attribute name="s_name" type="java.lang.String"/>
<attribute name="s_address" type="java.lang.String"/>
<attribute name="s_nationkey" type="java.lang.Integer"/>
<attribute name="s_phone" type="java.lang.String"/>
<attribute name="s_acctbal" type="java.math.BigDecimal"/>
<attribute name="s_comment" type="java.lang.String"/>
</project>
<child>
<operator type="ACCESS" relation="supplier" access-method="m6">
<outputs>
<attribute name="s_suppkey" type="java.lang.Integer"/>
<attribute name="s_name" type="java.lang.String"/>
<attribute name="s_address" type="java.lang.String"/>
<attribute name="s_nationkey" type="java.lang.Integer"/>
<attribute name="s_phone" type="java.lang.String"/>
<attribute name="s_acctbal" type="java.math.BigDecimal"/>
<attribute name="s_comment" type="java.lang.String"/>
</outputs>
</operator>
</child>
</operator>
<operator type="PROJECT">
<outputs>
<attribute name="c3835" type="java.lang.Integer"/>
<attribute name="c3839" type="java.lang.String"/>
<attribute name="c3840" type="java.lang.String"/>
<attribute name="c3841" type="java.lang.Integer"/>
<attribute name="c3842" type="java.lang.String"/>
<attribute name="c3843" type="java.math.BigDecimal"/>
<attribute name="c3844" type="java.lang.String"/>
</outputs>
<project>
<attribute name="s_suppkey" type="java.lang.Integer"/>
<attribute name="s_name" type="java.lang.String"/>
<attribute name="s_address" type="java.lang.String"/>
<attribute name="s_nationkey" type="java.lang.Integer"/>
<attribute name="s_phone" type="java.lang.String"/>
<attribute name="s_acctbal" type="java.math.BigDecimal"/>
<attribute name="s_comment" type="java.lang.String"/>
</project>
<child>
<operator type="ACCESS" relation="supplier" access-method="m6">
<outputs>
<attribute name="s_suppkey" type="java.lang.Integer"/>
<attribute name="s_name" type="java.lang.String"/>
<attribute name="s_address" type="java.lang.String"/>
<attribute name="s_nationkey" type="java.lang.Integer"/>
<attribute name="s_phone" type="java.lang.String"/>
<attribute name="s_acctbal" type="java.math.BigDecimal"/>
<attribute name="s_comment" type="java.lang.String"/>
</outputs>
</operator>
</child>
</operator>
</children>
</operator>
</children>
</operator>
<operator type="CROSS_PRODUCT">
<outputs>
<attribute name="c3846" type="java.lang.Integer"/>
<attribute name="c3848" type="java.lang.String"/>
<attribute name="c3849" type="java.lang.String"/>
<attribute name="k3860" type="java.lang.Integer"/>
<attribute name="k3878" type="java.lang.String"/>
<attribute name="k3879" type="java.lang.String"/>
</outputs>
<children>
<operator type="PROJECT">
<outputs>
<attribute name="c3846" type="java.lang.Integer"/>
<attribute name="c3848" type="java.lang.String"/>
<attribute name="c3849" type="java.lang.String"/>
</outputs>
<project>
<attribute name="r_regionkey" type="java.lang.Integer"/>
<attribute name="r_name" type="java.lang.String"/>
<attribute name="r_comment" type="java.lang.String"/>
</project>
<child>
<operator type="ACCESS" relation="region" access-method="m12">
<outputs>
<attribute name="r_regionkey" type="java.lang.Integer"/>
<attribute name="r_name" type="java.lang.String"/>
<attribute name="r_comment" type="java.lang.String"/>
</outputs>
</operator>
</child>
</operator>
<operator type="PROJECT">
<outputs>
<attribute name="k3860" type="java.lang.Integer"/>
<attribute name="k3878" type="java.lang.String"/>
<attribute name="k3879" type="java.lang.String"/>
</outputs>
<project>
<attribute name="r_regionkey" type="java.lang.Integer"/>
<attribute name="r_name" type="java.lang.String"/>
<attribute name="r_comment" type="java.lang.String"/>
</project>
<child>
<operator type="ACCESS" relation="region" access-method="m12">
<outputs>
<attribute name="r_regionkey" type="java.lang.Integer"/>
<attribute name="r_name" type="java.lang.String"/>
<attribute name="r_comment" type="java.lang.String"/>
</outputs>
</operator>
</child>
</operator>
</children>
</operator>
</children>
</operator>
</children>
</operator>
</child>
</operator>
</plan>
