<?xml version="1.0" encoding="UTF-8"?>
<plan type="dag" cost="58.14" control-flow="BOTTOM_UP">
<operator type="PROJECT">
<outputs>
<attribute name="c3298" type="java.lang.String"/>
<attribute name="c3287" type="java.math.BigDecimal"/>
<attribute name="c3294" type="java.lang.String"/>
<attribute name="c3288" type="java.lang.String"/>
</outputs>
<project>
<attribute name="c3298" type="java.lang.String"/>
<attribute name="c3287" type="java.math.BigDecimal"/>
<attribute name="c3294" type="java.lang.String"/>
<attribute name="c3288" type="java.lang.String"/>
</project>
<child>
<operator type="JOIN" variant="SYMMETRIC_HASH">
<outputs>
<attribute name="c3284" type="java.lang.Integer"/>
<attribute name="c3285" type="java.lang.Integer"/>
<attribute name="c3286" type="java.lang.Integer"/>
<attribute name="c3287" type="java.math.BigDecimal"/>
<attribute name="c3288" type="java.lang.String"/>
<attribute name="c3291" type="java.lang.Integer"/>
<attribute name="c3295" type="java.lang.String"/>
<attribute name="c3296" type="java.lang.Integer"/>
<attribute name="c3297" type="java.lang.String"/>
<attribute name="c3285" type="java.lang.Integer"/>
<attribute name="c3289" type="java.lang.String"/>
<attribute name="c3290" type="java.lang.String"/>
<attribute name="c3291" type="java.lang.Integer"/>
<attribute name="c3292" type="java.lang.String"/>
<attribute name="c3293" type="java.math.BigDecimal"/>
<attribute name="c3294" type="java.lang.String"/>
<attribute name="c3296" type="java.lang.Integer"/>
<attribute name="c3298" type="java.lang.String"/>
<attribute name="c3299" type="java.lang.String"/>
</outputs>
<conjunction>
<predicate type="equality" left="1" right="9"/>
</conjunction>
<children>
<operator type="PROJECT">
<outputs>
<attribute name="c3284" type="java.lang.Integer"/>
<attribute name="c3285" type="java.lang.Integer"/>
<attribute name="c3286" type="java.lang.Integer"/>
<attribute name="c3287" type="java.math.BigDecimal"/>
<attribute name="c3288" type="java.lang.String"/>
</outputs>
<project>
<attribute name="ps_partkey" type="java.lang.Integer"/>
<attribute name="ps_suppkey" type="java.lang.Integer"/>
<attribute name="ps_availqty" type="java.lang.Integer"/>
<attribute name="ps_supplycost" type="java.math.BigDecimal"/>
<attribute name="ps_comment" type="java.lang.String"/>
</project>
<child>
<operator type="ACCESS" relation="partsupp" access-method="m8">
<outputs>
<attribute name="ps_partkey" type="java.lang.Integer"/>
<attribute name="ps_suppkey" type="java.lang.Integer"/>
<attribute name="ps_availqty" type="java.lang.Integer"/>
<attribute name="ps_supplycost" type="java.math.BigDecimal"/>
<attribute name="ps_comment" type="java.lang.String"/>
</outputs>
</operator>
</child>
</operator>
<operator type="JOIN" variant="SYMMETRIC_HASH">
<outputs>
<attribute name="c3291" type="java.lang.Integer"/>
<attribute name="c3295" type="java.lang.String"/>
<attribute name="c3296" type="java.lang.Integer"/>
<attribute name="c3297" type="java.lang.String"/>
<attribute name="c3285" type="java.lang.Integer"/>
<attribute name="c3289" type="java.lang.String"/>
<attribute name="c3290" type="java.lang.String"/>
<attribute name="c3291" type="java.lang.Integer"/>
<attribute name="c3292" type="java.lang.String"/>
<attribute name="c3293" type="java.math.BigDecimal"/>
<attribute name="c3294" type="java.lang.String"/>
<attribute name="c3296" type="java.lang.Integer"/>
<attribute name="c3298" type="java.lang.String"/>
<attribute name="c3299" type="java.lang.String"/>
</outputs>
<conjunction>
<predicate type="equality" left="2" right="11"/>
</conjunction>
<children>
<operator type="JOIN" variant="SYMMETRIC_HASH">
<outputs>
<attribute name="c3291" type="java.lang.Integer"/>
<attribute name="c3295" type="java.lang.String"/>
<attribute name="c3296" type="java.lang.Integer"/>
<attribute name="c3297" type="java.lang.String"/>
<attribute name="c3285" type="java.lang.Integer"/>
<attribute name="c3289" type="java.lang.String"/>
<attribute name="c3290" type="java.lang.String"/>
<attribute name="c3291" type="java.lang.Integer"/>
<attribute name="c3292" type="java.lang.String"/>
<attribute name="c3293" type="java.math.BigDecimal"/>
<attribute name="c3294" type="java.lang.String"/>
</outputs>
<conjunction>
<predicate type="equality" left="0" right="7"/>
</conjunction>
<children>
<operator type="PROJECT">
<outputs>
<attribute name="c3291" type="java.lang.Integer"/>
<attribute name="c3295" type="java.lang.String"/>
<attribute name="c3296" type="java.lang.Integer"/>
<attribute name="c3297" type="java.lang.String"/>
</outputs>
<project>
<attribute name="n_nationkey" type="java.lang.Integer"/>
<attribute name="n_name" type="java.lang.String"/>
<attribute name="n_regionkey" type="java.lang.Integer"/>
<attribute name="n_comment" type="java.lang.String"/>
</project>
<child>
<operator type="ACCESS" relation="nation" access-method="m10">
<outputs>
<attribute name="n_nationkey" type="java.lang.Integer"/>
<attribute name="n_name" type="java.lang.String"/>
<attribute name="n_regionkey" type="java.lang.Integer"/>
<attribute name="n_comment" type="java.lang.String"/>
</outputs>
</operator>
</child>
</operator>
<operator type="PROJECT">
<outputs>
<attribute name="c3285" type="java.lang.Integer"/>
<attribute name="c3289" type="java.lang.String"/>
<attribute name="c3290" type="java.lang.String"/>
<attribute name="c3291" type="java.lang.Integer"/>
<attribute name="c3292" type="java.lang.String"/>
<attribute name="c3293" type="java.math.BigDecimal"/>
<attribute name="c3294" type="java.lang.String"/>
</outputs>
<project>
<attribute name="s_suppkey" type="java.lang.Integer"/>
<attribute name="s_name" type="java.lang.String"/>
<attribute name="s_address" type="java.lang.String"/>
<attribute name="s_nationkey" type="java.lang.Integer"/>
<attribute name="s_phone" type="java.lang.String"/>
<attribute name="s_acctbal" type="java.math.BigDecimal"/>
<attribute name="s_comment" type="java.lang.String"/>
</project>
<child>
<operator type="ACCESS" relation="supplier" access-method="m6">
<outputs>
<attribute name="s_suppkey" type="java.lang.Integer"/>
<attribute name="s_name" type="java.lang.String"/>
<attribute name="s_address" type="java.lang.String"/>
<attribute name="s_nationkey" type="java.lang.Integer"/>
<attribute name="s_phone" type="java.lang.String"/>
<attribute name="s_acctbal" type="java.math.BigDecimal"/>
<attribute name="s_comment" type="java.lang.String"/>
</outputs>
</operator>
</child>
</operator>
</children>
</operator>
<operator type="PROJECT">
<outputs>
<attribute name="c3296" type="java.lang.Integer"/>
<attribute name="c3298" type="java.lang.String"/>
<attribute name="c3299" type="java.lang.String"/>
</outputs>
<project>
<attribute name="r_regionkey" type="java.lang.Integer"/>
<attribute name="r_name" type="java.lang.String"/>
<attribute name="r_comment" type="java.lang.String"/>
</project>
<child>
<operator type="ACCESS" relation="region" access-method="m12">
<outputs>
<attribute name="r_regionkey" type="java.lang.Integer"/>
<attribute name="r_name" type="java.lang.String"/>
<attribute name="r_comment" type="java.lang.String"/>
</outputs>
</operator>
</child>
</operator>
</children>
</operator>
</children>
</operator>
</child>
</operator>
</plan>
