<?xml version="1.0" encoding="UTF-8"?>
<plan type="dag" cost="350.0" control-flow="TOP_DOWN">
<operator type="PROJECT">
<outputs>
<attribute name="c1973" type="java.lang.String"/>
</outputs>
<project>
<attribute name="c1973" type="java.lang.String"/>
</project>
<child>
<operator type="DEPENDENT_JOIN" param="10">
<outputs>
<attribute name="k2025" type="java.lang.Integer"/>
<attribute name="k2029" type="java.lang.String"/>
<attribute name="k2030" type="java.lang.String"/>
<attribute name="k2012" type="java.lang.Integer"/>
<attribute name="k2024" type="java.lang.String"/>
<attribute name="k2025" type="java.lang.Integer"/>
<attribute name="k2026" type="java.lang.String"/>
<attribute name="k2008" type="java.lang.Integer"/>
<attribute name="k2027" type="java.lang.String"/>
<attribute name="k2028" type="java.lang.String"/>
<attribute name="c1978" type="java.lang.Integer"/>
<attribute name="k2010" type="java.lang.String"/>
<attribute name="k2011" type="java.lang.String"/>
<attribute name="k2012" type="java.lang.Integer"/>
<attribute name="k2013" type="java.lang.String"/>
<attribute name="k2014" type="java.math.BigDecimal"/>
<attribute name="k2015" type="java.lang.String"/>
<attribute name="k1991" type="java.lang.Integer"/>
<attribute name="k2007" type="java.lang.String"/>
<attribute name="k2008" type="java.lang.Integer"/>
<attribute name="k2009" type="java.lang.String"/>
<attribute name="c1969" type="java.lang.Integer"/>
<attribute name="k1989" type="java.lang.String"/>
<attribute name="k1990" type="java.lang.String"/>
<attribute name="k1991" type="java.lang.Integer"/>
<attribute name="k1992" type="java.lang.String"/>
<attribute name="k1993" type="java.math.BigDecimal"/>
<attribute name="k1994" type="java.lang.String"/>
<attribute name="k1995" type="java.lang.String"/>
<attribute name="c1968" type="java.lang.Integer"/>
<attribute name="c1969" type="java.lang.Integer"/>
<attribute name="c1970" type="java.lang.String"/>
<attribute name="c1971" type="java.math.BigDecimal"/>
<attribute name="c1972" type="java.sql.Date"/>
<attribute name="c1973" type="java.lang.String"/>
<attribute name="c1974" type="java.lang.String"/>
<attribute name="c1975" type="java.lang.Integer"/>
<attribute name="c1976" type="java.lang.String"/>
<attribute name="c1968" type="java.lang.Integer"/>
<attribute name="c1977" type="java.lang.Integer"/>
<attribute name="c1978" type="java.lang.Integer"/>
<attribute name="c1979" type="java.lang.Integer"/>
<attribute name="c1980" type="java.math.BigDecimal"/>
<attribute name="c1981" type="java.math.BigDecimal"/>
<attribute name="c1982" type="java.math.BigDecimal"/>
<attribute name="c1983" type="java.math.BigDecimal"/>
<attribute name="c1984" type="java.lang.String"/>
<attribute name="c1985" type="java.lang.String"/>
<attribute name="c1986" type="java.sql.Date"/>
<attribute name="c1986" type="java.sql.Date"/>
<attribute name="c1987" type="java.lang.String"/>
<attribute name="c1988" type="java.lang.String"/>
</outputs>
<children>
<operator type="DEPENDENT_JOIN" param="21">
<outputs>
<attribute name="k2025" type="java.lang.Integer"/>
<attribute name="k2029" type="java.lang.String"/>
<attribute name="k2030" type="java.lang.String"/>
<attribute name="k2012" type="java.lang.Integer"/>
<attribute name="k2024" type="java.lang.String"/>
<attribute name="k2025" type="java.lang.Integer"/>
<attribute name="k2026" type="java.lang.String"/>
<attribute name="k2008" type="java.lang.Integer"/>
<attribute name="k2027" type="java.lang.String"/>
<attribute name="k2028" type="java.lang.String"/>
<attribute name="c1978" type="java.lang.Integer"/>
<attribute name="k2010" type="java.lang.String"/>
<attribute name="k2011" type="java.lang.String"/>
<attribute name="k2012" type="java.lang.Integer"/>
<attribute name="k2013" type="java.lang.String"/>
<attribute name="k2014" type="java.math.BigDecimal"/>
<attribute name="k2015" type="java.lang.String"/>
<attribute name="k1991" type="java.lang.Integer"/>
<attribute name="k2007" type="java.lang.String"/>
<attribute name="k2008" type="java.lang.Integer"/>
<attribute name="k2009" type="java.lang.String"/>
<attribute name="c1969" type="java.lang.Integer"/>
<attribute name="k1989" type="java.lang.String"/>
<attribute name="k1990" type="java.lang.String"/>
<attribute name="k1991" type="java.lang.Integer"/>
<attribute name="k1992" type="java.lang.String"/>
<attribute name="k1993" type="java.math.BigDecimal"/>
<attribute name="k1994" type="java.lang.String"/>
<attribute name="k1995" type="java.lang.String"/>
<attribute name="c1968" type="java.lang.Integer"/>
<attribute name="c1969" type="java.lang.Integer"/>
<attribute name="c1970" type="java.lang.String"/>
<attribute name="c1971" type="java.math.BigDecimal"/>
<attribute name="c1972" type="java.sql.Date"/>
<attribute name="c1973" type="java.lang.String"/>
<attribute name="c1974" type="java.lang.String"/>
<attribute name="c1975" type="java.lang.Integer"/>
<attribute name="c1976" type="java.lang.String"/>
</outputs>
<children>
<operator type="DEPENDENT_JOIN" param="17">
<outputs>
<attribute name="k2025" type="java.lang.Integer"/>
<attribute name="k2029" type="java.lang.String"/>
<attribute name="k2030" type="java.lang.String"/>
<attribute name="k2012" type="java.lang.Integer"/>
<attribute name="k2024" type="java.lang.String"/>
<attribute name="k2025" type="java.lang.Integer"/>
<attribute name="k2026" type="java.lang.String"/>
<attribute name="k2008" type="java.lang.Integer"/>
<attribute name="k2027" type="java.lang.String"/>
<attribute name="k2028" type="java.lang.String"/>
<attribute name="c1978" type="java.lang.Integer"/>
<attribute name="k2010" type="java.lang.String"/>
<attribute name="k2011" type="java.lang.String"/>
<attribute name="k2012" type="java.lang.Integer"/>
<attribute name="k2013" type="java.lang.String"/>
<attribute name="k2014" type="java.math.BigDecimal"/>
<attribute name="k2015" type="java.lang.String"/>
<attribute name="k1991" type="java.lang.Integer"/>
<attribute name="k2007" type="java.lang.String"/>
<attribute name="k2008" type="java.lang.Integer"/>
<attribute name="k2009" type="java.lang.String"/>
<attribute name="c1969" type="java.lang.Integer"/>
<attribute name="k1989" type="java.lang.String"/>
<attribute name="k1990" type="java.lang.String"/>
<attribute name="k1991" type="java.lang.Integer"/>
<attribute name="k1992" type="java.lang.String"/>
<attribute name="k1993" type="java.math.BigDecimal"/>
<attribute name="k1994" type="java.lang.String"/>
<attribute name="k1995" type="java.lang.String"/>
</outputs>
<children>
<operator type="DEPENDENT_JOIN" param="7">
<outputs>
<attribute name="k2025" type="java.lang.Integer"/>
<attribute name="k2029" type="java.lang.String"/>
<attribute name="k2030" type="java.lang.String"/>
<attribute name="k2012" type="java.lang.Integer"/>
<attribute name="k2024" type="java.lang.String"/>
<attribute name="k2025" type="java.lang.Integer"/>
<attribute name="k2026" type="java.lang.String"/>
<attribute name="k2008" type="java.lang.Integer"/>
<attribute name="k2027" type="java.lang.String"/>
<attribute name="k2028" type="java.lang.String"/>
<attribute name="c1978" type="java.lang.Integer"/>
<attribute name="k2010" type="java.lang.String"/>
<attribute name="k2011" type="java.lang.String"/>
<attribute name="k2012" type="java.lang.Integer"/>
<attribute name="k2013" type="java.lang.String"/>
<attribute name="k2014" type="java.math.BigDecimal"/>
<attribute name="k2015" type="java.lang.String"/>
<attribute name="k1991" type="java.lang.Integer"/>
<attribute name="k2007" type="java.lang.String"/>
<attribute name="k2008" type="java.lang.Integer"/>
<attribute name="k2009" type="java.lang.String"/>
</outputs>
<children>
<operator type="DEPENDENT_JOIN" param="3">
<outputs>
<attribute name="k2025" type="java.lang.Integer"/>
<attribute name="k2029" type="java.lang.String"/>
<attribute name="k2030" type="java.lang.String"/>
<attribute name="k2012" type="java.lang.Integer"/>
<attribute name="k2024" type="java.lang.String"/>
<attribute name="k2025" type="java.lang.Integer"/>
<attribute name="k2026" type="java.lang.String"/>
<attribute name="k2008" type="java.lang.Integer"/>
<attribute name="k2027" type="java.lang.String"/>
<attribute name="k2028" type="java.lang.String"/>
<attribute name="c1978" type="java.lang.Integer"/>
<attribute name="k2010" type="java.lang.String"/>
<attribute name="k2011" type="java.lang.String"/>
<attribute name="k2012" type="java.lang.Integer"/>
<attribute name="k2013" type="java.lang.String"/>
<attribute name="k2014" type="java.math.BigDecimal"/>
<attribute name="k2015" type="java.lang.String"/>
</outputs>
<children>
<operator type="CROSS_PRODUCT">
<outputs>
<attribute name="k2025" type="java.lang.Integer"/>
<attribute name="k2029" type="java.lang.String"/>
<attribute name="k2030" type="java.lang.String"/>
<attribute name="k2012" type="java.lang.Integer"/>
<attribute name="k2024" type="java.lang.String"/>
<attribute name="k2025" type="java.lang.Integer"/>
<attribute name="k2026" type="java.lang.String"/>
<attribute name="k2008" type="java.lang.Integer"/>
<attribute name="k2027" type="java.lang.String"/>
<attribute name="k2028" type="java.lang.String"/>
</outputs>
<children>
<operator type="DEPENDENT_JOIN" param="0">
<outputs>
<attribute name="k2025" type="java.lang.Integer"/>
<attribute name="k2029" type="java.lang.String"/>
<attribute name="k2030" type="java.lang.String"/>
<attribute name="k2012" type="java.lang.Integer"/>
<attribute name="k2024" type="java.lang.String"/>
<attribute name="k2025" type="java.lang.Integer"/>
<attribute name="k2026" type="java.lang.String"/>
</outputs>
<children>
<operator type="PROJECT">
<outputs>
<attribute name="k2025" type="java.lang.Integer"/>
<attribute name="k2029" type="java.lang.String"/>
<attribute name="k2030" type="java.lang.String"/>
</outputs>
<project>
<attribute name="r_regionkey" type="java.lang.Integer"/>
<attribute name="r_name" type="java.lang.String"/>
<attribute name="r_comment" type="java.lang.String"/>
</project>
<child>
<operator type="ACCESS" relation="region" access-method="m8">
<outputs>
<attribute name="r_regionkey" type="java.lang.Integer"/>
<attribute name="r_name" type="java.lang.String"/>
<attribute name="r_comment" type="java.lang.String"/>
</outputs>
</operator>
</child>
</operator>
<operator type="PROJECT">
<outputs>
<attribute name="k2012" type="java.lang.Integer"/>
<attribute name="k2024" type="java.lang.String"/>
<attribute name="k2025" type="java.lang.Integer"/>
<attribute name="k2026" type="java.lang.String"/>
</outputs>
<project>
<attribute name="n_nationkey" type="java.lang.Integer"/>
<attribute name="n_name" type="java.lang.String"/>
<attribute name="n_regionkey" type="java.lang.Integer"/>
<attribute name="n_comment" type="java.lang.String"/>
</project>
<child>
<operator type="ACCESS" relation="nation" access-method="m7">
<outputs>
<attribute name="n_nationkey" type="java.lang.Integer"/>
<attribute name="n_name" type="java.lang.String"/>
<attribute name="n_regionkey" type="java.lang.Integer"/>
<attribute name="n_comment" type="java.lang.String"/>
</outputs>
</operator>
</child>
</operator>
</children>
</operator>
<operator type="PROJECT">
<outputs>
<attribute name="k2008" type="java.lang.Integer"/>
<attribute name="k2027" type="java.lang.String"/>
<attribute name="k2028" type="java.lang.String"/>
</outputs>
<project>
<attribute name="r_regionkey" type="java.lang.Integer"/>
<attribute name="r_name" type="java.lang.String"/>
<attribute name="r_comment" type="java.lang.String"/>
</project>
<child>
<operator type="ACCESS" relation="region" access-method="m8">
<outputs>
<attribute name="r_regionkey" type="java.lang.Integer"/>
<attribute name="r_name" type="java.lang.String"/>
<attribute name="r_comment" type="java.lang.String"/>
</outputs>
</operator>
</child>
</operator>
</children>
</operator>
<operator type="PROJECT">
<outputs>
<attribute name="c1978" type="java.lang.Integer"/>
<attribute name="k2010" type="java.lang.String"/>
<attribute name="k2011" type="java.lang.String"/>
<attribute name="k2012" type="java.lang.Integer"/>
<attribute name="k2013" type="java.lang.String"/>
<attribute name="k2014" type="java.math.BigDecimal"/>
<attribute name="k2015" type="java.lang.String"/>
</outputs>
<project>
<attribute name="s_suppkey" type="java.lang.Integer"/>
<attribute name="s_name" type="java.lang.String"/>
<attribute name="s_address" type="java.lang.String"/>
<attribute name="s_nationkey" type="java.lang.Integer"/>
<attribute name="s_phone" type="java.lang.String"/>
<attribute name="s_acctbal" type="java.math.BigDecimal"/>
<attribute name="s_comment" type="java.lang.String"/>
</project>
<child>
<operator type="ACCESS" relation="supplier" access-method="m3">
<outputs>
<attribute name="s_suppkey" type="java.lang.Integer"/>
<attribute name="s_name" type="java.lang.String"/>
<attribute name="s_address" type="java.lang.String"/>
<attribute name="s_nationkey" type="java.lang.Integer"/>
<attribute name="s_phone" type="java.lang.String"/>
<attribute name="s_acctbal" type="java.math.BigDecimal"/>
<attribute name="s_comment" type="java.lang.String"/>
</outputs>
</operator>
</child>
</operator>
</children>
</operator>
<operator type="PROJECT">
<outputs>
<attribute name="k1991" type="java.lang.Integer"/>
<attribute name="k2007" type="java.lang.String"/>
<attribute name="k2008" type="java.lang.Integer"/>
<attribute name="k2009" type="java.lang.String"/>
</outputs>
<project>
<attribute name="n_nationkey" type="java.lang.Integer"/>
<attribute name="n_name" type="java.lang.String"/>
<attribute name="n_regionkey" type="java.lang.Integer"/>
<attribute name="n_comment" type="java.lang.String"/>
</project>
<child>
<operator type="ACCESS" relation="nation" access-method="m7">
<outputs>
<attribute name="n_nationkey" type="java.lang.Integer"/>
<attribute name="n_name" type="java.lang.String"/>
<attribute name="n_regionkey" type="java.lang.Integer"/>
<attribute name="n_comment" type="java.lang.String"/>
</outputs>
</operator>
</child>
</operator>
</children>
</operator>
<operator type="PROJECT">
<outputs>
<attribute name="c1969" type="java.lang.Integer"/>
<attribute name="k1989" type="java.lang.String"/>
<attribute name="k1990" type="java.lang.String"/>
<attribute name="k1991" type="java.lang.Integer"/>
<attribute name="k1992" type="java.lang.String"/>
<attribute name="k1993" type="java.math.BigDecimal"/>
<attribute name="k1994" type="java.lang.String"/>
<attribute name="k1995" type="java.lang.String"/>
</outputs>
<project>
<attribute name="c_custkey" type="java.lang.Integer"/>
<attribute name="c_name" type="java.lang.String"/>
<attribute name="c_address" type="java.lang.String"/>
<attribute name="c_nationkey" type="java.lang.Integer"/>
<attribute name="c_phone" type="java.lang.String"/>
<attribute name="c_acctbal" type="java.math.BigDecimal"/>
<attribute name="c_mktsegment" type="java.lang.String"/>
<attribute name="c_comment" type="java.lang.String"/>
</project>
<child>
<operator type="ACCESS" relation="customer" access-method="m1">
<outputs>
<attribute name="c_custkey" type="java.lang.Integer"/>
<attribute name="c_name" type="java.lang.String"/>
<attribute name="c_address" type="java.lang.String"/>
<attribute name="c_nationkey" type="java.lang.Integer"/>
<attribute name="c_phone" type="java.lang.String"/>
<attribute name="c_acctbal" type="java.math.BigDecimal"/>
<attribute name="c_mktsegment" type="java.lang.String"/>
<attribute name="c_comment" type="java.lang.String"/>
</outputs>
</operator>
</child>
</operator>
</children>
</operator>
<operator type="PROJECT">
<outputs>
<attribute name="c1968" type="java.lang.Integer"/>
<attribute name="c1969" type="java.lang.Integer"/>
<attribute name="c1970" type="java.lang.String"/>
<attribute name="c1971" type="java.math.BigDecimal"/>
<attribute name="c1972" type="java.sql.Date"/>
<attribute name="c1973" type="java.lang.String"/>
<attribute name="c1974" type="java.lang.String"/>
<attribute name="c1975" type="java.lang.Integer"/>
<attribute name="c1976" type="java.lang.String"/>
</outputs>
<project>
<attribute name="o_orderkey" type="java.lang.Integer"/>
<attribute name="o_custkey" type="java.lang.Integer"/>
<attribute name="o_orderstatus" type="java.lang.String"/>
<attribute name="o_totalprice" type="java.math.BigDecimal"/>
<attribute name="o_orderdate" type="java.sql.Date"/>
<attribute name="o_orderpriority" type="java.lang.String"/>
<attribute name="o_clerk" type="java.lang.String"/>
<attribute name="o_shippriority" type="java.lang.Integer"/>
<attribute name="o_comment" type="java.lang.String"/>
</project>
<child>
<operator type="ACCESS" relation="orders" access-method="m9">
<outputs>
<attribute name="o_orderkey" type="java.lang.Integer"/>
<attribute name="o_custkey" type="java.lang.Integer"/>
<attribute name="o_orderstatus" type="java.lang.String"/>
<attribute name="o_totalprice" type="java.math.BigDecimal"/>
<attribute name="o_orderdate" type="java.sql.Date"/>
<attribute name="o_orderpriority" type="java.lang.String"/>
<attribute name="o_clerk" type="java.lang.String"/>
<attribute name="o_shippriority" type="java.lang.Integer"/>
<attribute name="o_comment" type="java.lang.String"/>
</outputs>
</operator>
</child>
</operator>
</children>
</operator>
<operator type="PROJECT">
<outputs>
<attribute name="c1968" type="java.lang.Integer"/>
<attribute name="c1977" type="java.lang.Integer"/>
<attribute name="c1978" type="java.lang.Integer"/>
<attribute name="c1979" type="java.lang.Integer"/>
<attribute name="c1980" type="java.math.BigDecimal"/>
<attribute name="c1981" type="java.math.BigDecimal"/>
<attribute name="c1982" type="java.math.BigDecimal"/>
<attribute name="c1983" type="java.math.BigDecimal"/>
<attribute name="c1984" type="java.lang.String"/>
<attribute name="c1985" type="java.lang.String"/>
<attribute name="c1986" type="java.sql.Date"/>
<attribute name="c1986" type="java.sql.Date"/>
<attribute name="c1987" type="java.lang.String"/>
<attribute name="c1988" type="java.lang.String"/>
</outputs>
<project>
<attribute name="l_orderkey" type="java.lang.Integer"/>
<attribute name="l_partkey" type="java.lang.Integer"/>
<attribute name="l_suppkey" type="java.lang.Integer"/>
<attribute name="l_linenumber" type="java.lang.Integer"/>
<attribute name="l_quantity" type="java.math.BigDecimal"/>
<attribute name="l_extendedprice" type="java.math.BigDecimal"/>
<attribute name="l_discount" type="java.math.BigDecimal"/>
<attribute name="l_tax" type="java.math.BigDecimal"/>
<attribute name="l_returnflag" type="java.lang.String"/>
<attribute name="l_linestatus" type="java.lang.String"/>
<attribute name="l_shipdate" type="java.sql.Date"/>
<attribute name="l_commitdate" type="java.sql.Date"/>
<attribute name="l_shipinstruct" type="java.lang.String"/>
<attribute name="l_comment" type="java.lang.String"/>
</project>
<child>
<operator type="SELECT">
<outputs>
<attribute name="l_orderkey" type="java.lang.Integer"/>
<attribute name="l_partkey" type="java.lang.Integer"/>
<attribute name="l_suppkey" type="java.lang.Integer"/>
<attribute name="l_linenumber" type="java.lang.Integer"/>
<attribute name="l_quantity" type="java.math.BigDecimal"/>
<attribute name="l_extendedprice" type="java.math.BigDecimal"/>
<attribute name="l_discount" type="java.math.BigDecimal"/>
<attribute name="l_tax" type="java.math.BigDecimal"/>
<attribute name="l_returnflag" type="java.lang.String"/>
<attribute name="l_linestatus" type="java.lang.String"/>
<attribute name="l_shipdate" type="java.sql.Date"/>
<attribute name="l_commitdate" type="java.sql.Date"/>
<attribute name="l_receiptdate" type="java.sql.Date"/>
<attribute name="l_shipinstruct" type="java.lang.String"/>
<attribute name="l_shipmode" type="java.lang.String"/>
<attribute name="l_comment" type="java.lang.String"/>
</outputs>
<conjunction>
<predicate type="equality" left="10" right="11"/>
<predicate type="equality" left="12" value="1995-01-01"/>
<predicate type="equality" left="14" value="MAIL"/>
</conjunction>
<child>
<operator type="ACCESS" relation="lineitem" access-method="m11">
<outputs>
<attribute name="l_orderkey" type="java.lang.Integer"/>
<attribute name="l_partkey" type="java.lang.Integer"/>
<attribute name="l_suppkey" type="java.lang.Integer"/>
<attribute name="l_linenumber" type="java.lang.Integer"/>
<attribute name="l_quantity" type="java.math.BigDecimal"/>
<attribute name="l_extendedprice" type="java.math.BigDecimal"/>
<attribute name="l_discount" type="java.math.BigDecimal"/>
<attribute name="l_tax" type="java.math.BigDecimal"/>
<attribute name="l_returnflag" type="java.lang.String"/>
<attribute name="l_linestatus" type="java.lang.String"/>
<attribute name="l_shipdate" type="java.sql.Date"/>
<attribute name="l_commitdate" type="java.sql.Date"/>
<attribute name="l_receiptdate" type="java.sql.Date"/>
<attribute name="l_shipinstruct" type="java.lang.String"/>
<attribute name="l_shipmode" type="java.lang.String"/>
<attribute name="l_comment" type="java.lang.String"/>
</outputs>
</operator>
</child>
</operator>
</child>
</operator>
</children>
</operator>
</child>
</operator>
</plan>
