<?xml version="1.0" encoding="UTF-8"?>
<plan type="dag" cost="1885271.5200000003" control-flow="TOP_DOWN">
<operator type="JOIN" variant="SYMMETRIC_HASH">
<outputs>
<attribute name="c12752" type="java.lang.String"/>
<attribute name="c12753" type="java.lang.String"/>
<attribute name="c12754" type="java.lang.String"/>
<attribute name="c12755" type="java.lang.String"/>
<attribute name="c12752" type="java.lang.String"/>
<attribute name="c12756" type="java.lang.String"/>
<attribute name="c12757" type="java.lang.String"/>
<attribute name="c12758" type="java.lang.String"/>
<attribute name="c12754" type="java.lang.String"/>
</outputs>
<conjunction>
<predicate type="equality" left="2" right="8"/>
</conjunction>
<children>
<operator type="JOIN" variant="SYMMETRIC_HASH">
<outputs>
<attribute name="c12752" type="java.lang.String"/>
<attribute name="c12753" type="java.lang.String"/>
<attribute name="c12754" type="java.lang.String"/>
<attribute name="c12755" type="java.lang.String"/>
<attribute name="c12752" type="java.lang.String"/>
<attribute name="c12756" type="java.lang.String"/>
</outputs>
<conjunction>
<predicate type="equality" left="0" right="4"/>
</conjunction>
<children>
<operator type="PROJECT">
<outputs>
<attribute name="c12752" type="java.lang.String"/>
<attribute name="c12753" type="java.lang.String"/>
<attribute name="c12754" type="java.lang.String"/>
</outputs>
<project>
<attribute name="x0" type="java.lang.String"/>
<attribute name="x1" type="java.lang.String"/>
<attribute name="x2" type="java.lang.String"/>
</project>
<child>
<operator type="ACCESS" relation="R0" access-method="mt_1">
<outputs>
<attribute name="x0" type="java.lang.String"/>
<attribute name="x1" type="java.lang.String"/>
<attribute name="x2" type="java.lang.String"/>
</outputs>
</operator>
</child>
</operator>
<operator type="PROJECT">
<outputs>
<attribute name="c12755" type="java.lang.String"/>
<attribute name="c12752" type="java.lang.String"/>
<attribute name="c12756" type="java.lang.String"/>
</outputs>
<project>
<attribute name="x0" type="java.lang.String"/>
<attribute name="x1" type="java.lang.String"/>
<attribute name="x2" type="java.lang.String"/>
</project>
<child>
<operator type="ACCESS" relation="R3" access-method="mt_7">
<outputs>
<attribute name="x0" type="java.lang.String"/>
<attribute name="x1" type="java.lang.String"/>
<attribute name="x2" type="java.lang.String"/>
</outputs>
</operator>
</child>
</operator>
</children>
</operator>
<operator type="PROJECT">
<outputs>
<attribute name="c12757" type="java.lang.String"/>
<attribute name="c12758" type="java.lang.String"/>
<attribute name="c12754" type="java.lang.String"/>
</outputs>
<project>
<attribute name="x0" type="java.lang.String"/>
<attribute name="x1" type="java.lang.String"/>
<attribute name="x2" type="java.lang.String"/>
</project>
<child>
<operator type="ACCESS" relation="R4" access-method="mt_9">
<outputs>
<attribute name="x0" type="java.lang.String"/>
<attribute name="x1" type="java.lang.String"/>
<attribute name="x2" type="java.lang.String"/>
</outputs>
</operator>
</child>
</operator>
</children>
</operator>
</plan>
