<?xml version="1.0" encoding="UTF-8"?>
<plan type="dag" cost="2986295.8333333335" control-flow="TOP_DOWN">
<operator type="PROJECT">
<outputs>
<attribute name="c5042" type="java.lang.String"/>
<attribute name="c5043" type="java.lang.String"/>
<attribute name="c5044" type="java.lang.String"/>
<attribute name="c5045" type="java.lang.String"/>
<attribute name="c5046" type="java.lang.String"/>
<attribute name="c5047" type="java.lang.String"/>
<attribute name="c5048" type="java.lang.String"/>
<attribute name="c5049" type="java.lang.String"/>
<attribute name="c5050" type="java.lang.String"/>
<attribute name="c5051" type="java.lang.String"/>
<attribute name="c5052" type="java.lang.String"/>
<attribute name="c5064" type="java.lang.String"/>
<attribute name="c5058" type="java.lang.String"/>
<attribute name="c5073" type="java.lang.Integer"/>
<attribute name="c5074" type="java.lang.String"/>
<attribute name="c5075" type="java.lang.String"/>
<attribute name="c5076" type="java.lang.String"/>
<attribute name="c5077" type="java.lang.Boolean"/>
<attribute name="c5078" type="java.lang.String"/>
<attribute name="c5045" type="java.lang.String"/>
<attribute name="c5079" type="java.lang.String"/>
<attribute name="c5080" type="java.lang.Boolean"/>
<attribute name="c5045" type="java.lang.String"/>
<attribute name="c5081" type="java.lang.String"/>
<attribute name="c5082" type="java.lang.String"/>
<attribute name="c5063" type="java.lang.String"/>
<attribute name="c5083" type="java.lang.String"/>
<attribute name="c5084" type="java.lang.String"/>
<attribute name="c5085" type="java.lang.String"/>
</outputs>
<project>
<attribute name="c5042" type="java.lang.String"/>
<attribute name="c5043" type="java.lang.String"/>
<attribute name="c5044" type="java.lang.String"/>
<attribute name="c5045" type="java.lang.String"/>
<attribute name="c5046" type="java.lang.String"/>
<attribute name="c5047" type="java.lang.String"/>
<attribute name="c5048" type="java.lang.String"/>
<attribute name="c5049" type="java.lang.String"/>
<attribute name="c5050" type="java.lang.String"/>
<attribute name="c5051" type="java.lang.String"/>
<attribute name="c5052" type="java.lang.String"/>
<attribute name="c5064" type="java.lang.String"/>
<attribute name="c5058" type="java.lang.String"/>
<attribute name="c5073" type="java.lang.Integer"/>
<attribute name="c5074" type="java.lang.String"/>
<attribute name="c5075" type="java.lang.String"/>
<attribute name="c5076" type="java.lang.String"/>
<attribute name="c5077" type="java.lang.Boolean"/>
<attribute name="c5078" type="java.lang.String"/>
<attribute name="c5045" type="java.lang.String"/>
<attribute name="c5079" type="java.lang.String"/>
<attribute name="c5080" type="java.lang.Boolean"/>
<attribute name="c5045" type="java.lang.String"/>
<attribute name="c5081" type="java.lang.String"/>
<attribute name="c5082" type="java.lang.String"/>
<attribute name="c5063" type="java.lang.String"/>
<attribute name="c5083" type="java.lang.String"/>
<attribute name="c5084" type="java.lang.String"/>
<attribute name="c5085" type="java.lang.String"/>
</project>
<child>
<operator type="DEPENDENT_JOIN" param="34">
<outputs>
<attribute name="c5078" type="java.lang.String"/>
<attribute name="c5045" type="java.lang.String"/>
<attribute name="c5073" type="java.lang.Integer"/>
<attribute name="c5074" type="java.lang.String"/>
<attribute name="c5075" type="java.lang.String"/>
<attribute name="c5076" type="java.lang.String"/>
<attribute name="c5077" type="java.lang.Boolean"/>
<attribute name="c5078" type="java.lang.String"/>
<attribute name="c5045" type="java.lang.String"/>
<attribute name="c5079" type="java.lang.String"/>
<attribute name="c5080" type="java.lang.Boolean"/>
<attribute name="c5045" type="java.lang.String"/>
<attribute name="c5081" type="java.lang.String"/>
<attribute name="c5082" type="java.lang.String"/>
<attribute name="c5063" type="java.lang.String"/>
<attribute name="c5083" type="java.lang.String"/>
<attribute name="c5084" type="java.lang.String"/>
<attribute name="c5085" type="java.lang.String"/>
<attribute name="c5042" type="java.lang.String"/>
<attribute name="c5043" type="java.lang.String"/>
<attribute name="c5044" type="java.lang.String"/>
<attribute name="c5045" type="java.lang.String"/>
<attribute name="c5046" type="java.lang.String"/>
<attribute name="c5047" type="java.lang.String"/>
<attribute name="c5048" type="java.lang.String"/>
<attribute name="c5049" type="java.lang.String"/>
<attribute name="c5050" type="java.lang.String"/>
<attribute name="c5051" type="java.lang.String"/>
<attribute name="c5052" type="java.lang.String"/>
<attribute name="c5053" type="java.lang.String"/>
<attribute name="c5054" type="java.lang.String"/>
<attribute name="c5055" type="java.lang.String"/>
<attribute name="c5056" type="java.lang.String"/>
<attribute name="c5057" type="java.lang.String"/>
<attribute name="c5058" type="java.lang.String"/>
<attribute name="c5059" type="java.lang.String"/>
<attribute name="c5060" type="java.lang.String"/>
<attribute name="c5061" type="java.lang.String"/>
<attribute name="c5062" type="java.lang.String"/>
<attribute name="c5063" type="java.lang.String"/>
<attribute name="c5064" type="java.lang.String"/>
<attribute name="c5058" type="java.lang.String"/>
<attribute name="c5065" type="java.lang.String"/>
<attribute name="c5066" type="java.lang.String"/>
<attribute name="c5067" type="java.lang.String"/>
<attribute name="c5068" type="java.lang.String"/>
<attribute name="c5069" type="java.lang.String"/>
<attribute name="c5070" type="java.lang.String"/>
<attribute name="c5071" type="java.lang.String"/>
<attribute name="c5072" type="java.lang.String"/>
</outputs>
<children>
<operator type="DEPENDENT_JOIN" param="14">
<outputs>
<attribute name="c5078" type="java.lang.String"/>
<attribute name="c5045" type="java.lang.String"/>
<attribute name="c5073" type="java.lang.Integer"/>
<attribute name="c5074" type="java.lang.String"/>
<attribute name="c5075" type="java.lang.String"/>
<attribute name="c5076" type="java.lang.String"/>
<attribute name="c5077" type="java.lang.Boolean"/>
<attribute name="c5078" type="java.lang.String"/>
<attribute name="c5045" type="java.lang.String"/>
<attribute name="c5079" type="java.lang.String"/>
<attribute name="c5080" type="java.lang.Boolean"/>
<attribute name="c5045" type="java.lang.String"/>
<attribute name="c5081" type="java.lang.String"/>
<attribute name="c5082" type="java.lang.String"/>
<attribute name="c5063" type="java.lang.String"/>
<attribute name="c5083" type="java.lang.String"/>
<attribute name="c5084" type="java.lang.String"/>
<attribute name="c5085" type="java.lang.String"/>
<attribute name="c5042" type="java.lang.String"/>
<attribute name="c5043" type="java.lang.String"/>
<attribute name="c5044" type="java.lang.String"/>
<attribute name="c5045" type="java.lang.String"/>
<attribute name="c5046" type="java.lang.String"/>
<attribute name="c5047" type="java.lang.String"/>
<attribute name="c5048" type="java.lang.String"/>
<attribute name="c5049" type="java.lang.String"/>
<attribute name="c5050" type="java.lang.String"/>
<attribute name="c5051" type="java.lang.String"/>
<attribute name="c5052" type="java.lang.String"/>
<attribute name="c5053" type="java.lang.String"/>
<attribute name="c5054" type="java.lang.String"/>
<attribute name="c5055" type="java.lang.String"/>
<attribute name="c5056" type="java.lang.String"/>
<attribute name="c5057" type="java.lang.String"/>
<attribute name="c5058" type="java.lang.String"/>
<attribute name="c5059" type="java.lang.String"/>
<attribute name="c5060" type="java.lang.String"/>
<attribute name="c5061" type="java.lang.String"/>
<attribute name="c5062" type="java.lang.String"/>
<attribute name="c5063" type="java.lang.String"/>
</outputs>
<children>
<operator type="DEPENDENT_JOIN" param="1">
<outputs>
<attribute name="c5078" type="java.lang.String"/>
<attribute name="c5045" type="java.lang.String"/>
<attribute name="c5073" type="java.lang.Integer"/>
<attribute name="c5074" type="java.lang.String"/>
<attribute name="c5075" type="java.lang.String"/>
<attribute name="c5076" type="java.lang.String"/>
<attribute name="c5077" type="java.lang.Boolean"/>
<attribute name="c5078" type="java.lang.String"/>
<attribute name="c5045" type="java.lang.String"/>
<attribute name="c5079" type="java.lang.String"/>
<attribute name="c5080" type="java.lang.Boolean"/>
<attribute name="c5045" type="java.lang.String"/>
<attribute name="c5081" type="java.lang.String"/>
<attribute name="c5082" type="java.lang.String"/>
<attribute name="c5063" type="java.lang.String"/>
<attribute name="c5083" type="java.lang.String"/>
<attribute name="c5084" type="java.lang.String"/>
<attribute name="c5085" type="java.lang.String"/>
</outputs>
<children>
<operator type="DEPENDENT_JOIN" param="1">
<outputs>
<attribute name="c5078" type="java.lang.String"/>
<attribute name="c5045" type="java.lang.String"/>
<attribute name="c5073" type="java.lang.Integer"/>
<attribute name="c5074" type="java.lang.String"/>
<attribute name="c5075" type="java.lang.String"/>
<attribute name="c5076" type="java.lang.String"/>
<attribute name="c5077" type="java.lang.Boolean"/>
<attribute name="c5078" type="java.lang.String"/>
<attribute name="c5045" type="java.lang.String"/>
<attribute name="c5079" type="java.lang.String"/>
<attribute name="c5080" type="java.lang.Boolean"/>
</outputs>
<children>
<operator type="PROJECT">
<outputs>
<attribute name="c5078" type="java.lang.String"/>
<attribute name="c5045" type="java.lang.String"/>
</outputs>
<project>
<attribute name="organismId" type="java.lang.String"/>
<attribute name="organism" type="java.lang.String"/>
</project>
<child>
<operator type="ACCESS" relation="OrganismFree" access-method="reactome_species_1">
<outputs>
<attribute name="organismId" type="java.lang.String"/>
<attribute name="organism" type="java.lang.String"/>
</outputs>
</operator>
</child>
</operator>
<operator type="PROJECT">
<outputs>
<attribute name="c5073" type="java.lang.Integer"/>
<attribute name="c5074" type="java.lang.String"/>
<attribute name="c5075" type="java.lang.String"/>
<attribute name="c5076" type="java.lang.String"/>
<attribute name="c5077" type="java.lang.Boolean"/>
<attribute name="c5078" type="java.lang.String"/>
<attribute name="c5045" type="java.lang.String"/>
<attribute name="c5079" type="java.lang.String"/>
<attribute name="c5080" type="java.lang.Boolean"/>
</outputs>
<project>
<attribute name="pathwayId" type="java.lang.Integer"/>
<attribute name="pathwayName" type="java.lang.String"/>
<attribute name="stableIdentifier" type="java.lang.String"/>
<attribute name="goBiologicalProcess" type="java.lang.String"/>
<attribute name="isInferred" type="java.lang.Boolean"/>
<attribute name="organismId" type="java.lang.String"/>
<attribute name="organism" type="java.lang.String"/>
<attribute name="doi" type="java.lang.String"/>
<attribute name="hasDiagram" type="java.lang.Boolean"/>
</project>
<child>
<operator type="SELECT">
<outputs>
<attribute name="pathwayId" type="java.lang.Integer"/>
<attribute name="pathwayName" type="java.lang.String"/>
<attribute name="stableIdentifier" type="java.lang.String"/>
<attribute name="goBiologicalProcess" type="java.lang.String"/>
<attribute name="isInDisease" type="java.lang.Boolean"/>
<attribute name="isInferred" type="java.lang.Boolean"/>
<attribute name="organismId" type="java.lang.String"/>
<attribute name="organism" type="java.lang.String"/>
<attribute name="doi" type="java.lang.String"/>
<attribute name="hasDiagram" type="java.lang.Boolean"/>
</outputs>
<conjunction>
<predicate type="equality" left="4" value="true"/>
</conjunction>
<child>
<operator type="ACCESS" relation="PathwayBySpecies" access-method="reactome_pathway_1">
<outputs>
<attribute name="pathwayId" type="java.lang.Integer"/>
<attribute name="pathwayName" type="java.lang.String"/>
<attribute name="stableIdentifier" type="java.lang.String"/>
<attribute name="goBiologicalProcess" type="java.lang.String"/>
<attribute name="isInDisease" type="java.lang.Boolean"/>
<attribute name="isInferred" type="java.lang.Boolean"/>
<attribute name="organismId" type="java.lang.String"/>
<attribute name="organism" type="java.lang.String"/>
<attribute name="doi" type="java.lang.String"/>
<attribute name="hasDiagram" type="java.lang.Boolean"/>
</outputs>
</operator>
</child>
</operator>
</child>
</operator>
</children>
</operator>
<operator type="PROJECT">
<outputs>
<attribute name="c5045" type="java.lang.String"/>
<attribute name="c5081" type="java.lang.String"/>
<attribute name="c5082" type="java.lang.String"/>
<attribute name="c5063" type="java.lang.String"/>
<attribute name="c5083" type="java.lang.String"/>
<attribute name="c5084" type="java.lang.String"/>
<attribute name="c5085" type="java.lang.String"/>
</outputs>
<project>
<attribute name="organism" type="java.lang.String"/>
<attribute name="pref_name" type="java.lang.String"/>
<attribute name="species_group_flag" type="java.lang.String"/>
<attribute name="target_chembl_id" type="java.lang.String"/>
<attribute name="target_component_accession" type="java.lang.String"/>
<attribute name="target_component_id" type="java.lang.String"/>
<attribute name="target_component_type" type="java.lang.String"/>
</project>
<child>
<operator type="SELECT">
<outputs>
<attribute name="organism" type="java.lang.String"/>
<attribute name="pref_name" type="java.lang.String"/>
<attribute name="species_group_flag" type="java.lang.String"/>
<attribute name="target_chembl_id" type="java.lang.String"/>
<attribute name="target_component_accession" type="java.lang.String"/>
<attribute name="target_component_id" type="java.lang.String"/>
<attribute name="target_component_type" type="java.lang.String"/>
<attribute name="target_type" type="java.lang.String"/>
</outputs>
<conjunction>
<predicate type="equality" left="7" value="SINGLE PROTEIN"/>
</conjunction>
<child>
<operator type="ACCESS" relation="TargetLimited" access-method="chembl_target_limited_1">
<outputs>
<attribute name="organism" type="java.lang.String"/>
<attribute name="pref_name" type="java.lang.String"/>
<attribute name="species_group_flag" type="java.lang.String"/>
<attribute name="target_chembl_id" type="java.lang.String"/>
<attribute name="target_component_accession" type="java.lang.String"/>
<attribute name="target_component_id" type="java.lang.String"/>
<attribute name="target_component_type" type="java.lang.String"/>
<attribute name="target_type" type="java.lang.String"/>
</outputs>
</operator>
</child>
</operator>
</child>
</operator>
</children>
</operator>
<operator type="PROJECT">
<outputs>
<attribute name="c5042" type="java.lang.String"/>
<attribute name="c5043" type="java.lang.String"/>
<attribute name="c5044" type="java.lang.String"/>
<attribute name="c5045" type="java.lang.String"/>
<attribute name="c5046" type="java.lang.String"/>
<attribute name="c5047" type="java.lang.String"/>
<attribute name="c5048" type="java.lang.String"/>
<attribute name="c5049" type="java.lang.String"/>
<attribute name="c5050" type="java.lang.String"/>
<attribute name="c5051" type="java.lang.String"/>
<attribute name="c5052" type="java.lang.String"/>
<attribute name="c5053" type="java.lang.String"/>
<attribute name="c5054" type="java.lang.String"/>
<attribute name="c5055" type="java.lang.String"/>
<attribute name="c5056" type="java.lang.String"/>
<attribute name="c5057" type="java.lang.String"/>
<attribute name="c5058" type="java.lang.String"/>
<attribute name="c5059" type="java.lang.String"/>
<attribute name="c5060" type="java.lang.String"/>
<attribute name="c5061" type="java.lang.String"/>
<attribute name="c5062" type="java.lang.String"/>
<attribute name="c5063" type="java.lang.String"/>
</outputs>
<project>
<attribute name="assay_category" type="java.lang.String"/>
<attribute name="assay_cell_type" type="java.lang.String"/>
<attribute name="assay_chembl_id" type="java.lang.String"/>
<attribute name="assay_organism" type="java.lang.String"/>
<attribute name="assay_strain" type="java.lang.String"/>
<attribute name="assay_subcellular_fraction" type="java.lang.String"/>
<attribute name="assay_tax_id" type="java.lang.String"/>
<attribute name="assay_test_type" type="java.lang.String"/>
<attribute name="assay_tissue" type="java.lang.String"/>
<attribute name="assay_type" type="java.lang.String"/>
<attribute name="assay_type_description" type="java.lang.String"/>
<attribute name="bao_format" type="java.lang.String"/>
<attribute name="cell_chembl_id" type="java.lang.String"/>
<attribute name="confidence_description" type="java.lang.String"/>
<attribute name="confidence_score" type="java.lang.String"/>
<attribute name="description" type="java.lang.String"/>
<attribute name="document_chembl_id" type="java.lang.String"/>
<attribute name="relationship_description" type="java.lang.String"/>
<attribute name="relationship_type" type="java.lang.String"/>
<attribute name="src_assay_id" type="java.lang.String"/>
<attribute name="src_id" type="java.lang.String"/>
<attribute name="target_chembl_id" type="java.lang.String"/>
</project>
<child>
<operator type="ACCESS" relation="AssayLimited" access-method="chembl_assay_limited_3">
<outputs>
<attribute name="assay_category" type="java.lang.String"/>
<attribute name="assay_cell_type" type="java.lang.String"/>
<attribute name="assay_chembl_id" type="java.lang.String"/>
<attribute name="assay_organism" type="java.lang.String"/>
<attribute name="assay_strain" type="java.lang.String"/>
<attribute name="assay_subcellular_fraction" type="java.lang.String"/>
<attribute name="assay_tax_id" type="java.lang.String"/>
<attribute name="assay_test_type" type="java.lang.String"/>
<attribute name="assay_tissue" type="java.lang.String"/>
<attribute name="assay_type" type="java.lang.String"/>
<attribute name="assay_type_description" type="java.lang.String"/>
<attribute name="bao_format" type="java.lang.String"/>
<attribute name="cell_chembl_id" type="java.lang.String"/>
<attribute name="confidence_description" type="java.lang.String"/>
<attribute name="confidence_score" type="java.lang.String"/>
<attribute name="description" type="java.lang.String"/>
<attribute name="document_chembl_id" type="java.lang.String"/>
<attribute name="relationship_description" type="java.lang.String"/>
<attribute name="relationship_type" type="java.lang.String"/>
<attribute name="src_assay_id" type="java.lang.String"/>
<attribute name="src_id" type="java.lang.String"/>
<attribute name="target_chembl_id" type="java.lang.String"/>
</outputs>
</operator>
</child>
</operator>
</children>
</operator>
<operator type="PROJECT">
<outputs>
<attribute name="c5064" type="java.lang.String"/>
<attribute name="c5058" type="java.lang.String"/>
<attribute name="c5065" type="java.lang.String"/>
<attribute name="c5066" type="java.lang.String"/>
<attribute name="c5067" type="java.lang.String"/>
<attribute name="c5068" type="java.lang.String"/>
<attribute name="c5069" type="java.lang.String"/>
<attribute name="c5070" type="java.lang.String"/>
<attribute name="c5071" type="java.lang.String"/>
<attribute name="c5072" type="java.lang.String"/>
</outputs>
<project>
<attribute name="authors" type="java.lang.String"/>
<attribute name="document_chembl_id" type="java.lang.String"/>
<attribute name="doi" type="java.lang.String"/>
<attribute name="first_page" type="java.lang.String"/>
<attribute name="issue" type="java.lang.String"/>
<attribute name="journal" type="java.lang.String"/>
<attribute name="last_page" type="java.lang.String"/>
<attribute name="pubmed_id" type="java.lang.String"/>
<attribute name="title" type="java.lang.String"/>
<attribute name="volume" type="java.lang.String"/>
</project>
<child>
<operator type="SELECT">
<outputs>
<attribute name="authors" type="java.lang.String"/>
<attribute name="doc_type" type="java.lang.String"/>
<attribute name="document_chembl_id" type="java.lang.String"/>
<attribute name="doi" type="java.lang.String"/>
<attribute name="first_page" type="java.lang.String"/>
<attribute name="issue" type="java.lang.String"/>
<attribute name="journal" type="java.lang.String"/>
<attribute name="last_page" type="java.lang.String"/>
<attribute name="pubmed_id" type="java.lang.String"/>
<attribute name="title" type="java.lang.String"/>
<attribute name="volume" type="java.lang.String"/>
<attribute name="year" type="java.lang.String"/>
</outputs>
<conjunction>
<predicate type="equality" left="1" value="PUBLICATION"/>
<predicate type="equality" left="11" value="2007"/>
</conjunction>
<child>
<operator type="ACCESS" relation="DocumentLimited" access-method="chembl_document_limited">
<outputs>
<attribute name="authors" type="java.lang.String"/>
<attribute name="doc_type" type="java.lang.String"/>
<attribute name="document_chembl_id" type="java.lang.String"/>
<attribute name="doi" type="java.lang.String"/>
<attribute name="first_page" type="java.lang.String"/>
<attribute name="issue" type="java.lang.String"/>
<attribute name="journal" type="java.lang.String"/>
<attribute name="last_page" type="java.lang.String"/>
<attribute name="pubmed_id" type="java.lang.String"/>
<attribute name="title" type="java.lang.String"/>
<attribute name="volume" type="java.lang.String"/>
<attribute name="year" type="java.lang.String"/>
</outputs>
</operator>
</child>
</operator>
</child>
</operator>
</children>
</operator>
</child>
</operator>
</plan>
