<?xml version="1.0" encoding="UTF-8"?>
<plan type="dag" cost="9.25022980576923E7" control-flow="TOP_DOWN">
<operator type="PROJECT">
<outputs>
<attribute name="c241" type="java.lang.String"/>
<attribute name="c242" type="java.lang.String"/>
<attribute name="c243" type="java.lang.String"/>
<attribute name="c230" type="java.lang.String"/>
<attribute name="c231" type="java.lang.String"/>
<attribute name="c232" type="java.lang.String"/>
<attribute name="c233" type="java.lang.String"/>
<attribute name="c234" type="java.lang.String"/>
<attribute name="c265" type="java.lang.String"/>
<attribute name="c266" type="java.lang.String"/>
<attribute name="c267" type="java.lang.String"/>
<attribute name="c268" type="java.lang.String"/>
<attribute name="c269" type="java.lang.String"/>
<attribute name="c270" type="java.lang.String"/>
</outputs>
<project>
<attribute name="c241" type="java.lang.String"/>
<attribute name="c242" type="java.lang.String"/>
<attribute name="c243" type="java.lang.String"/>
<attribute name="c230" type="java.lang.String"/>
<attribute name="c231" type="java.lang.String"/>
<attribute name="c232" type="java.lang.String"/>
<attribute name="c233" type="java.lang.String"/>
<attribute name="c234" type="java.lang.String"/>
<attribute name="c265" type="java.lang.String"/>
<attribute name="c266" type="java.lang.String"/>
<attribute name="c267" type="java.lang.String"/>
<attribute name="c268" type="java.lang.String"/>
<attribute name="c269" type="java.lang.String"/>
<attribute name="c270" type="java.lang.String"/>
</project>
<child>
<operator type="DEPENDENT_JOIN" param="6">
<outputs>
<attribute name="c265" type="java.lang.String"/>
<attribute name="c266" type="java.lang.String"/>
<attribute name="c267" type="java.lang.String"/>
<attribute name="c268" type="java.lang.String"/>
<attribute name="c269" type="java.lang.String"/>
<attribute name="c270" type="java.lang.String"/>
<attribute name="c241" type="java.lang.String"/>
<attribute name="c242" type="java.lang.String"/>
<attribute name="c243" type="java.lang.String"/>
<attribute name="k312" type="java.lang.String"/>
<attribute name="k313" type="java.lang.String"/>
<attribute name="k314" type="java.lang.String"/>
<attribute name="k315" type="java.lang.String"/>
<attribute name="k316" type="java.lang.String"/>
<attribute name="k317" type="java.lang.String"/>
<attribute name="k318" type="java.lang.String"/>
<attribute name="k319" type="java.lang.String"/>
<attribute name="k320" type="java.lang.String"/>
<attribute name="k321" type="java.lang.String"/>
<attribute name="k322" type="java.lang.String"/>
<attribute name="c262" type="java.lang.String"/>
<attribute name="c263" type="java.lang.String"/>
<attribute name="c264" type="java.lang.String"/>
<attribute name="c265" type="java.lang.String"/>
<attribute name="c230" type="java.lang.String"/>
<attribute name="c231" type="java.lang.String"/>
<attribute name="c232" type="java.lang.String"/>
<attribute name="c233" type="java.lang.String"/>
<attribute name="c234" type="java.lang.String"/>
<attribute name="c235" type="java.lang.String"/>
<attribute name="c236" type="java.lang.String"/>
<attribute name="c237" type="java.lang.String"/>
<attribute name="c238" type="java.lang.String"/>
<attribute name="c239" type="java.lang.String"/>
<attribute name="c240" type="java.lang.String"/>
<attribute name="c241" type="java.lang.String"/>
</outputs>
<children>
<operator type="DEPENDENT_JOIN" param="0">
<outputs>
<attribute name="c265" type="java.lang.String"/>
<attribute name="c266" type="java.lang.String"/>
<attribute name="c267" type="java.lang.String"/>
<attribute name="c268" type="java.lang.String"/>
<attribute name="c269" type="java.lang.String"/>
<attribute name="c270" type="java.lang.String"/>
<attribute name="c241" type="java.lang.String"/>
<attribute name="c242" type="java.lang.String"/>
<attribute name="c243" type="java.lang.String"/>
<attribute name="k312" type="java.lang.String"/>
<attribute name="k313" type="java.lang.String"/>
<attribute name="k314" type="java.lang.String"/>
<attribute name="k315" type="java.lang.String"/>
<attribute name="k316" type="java.lang.String"/>
<attribute name="k317" type="java.lang.String"/>
<attribute name="k318" type="java.lang.String"/>
<attribute name="k319" type="java.lang.String"/>
<attribute name="k320" type="java.lang.String"/>
<attribute name="k321" type="java.lang.String"/>
<attribute name="k322" type="java.lang.String"/>
<attribute name="c262" type="java.lang.String"/>
<attribute name="c263" type="java.lang.String"/>
<attribute name="c264" type="java.lang.String"/>
<attribute name="c265" type="java.lang.String"/>
</outputs>
<children>
<operator type="PROJECT">
<outputs>
<attribute name="c265" type="java.lang.String"/>
<attribute name="c266" type="java.lang.String"/>
<attribute name="c267" type="java.lang.String"/>
<attribute name="c268" type="java.lang.String"/>
<attribute name="c269" type="java.lang.String"/>
<attribute name="c270" type="java.lang.String"/>
</outputs>
<project>
<attribute name="accession" type="java.lang.String"/>
<attribute name="component_id" type="java.lang.String"/>
<attribute name="description" type="java.lang.String"/>
<attribute name="protein_classification_id" type="java.lang.String"/>
<attribute name="sequence" type="java.lang.String"/>
<attribute name="tax_id" type="java.lang.String"/>
</project>
<child>
<operator type="SELECT">
<outputs>
<attribute name="accession" type="java.lang.String"/>
<attribute name="component_id" type="java.lang.String"/>
<attribute name="component_type" type="java.lang.String"/>
<attribute name="description" type="java.lang.String"/>
<attribute name="organism" type="java.lang.String"/>
<attribute name="protein_classification_id" type="java.lang.String"/>
<attribute name="sequence" type="java.lang.String"/>
<attribute name="tax_id" type="java.lang.String"/>
</outputs>
<conjunction>
<predicate type="equality" left="2" value="PROTEIN"/>
<predicate type="equality" left="4" value="Bos taurus"/>
</conjunction>
<child>
<operator type="ACCESS" relation="TargetComponentLimited" access-method="chembl_target_component_limited_2">
<outputs>
<attribute name="accession" type="java.lang.String"/>
<attribute name="component_id" type="java.lang.String"/>
<attribute name="component_type" type="java.lang.String"/>
<attribute name="description" type="java.lang.String"/>
<attribute name="organism" type="java.lang.String"/>
<attribute name="protein_classification_id" type="java.lang.String"/>
<attribute name="sequence" type="java.lang.String"/>
<attribute name="tax_id" type="java.lang.String"/>
</outputs>
<static-input>
<input attribute="4" value="Bos taurus" type="java.lang.String"/>
</static-input>
</operator>
</child>
</operator>
</child>
</operator>
<operator type="PROJECT">
<outputs>
<attribute name="c241" type="java.lang.String"/>
<attribute name="c242" type="java.lang.String"/>
<attribute name="c243" type="java.lang.String"/>
<attribute name="k312" type="java.lang.String"/>
<attribute name="k313" type="java.lang.String"/>
<attribute name="k314" type="java.lang.String"/>
<attribute name="k315" type="java.lang.String"/>
<attribute name="k316" type="java.lang.String"/>
<attribute name="k317" type="java.lang.String"/>
<attribute name="k318" type="java.lang.String"/>
<attribute name="k319" type="java.lang.String"/>
<attribute name="k320" type="java.lang.String"/>
<attribute name="k321" type="java.lang.String"/>
<attribute name="k322" type="java.lang.String"/>
<attribute name="c262" type="java.lang.String"/>
<attribute name="c263" type="java.lang.String"/>
<attribute name="c264" type="java.lang.String"/>
<attribute name="c265" type="java.lang.String"/>
</outputs>
<project>
<attribute name="id" type="java.lang.String"/>
<attribute name="source" type="java.lang.String"/>
<attribute name="pmid" type="java.lang.String"/>
<attribute name="pmcid" type="java.lang.String"/>
<attribute name="DOI" type="java.lang.String"/>
<attribute name="title" type="java.lang.String"/>
<attribute name="authorString" type="java.lang.String"/>
<attribute name="journalTitle" type="java.lang.String"/>
<attribute name="issue" type="java.lang.String"/>
<attribute name="journalVolume" type="java.lang.String"/>
<attribute name="pubYear" type="java.lang.String"/>
<attribute name="pubType" type="java.lang.String"/>
<attribute name="inEPMC" type="java.lang.String"/>
<attribute name="inPMC" type="java.lang.String"/>
<attribute name="authors" type="java.lang.String"/>
<attribute name="gene" type="java.lang.String"/>
<attribute name="organism" type="java.lang.String"/>
<attribute name="uniprotPubs" type="java.lang.String"/>
</project>
<child>
<operator type="ACCESS" relation="PublicationShort" access-method="pubmed_pubshort_14">
<outputs>
<attribute name="id" type="java.lang.String"/>
<attribute name="source" type="java.lang.String"/>
<attribute name="pmid" type="java.lang.String"/>
<attribute name="pmcid" type="java.lang.String"/>
<attribute name="DOI" type="java.lang.String"/>
<attribute name="title" type="java.lang.String"/>
<attribute name="authorString" type="java.lang.String"/>
<attribute name="journalTitle" type="java.lang.String"/>
<attribute name="issue" type="java.lang.String"/>
<attribute name="journalVolume" type="java.lang.String"/>
<attribute name="pubYear" type="java.lang.String"/>
<attribute name="pubType" type="java.lang.String"/>
<attribute name="inEPMC" type="java.lang.String"/>
<attribute name="inPMC" type="java.lang.String"/>
<attribute name="authors" type="java.lang.String"/>
<attribute name="gene" type="java.lang.String"/>
<attribute name="organism" type="java.lang.String"/>
<attribute name="uniprotPubs" type="java.lang.String"/>
</outputs>
</operator>
</child>
</operator>
</children>
</operator>
<operator type="PROJECT">
<outputs>
<attribute name="c230" type="java.lang.String"/>
<attribute name="c231" type="java.lang.String"/>
<attribute name="c232" type="java.lang.String"/>
<attribute name="c233" type="java.lang.String"/>
<attribute name="c234" type="java.lang.String"/>
<attribute name="c235" type="java.lang.String"/>
<attribute name="c236" type="java.lang.String"/>
<attribute name="c237" type="java.lang.String"/>
<attribute name="c238" type="java.lang.String"/>
<attribute name="c239" type="java.lang.String"/>
<attribute name="c240" type="java.lang.String"/>
<attribute name="c241" type="java.lang.String"/>
</outputs>
<project>
<attribute name="id" type="java.lang.String"/>
<attribute name="source" type="java.lang.String"/>
<attribute name="citationType" type="java.lang.String"/>
<attribute name="title" type="java.lang.String"/>
<attribute name="authorString" type="java.lang.String"/>
<attribute name="journalAbbreviation" type="java.lang.String"/>
<attribute name="pubYear" type="java.lang.String"/>
<attribute name="volume" type="java.lang.String"/>
<attribute name="issue" type="java.lang.String"/>
<attribute name="pageInfo" type="java.lang.String"/>
<attribute name="citedByCount" type="java.lang.String"/>
<attribute name="ext_id" type="java.lang.String"/>
</project>
<child>
<operator type="SELECT">
<outputs>
<attribute name="id" type="java.lang.String"/>
<attribute name="source" type="java.lang.String"/>
<attribute name="citationType" type="java.lang.String"/>
<attribute name="title" type="java.lang.String"/>
<attribute name="authorString" type="java.lang.String"/>
<attribute name="journalAbbreviation" type="java.lang.String"/>
<attribute name="pubYear" type="java.lang.String"/>
<attribute name="volume" type="java.lang.String"/>
<attribute name="issue" type="java.lang.String"/>
<attribute name="pageInfo" type="java.lang.String"/>
<attribute name="citedByCount" type="java.lang.String"/>
<attribute name="src" type="java.lang.String"/>
<attribute name="ext_id" type="java.lang.String"/>
</outputs>
<conjunction>
<predicate type="equality" left="11" value="MED"/>
</conjunction>
<child>
<operator type="ACCESS" relation="Citation" access-method="pubmed_citation_1">
<outputs>
<attribute name="id" type="java.lang.String"/>
<attribute name="source" type="java.lang.String"/>
<attribute name="citationType" type="java.lang.String"/>
<attribute name="title" type="java.lang.String"/>
<attribute name="authorString" type="java.lang.String"/>
<attribute name="journalAbbreviation" type="java.lang.String"/>
<attribute name="pubYear" type="java.lang.String"/>
<attribute name="volume" type="java.lang.String"/>
<attribute name="issue" type="java.lang.String"/>
<attribute name="pageInfo" type="java.lang.String"/>
<attribute name="citedByCount" type="java.lang.String"/>
<attribute name="src" type="java.lang.String"/>
<attribute name="ext_id" type="java.lang.String"/>
</outputs>
<static-input>
<input attribute="11" value="MED" type="java.lang.String"/>
</static-input>
</operator>
</child>
</operator>
</child>
</operator>
</children>
</operator>
</child>
</operator>
</plan>
