<?xml version="1.0" encoding="UTF-8"?>
<plan type="dag" cost="2.104226275E7" control-flow="TOP_DOWN">
<operator type="PROJECT">
<outputs>
<attribute name="c1" type="java.lang.String"/>
<attribute name="c2" type="java.lang.String"/>
<attribute name="c3" type="java.lang.String"/>
<attribute name="c25" type="java.lang.String"/>
<attribute name="c26" type="java.lang.String"/>
<attribute name="c27" type="java.lang.String"/>
<attribute name="c28" type="java.lang.String"/>
<attribute name="c29" type="java.lang.String"/>
<attribute name="c30" type="java.lang.String"/>
</outputs>
<project>
<attribute name="c1" type="java.lang.String"/>
<attribute name="c2" type="java.lang.String"/>
<attribute name="c3" type="java.lang.String"/>
<attribute name="c25" type="java.lang.String"/>
<attribute name="c26" type="java.lang.String"/>
<attribute name="c27" type="java.lang.String"/>
<attribute name="c28" type="java.lang.String"/>
<attribute name="c29" type="java.lang.String"/>
<attribute name="c30" type="java.lang.String"/>
</project>
<child>
<operator type="DEPENDENT_JOIN" param="0">
<outputs>
<attribute name="c25" type="java.lang.String"/>
<attribute name="c26" type="java.lang.String"/>
<attribute name="c27" type="java.lang.String"/>
<attribute name="c28" type="java.lang.String"/>
<attribute name="c29" type="java.lang.String"/>
<attribute name="c30" type="java.lang.String"/>
<attribute name="c1" type="java.lang.String"/>
<attribute name="c2" type="java.lang.String"/>
<attribute name="c3" type="java.lang.String"/>
<attribute name="k61" type="java.lang.String"/>
<attribute name="k62" type="java.lang.String"/>
<attribute name="k63" type="java.lang.String"/>
<attribute name="k64" type="java.lang.String"/>
<attribute name="k65" type="java.lang.String"/>
<attribute name="k66" type="java.lang.String"/>
<attribute name="k67" type="java.lang.String"/>
<attribute name="k68" type="java.lang.String"/>
<attribute name="k69" type="java.lang.String"/>
<attribute name="k70" type="java.lang.String"/>
<attribute name="k71" type="java.lang.String"/>
<attribute name="c22" type="java.lang.String"/>
<attribute name="c23" type="java.lang.String"/>
<attribute name="c24" type="java.lang.String"/>
<attribute name="c25" type="java.lang.String"/>
</outputs>
<children>
<operator type="PROJECT">
<outputs>
<attribute name="c25" type="java.lang.String"/>
<attribute name="c26" type="java.lang.String"/>
<attribute name="c27" type="java.lang.String"/>
<attribute name="c28" type="java.lang.String"/>
<attribute name="c29" type="java.lang.String"/>
<attribute name="c30" type="java.lang.String"/>
</outputs>
<project>
<attribute name="accession" type="java.lang.String"/>
<attribute name="component_id" type="java.lang.String"/>
<attribute name="description" type="java.lang.String"/>
<attribute name="protein_classification_id" type="java.lang.String"/>
<attribute name="sequence" type="java.lang.String"/>
<attribute name="tax_id" type="java.lang.String"/>
</project>
<child>
<operator type="SELECT">
<outputs>
<attribute name="accession" type="java.lang.String"/>
<attribute name="component_id" type="java.lang.String"/>
<attribute name="component_type" type="java.lang.String"/>
<attribute name="description" type="java.lang.String"/>
<attribute name="organism" type="java.lang.String"/>
<attribute name="protein_classification_id" type="java.lang.String"/>
<attribute name="sequence" type="java.lang.String"/>
<attribute name="tax_id" type="java.lang.String"/>
</outputs>
<conjunction>
<predicate type="equality" left="2" value="PROTEIN"/>
<predicate type="equality" left="4" value="Bos taurus"/>
</conjunction>
<child>
<operator type="ACCESS" relation="TargetComponentLimited" access-method="chembl_target_component_limited_2">
<outputs>
<attribute name="accession" type="java.lang.String"/>
<attribute name="component_id" type="java.lang.String"/>
<attribute name="component_type" type="java.lang.String"/>
<attribute name="description" type="java.lang.String"/>
<attribute name="organism" type="java.lang.String"/>
<attribute name="protein_classification_id" type="java.lang.String"/>
<attribute name="sequence" type="java.lang.String"/>
<attribute name="tax_id" type="java.lang.String"/>
</outputs>
<static-input>
<input attribute="4" value="Bos taurus" type="java.lang.String"/>
</static-input>
</operator>
</child>
</operator>
</child>
</operator>
<operator type="PROJECT">
<outputs>
<attribute name="c1" type="java.lang.String"/>
<attribute name="c2" type="java.lang.String"/>
<attribute name="c3" type="java.lang.String"/>
<attribute name="k61" type="java.lang.String"/>
<attribute name="k62" type="java.lang.String"/>
<attribute name="k63" type="java.lang.String"/>
<attribute name="k64" type="java.lang.String"/>
<attribute name="k65" type="java.lang.String"/>
<attribute name="k66" type="java.lang.String"/>
<attribute name="k67" type="java.lang.String"/>
<attribute name="k68" type="java.lang.String"/>
<attribute name="k69" type="java.lang.String"/>
<attribute name="k70" type="java.lang.String"/>
<attribute name="k71" type="java.lang.String"/>
<attribute name="c22" type="java.lang.String"/>
<attribute name="c23" type="java.lang.String"/>
<attribute name="c24" type="java.lang.String"/>
<attribute name="c25" type="java.lang.String"/>
</outputs>
<project>
<attribute name="id" type="java.lang.String"/>
<attribute name="source" type="java.lang.String"/>
<attribute name="pmid" type="java.lang.String"/>
<attribute name="pmcid" type="java.lang.String"/>
<attribute name="DOI" type="java.lang.String"/>
<attribute name="title" type="java.lang.String"/>
<attribute name="authorString" type="java.lang.String"/>
<attribute name="journalTitle" type="java.lang.String"/>
<attribute name="issue" type="java.lang.String"/>
<attribute name="journalVolume" type="java.lang.String"/>
<attribute name="pubYear" type="java.lang.String"/>
<attribute name="pubType" type="java.lang.String"/>
<attribute name="inEPMC" type="java.lang.String"/>
<attribute name="inPMC" type="java.lang.String"/>
<attribute name="authors" type="java.lang.String"/>
<attribute name="gene" type="java.lang.String"/>
<attribute name="organism" type="java.lang.String"/>
<attribute name="uniprotPubs" type="java.lang.String"/>
</project>
<child>
<operator type="ACCESS" relation="PublicationShort" access-method="pubmed_pubshort_14">
<outputs>
<attribute name="id" type="java.lang.String"/>
<attribute name="source" type="java.lang.String"/>
<attribute name="pmid" type="java.lang.String"/>
<attribute name="pmcid" type="java.lang.String"/>
<attribute name="DOI" type="java.lang.String"/>
<attribute name="title" type="java.lang.String"/>
<attribute name="authorString" type="java.lang.String"/>
<attribute name="journalTitle" type="java.lang.String"/>
<attribute name="issue" type="java.lang.String"/>
<attribute name="journalVolume" type="java.lang.String"/>
<attribute name="pubYear" type="java.lang.String"/>
<attribute name="pubType" type="java.lang.String"/>
<attribute name="inEPMC" type="java.lang.String"/>
<attribute name="inPMC" type="java.lang.String"/>
<attribute name="authors" type="java.lang.String"/>
<attribute name="gene" type="java.lang.String"/>
<attribute name="organism" type="java.lang.String"/>
<attribute name="uniprotPubs" type="java.lang.String"/>
</outputs>
</operator>
</child>
</operator>
</children>
</operator>
</child>
</operator>
</plan>
