<?xml version="1.0" encoding="UTF-8"?>
<plan type="dag" cost="7.0" control-flow="BOTTOM_UP">
<operator type="PROJECT">
<outputs>
<attribute name="c3158" type="java.lang.Integer"/>
</outputs>
<project>
<attribute name="c3158" type="java.lang.Integer"/>
</project>
<child>
<operator type="PROJECT">
<outputs>
<attribute name="c3158" type="java.lang.Integer"/>
<attribute name="c3159" type="java.lang.String"/>
<attribute name="c3160" type="java.lang.String"/>
<attribute name="c3161" type="java.lang.String"/>
<attribute name="c3162" type="java.lang.String"/>
<attribute name="c3163" type="java.lang.Integer"/>
<attribute name="c3164" type="java.lang.String"/>
<attribute name="c3165" type="java.math.BigDecimal"/>
<attribute name="c3166" type="java.lang.String"/>
</outputs>
<project>
<attribute name="p_partkey" type="java.lang.Integer"/>
<attribute name="p_name" type="java.lang.String"/>
<attribute name="p_mfgr" type="java.lang.String"/>
<attribute name="p_brand" type="java.lang.String"/>
<attribute name="p_type" type="java.lang.String"/>
<attribute name="p_size" type="java.lang.Integer"/>
<attribute name="p_container" type="java.lang.String"/>
<attribute name="p_retailprice" type="java.math.BigDecimal"/>
<attribute name="p_comment" type="java.lang.String"/>
</project>
<child>
<operator type="ACCESS" relation="part" access-method="m4">
<outputs>
<attribute name="p_partkey" type="java.lang.Integer"/>
<attribute name="p_name" type="java.lang.String"/>
<attribute name="p_mfgr" type="java.lang.String"/>
<attribute name="p_brand" type="java.lang.String"/>
<attribute name="p_type" type="java.lang.String"/>
<attribute name="p_size" type="java.lang.Integer"/>
<attribute name="p_container" type="java.lang.String"/>
<attribute name="p_retailprice" type="java.math.BigDecimal"/>
<attribute name="p_comment" type="java.lang.String"/>
</outputs>
</operator>
</child>
</operator>
</child>
</operator>
</plan>
