<?xml version="1.0" encoding="UTF-8"?>
<plan type="dag" cost="275.0" control-flow="TOP_DOWN">
<operator type="DEPENDENT_JOIN" param="3">
<outputs>
<attribute name="c368" type="java.lang.Integer"/>
<attribute name="c372" type="java.lang.String"/>
<attribute name="c373" type="java.lang.String"/>
<attribute name="c374" type="java.lang.Integer"/>
<attribute name="c375" type="java.lang.String"/>
<attribute name="c376" type="java.math.BigDecimal"/>
<attribute name="c377" type="java.lang.String"/>
<attribute name="c359" type="java.lang.Integer"/>
<attribute name="c360" type="java.lang.String"/>
<attribute name="c361" type="java.lang.String"/>
<attribute name="c362" type="java.lang.String"/>
<attribute name="c363" type="java.lang.String"/>
<attribute name="c364" type="java.lang.Integer"/>
<attribute name="c365" type="java.lang.String"/>
<attribute name="c366" type="java.math.BigDecimal"/>
<attribute name="c367" type="java.lang.String"/>
<attribute name="c359" type="java.lang.Integer"/>
<attribute name="c368" type="java.lang.Integer"/>
<attribute name="c369" type="java.lang.Integer"/>
<attribute name="c370" type="java.math.BigDecimal"/>
<attribute name="c371" type="java.lang.String"/>
<attribute name="c378" type="java.lang.Integer"/>
<attribute name="c379" type="java.lang.String"/>
<attribute name="c380" type="java.lang.String"/>
<attribute name="c374" type="java.lang.Integer"/>
<attribute name="c381" type="java.lang.String"/>
<attribute name="c382" type="java.math.BigDecimal"/>
<attribute name="c383" type="java.lang.String"/>
<attribute name="c384" type="java.lang.String"/>
</outputs>
<children>
<operator type="DEPENDENT_JOIN" param="7,0">
<outputs>
<attribute name="c368" type="java.lang.Integer"/>
<attribute name="c372" type="java.lang.String"/>
<attribute name="c373" type="java.lang.String"/>
<attribute name="c374" type="java.lang.Integer"/>
<attribute name="c375" type="java.lang.String"/>
<attribute name="c376" type="java.math.BigDecimal"/>
<attribute name="c377" type="java.lang.String"/>
<attribute name="c359" type="java.lang.Integer"/>
<attribute name="c360" type="java.lang.String"/>
<attribute name="c361" type="java.lang.String"/>
<attribute name="c362" type="java.lang.String"/>
<attribute name="c363" type="java.lang.String"/>
<attribute name="c364" type="java.lang.Integer"/>
<attribute name="c365" type="java.lang.String"/>
<attribute name="c366" type="java.math.BigDecimal"/>
<attribute name="c367" type="java.lang.String"/>
<attribute name="c359" type="java.lang.Integer"/>
<attribute name="c368" type="java.lang.Integer"/>
<attribute name="c369" type="java.lang.Integer"/>
<attribute name="c370" type="java.math.BigDecimal"/>
<attribute name="c371" type="java.lang.String"/>
</outputs>
<children>
<operator type="CROSS_PRODUCT">
<outputs>
<attribute name="c368" type="java.lang.Integer"/>
<attribute name="c372" type="java.lang.String"/>
<attribute name="c373" type="java.lang.String"/>
<attribute name="c374" type="java.lang.Integer"/>
<attribute name="c375" type="java.lang.String"/>
<attribute name="c376" type="java.math.BigDecimal"/>
<attribute name="c377" type="java.lang.String"/>
<attribute name="c359" type="java.lang.Integer"/>
<attribute name="c360" type="java.lang.String"/>
<attribute name="c361" type="java.lang.String"/>
<attribute name="c362" type="java.lang.String"/>
<attribute name="c363" type="java.lang.String"/>
<attribute name="c364" type="java.lang.Integer"/>
<attribute name="c365" type="java.lang.String"/>
<attribute name="c366" type="java.math.BigDecimal"/>
<attribute name="c367" type="java.lang.String"/>
</outputs>
<children>
<operator type="PROJECT">
<outputs>
<attribute name="c368" type="java.lang.Integer"/>
<attribute name="c372" type="java.lang.String"/>
<attribute name="c373" type="java.lang.String"/>
<attribute name="c374" type="java.lang.Integer"/>
<attribute name="c375" type="java.lang.String"/>
<attribute name="c376" type="java.math.BigDecimal"/>
<attribute name="c377" type="java.lang.String"/>
</outputs>
<project>
<attribute name="s_suppkey" type="java.lang.Integer"/>
<attribute name="s_name" type="java.lang.String"/>
<attribute name="s_address" type="java.lang.String"/>
<attribute name="s_nationkey" type="java.lang.Integer"/>
<attribute name="s_phone" type="java.lang.String"/>
<attribute name="s_acctbal" type="java.math.BigDecimal"/>
<attribute name="s_comment" type="java.lang.String"/>
</project>
<child>
<operator type="ACCESS" relation="supplier" access-method="m20">
<outputs>
<attribute name="s_suppkey" type="java.lang.Integer"/>
<attribute name="s_name" type="java.lang.String"/>
<attribute name="s_address" type="java.lang.String"/>
<attribute name="s_nationkey" type="java.lang.Integer"/>
<attribute name="s_phone" type="java.lang.String"/>
<attribute name="s_acctbal" type="java.math.BigDecimal"/>
<attribute name="s_comment" type="java.lang.String"/>
</outputs>
</operator>
</child>
</operator>
<operator type="PROJECT">
<outputs>
<attribute name="c359" type="java.lang.Integer"/>
<attribute name="c360" type="java.lang.String"/>
<attribute name="c361" type="java.lang.String"/>
<attribute name="c362" type="java.lang.String"/>
<attribute name="c363" type="java.lang.String"/>
<attribute name="c364" type="java.lang.Integer"/>
<attribute name="c365" type="java.lang.String"/>
<attribute name="c366" type="java.math.BigDecimal"/>
<attribute name="c367" type="java.lang.String"/>
</outputs>
<project>
<attribute name="p_partkey" type="java.lang.Integer"/>
<attribute name="p_name" type="java.lang.String"/>
<attribute name="p_mfgr" type="java.lang.String"/>
<attribute name="p_brand" type="java.lang.String"/>
<attribute name="p_type" type="java.lang.String"/>
<attribute name="p_size" type="java.lang.Integer"/>
<attribute name="p_container" type="java.lang.String"/>
<attribute name="p_retailprice" type="java.math.BigDecimal"/>
<attribute name="p_comment" type="java.lang.String"/>
</project>
<child>
<operator type="ACCESS" relation="part" access-method="m2">
<outputs>
<attribute name="p_partkey" type="java.lang.Integer"/>
<attribute name="p_name" type="java.lang.String"/>
<attribute name="p_mfgr" type="java.lang.String"/>
<attribute name="p_brand" type="java.lang.String"/>
<attribute name="p_type" type="java.lang.String"/>
<attribute name="p_size" type="java.lang.Integer"/>
<attribute name="p_container" type="java.lang.String"/>
<attribute name="p_retailprice" type="java.math.BigDecimal"/>
<attribute name="p_comment" type="java.lang.String"/>
</outputs>
</operator>
</child>
</operator>
</children>
</operator>
<operator type="PROJECT">
<outputs>
<attribute name="c359" type="java.lang.Integer"/>
<attribute name="c368" type="java.lang.Integer"/>
<attribute name="c369" type="java.lang.Integer"/>
<attribute name="c370" type="java.math.BigDecimal"/>
<attribute name="c371" type="java.lang.String"/>
</outputs>
<project>
<attribute name="ps_partkey" type="java.lang.Integer"/>
<attribute name="ps_suppkey" type="java.lang.Integer"/>
<attribute name="ps_availqty" type="java.lang.Integer"/>
<attribute name="ps_supplycost" type="java.math.BigDecimal"/>
<attribute name="ps_comment" type="java.lang.String"/>
</project>
<child>
<operator type="ACCESS" relation="partsupp" access-method="m6">
<outputs>
<attribute name="ps_partkey" type="java.lang.Integer"/>
<attribute name="ps_suppkey" type="java.lang.Integer"/>
<attribute name="ps_availqty" type="java.lang.Integer"/>
<attribute name="ps_supplycost" type="java.math.BigDecimal"/>
<attribute name="ps_comment" type="java.lang.String"/>
</outputs>
</operator>
</child>
</operator>
</children>
</operator>
<operator type="PROJECT">
<outputs>
<attribute name="c378" type="java.lang.Integer"/>
<attribute name="c379" type="java.lang.String"/>
<attribute name="c380" type="java.lang.String"/>
<attribute name="c374" type="java.lang.Integer"/>
<attribute name="c381" type="java.lang.String"/>
<attribute name="c382" type="java.math.BigDecimal"/>
<attribute name="c383" type="java.lang.String"/>
<attribute name="c384" type="java.lang.String"/>
</outputs>
<project>
<attribute name="c_custkey" type="java.lang.Integer"/>
<attribute name="c_name" type="java.lang.String"/>
<attribute name="c_address" type="java.lang.String"/>
<attribute name="c_nationkey" type="java.lang.Integer"/>
<attribute name="c_phone" type="java.lang.String"/>
<attribute name="c_acctbal" type="java.math.BigDecimal"/>
<attribute name="c_mktsegment" type="java.lang.String"/>
<attribute name="c_comment" type="java.lang.String"/>
</project>
<child>
<operator type="ACCESS" relation="customer" access-method="m1">
<outputs>
<attribute name="c_custkey" type="java.lang.Integer"/>
<attribute name="c_name" type="java.lang.String"/>
<attribute name="c_address" type="java.lang.String"/>
<attribute name="c_nationkey" type="java.lang.Integer"/>
<attribute name="c_phone" type="java.lang.String"/>
<attribute name="c_acctbal" type="java.math.BigDecimal"/>
<attribute name="c_mktsegment" type="java.lang.String"/>
<attribute name="c_comment" type="java.lang.String"/>
</outputs>
</operator>
</child>
</operator>
</children>
</operator>
</plan>
