<?xml version="1.0" encoding="UTF-8"?>
<plan type="linear" cost="25940.0" control-flow="TOP_DOWN">
<command name="T1">
<operator type="JOIN" variant="SYMMETRIC_HASH">
<outputs>
<attribute name="c6662" type="java.lang.Integer"/>
<attribute name="c6666" type="java.lang.String"/>
<attribute name="c6667" type="java.lang.String"/>
<attribute name="c6668" type="java.lang.Integer"/>
<attribute name="c6669" type="java.lang.String"/>
<attribute name="c6670" type="java.math.BigDecimal"/>
<attribute name="c6671" type="java.lang.String"/>
<attribute name="c6677" type="java.lang.Integer"/>
<attribute name="c6666" type="java.lang.String"/>
<attribute name="c6678" type="java.lang.String"/>
<attribute name="c6679" type="java.lang.Integer"/>
<attribute name="c6680" type="java.lang.String"/>
<attribute name="c6681" type="java.math.BigDecimal"/>
<attribute name="c6682" type="java.lang.String"/>
</outputs>
<conjunction>
<predicate type="equality" left="1" right="8"/>
</conjunction>
<children>
<operator type="PROJECT">
<outputs>
<attribute name="c6662" type="java.lang.Integer"/>
<attribute name="c6666" type="java.lang.String"/>
<attribute name="c6667" type="java.lang.String"/>
<attribute name="c6668" type="java.lang.Integer"/>
<attribute name="c6669" type="java.lang.String"/>
<attribute name="c6670" type="java.math.BigDecimal"/>
<attribute name="c6671" type="java.lang.String"/>
</outputs>
<project>
<attribute name="s_suppkey" type="java.lang.Integer"/>
<attribute name="s_name" type="java.lang.String"/>
<attribute name="s_address" type="java.lang.String"/>
<attribute name="s_nationkey" type="java.lang.Integer"/>
<attribute name="s_phone" type="java.lang.String"/>
<attribute name="s_acctbal" type="java.math.BigDecimal"/>
<attribute name="s_comment" type="java.lang.String"/>
</project>
<child>
<operator type="ACCESS" relation="supplier" access-method="m6">
<outputs>
<attribute name="s_suppkey" type="java.lang.Integer"/>
<attribute name="s_name" type="java.lang.String"/>
<attribute name="s_address" type="java.lang.String"/>
<attribute name="s_nationkey" type="java.lang.Integer"/>
<attribute name="s_phone" type="java.lang.String"/>
<attribute name="s_acctbal" type="java.math.BigDecimal"/>
<attribute name="s_comment" type="java.lang.String"/>
</outputs>
</operator>
</child>
</operator>
<operator type="PROJECT">
<outputs>
<attribute name="c6677" type="java.lang.Integer"/>
<attribute name="c6666" type="java.lang.String"/>
<attribute name="c6678" type="java.lang.String"/>
<attribute name="c6679" type="java.lang.Integer"/>
<attribute name="c6680" type="java.lang.String"/>
<attribute name="c6681" type="java.math.BigDecimal"/>
<attribute name="c6682" type="java.lang.String"/>
</outputs>
<project>
<attribute name="s_suppkey" type="java.lang.Integer"/>
<attribute name="s_name" type="java.lang.String"/>
<attribute name="s_address" type="java.lang.String"/>
<attribute name="s_nationkey" type="java.lang.Integer"/>
<attribute name="s_phone" type="java.lang.String"/>
<attribute name="s_acctbal" type="java.math.BigDecimal"/>
<attribute name="s_comment" type="java.lang.String"/>
</project>
<child>
<operator type="ACCESS" relation="supplier" access-method="m6">
<outputs>
<attribute name="s_suppkey" type="java.lang.Integer"/>
<attribute name="s_name" type="java.lang.String"/>
<attribute name="s_address" type="java.lang.String"/>
<attribute name="s_nationkey" type="java.lang.Integer"/>
<attribute name="s_phone" type="java.lang.String"/>
<attribute name="s_acctbal" type="java.math.BigDecimal"/>
<attribute name="s_comment" type="java.lang.String"/>
</outputs>
</operator>
</child>
</operator>
</children>
</operator>
</command>
<command name="T2">
<operator type="JOIN" variant="SYMMETRIC_HASH">
<outputs>
<attribute name="c6662" type="java.lang.Integer"/>
<attribute name="c6666" type="java.lang.String"/>
<attribute name="c6667" type="java.lang.String"/>
<attribute name="c6668" type="java.lang.Integer"/>
<attribute name="c6669" type="java.lang.String"/>
<attribute name="c6670" type="java.math.BigDecimal"/>
<attribute name="c6671" type="java.lang.String"/>
<attribute name="c6677" type="java.lang.Integer"/>
<attribute name="c6666" type="java.lang.String"/>
<attribute name="c6678" type="java.lang.String"/>
<attribute name="c6679" type="java.lang.Integer"/>
<attribute name="c6680" type="java.lang.String"/>
<attribute name="c6681" type="java.math.BigDecimal"/>
<attribute name="c6682" type="java.lang.String"/>
<attribute name="c6661" type="java.lang.Integer"/>
<attribute name="c6662" type="java.lang.Integer"/>
<attribute name="c6663" type="java.lang.Integer"/>
<attribute name="c6664" type="java.math.BigDecimal"/>
<attribute name="c6665" type="java.lang.String"/>
</outputs>
<conjunction>
<predicate type="equality" left="0" right="15"/>
</conjunction>
<children>
<operator type="ALIAS" name="T1"/>
<operator type="PROJECT">
<outputs>
<attribute name="c6661" type="java.lang.Integer"/>
<attribute name="c6662" type="java.lang.Integer"/>
<attribute name="c6663" type="java.lang.Integer"/>
<attribute name="c6664" type="java.math.BigDecimal"/>
<attribute name="c6665" type="java.lang.String"/>
</outputs>
<project>
<attribute name="ps_partkey" type="java.lang.Integer"/>
<attribute name="ps_suppkey" type="java.lang.Integer"/>
<attribute name="ps_availqty" type="java.lang.Integer"/>
<attribute name="ps_supplycost" type="java.math.BigDecimal"/>
<attribute name="ps_comment" type="java.lang.String"/>
</project>
<child>
<operator type="ACCESS" relation="partsupp" access-method="m8">
<outputs>
<attribute name="ps_partkey" type="java.lang.Integer"/>
<attribute name="ps_suppkey" type="java.lang.Integer"/>
<attribute name="ps_availqty" type="java.lang.Integer"/>
<attribute name="ps_supplycost" type="java.math.BigDecimal"/>
<attribute name="ps_comment" type="java.lang.String"/>
</outputs>
</operator>
</child>
</operator>
</children>
</operator>
</command>
<command name="T3">
<operator type="JOIN" variant="SYMMETRIC_HASH">
<outputs>
<attribute name="c6662" type="java.lang.Integer"/>
<attribute name="c6666" type="java.lang.String"/>
<attribute name="c6667" type="java.lang.String"/>
<attribute name="c6668" type="java.lang.Integer"/>
<attribute name="c6669" type="java.lang.String"/>
<attribute name="c6670" type="java.math.BigDecimal"/>
<attribute name="c6671" type="java.lang.String"/>
<attribute name="c6677" type="java.lang.Integer"/>
<attribute name="c6666" type="java.lang.String"/>
<attribute name="c6678" type="java.lang.String"/>
<attribute name="c6679" type="java.lang.Integer"/>
<attribute name="c6680" type="java.lang.String"/>
<attribute name="c6681" type="java.math.BigDecimal"/>
<attribute name="c6682" type="java.lang.String"/>
<attribute name="c6661" type="java.lang.Integer"/>
<attribute name="c6662" type="java.lang.Integer"/>
<attribute name="c6663" type="java.lang.Integer"/>
<attribute name="c6664" type="java.math.BigDecimal"/>
<attribute name="c6665" type="java.lang.String"/>
<attribute name="c6668" type="java.lang.Integer"/>
<attribute name="c6672" type="java.lang.String"/>
<attribute name="c6673" type="java.lang.Integer"/>
<attribute name="c6674" type="java.lang.String"/>
<attribute name="c6679" type="java.lang.Integer"/>
<attribute name="k6686" type="java.lang.String"/>
<attribute name="k6687" type="java.lang.Integer"/>
<attribute name="k6688" type="java.lang.String"/>
</outputs>
<conjunction>
<predicate type="equality" left="3" right="19"/>
<predicate type="equality" left="10" right="23"/>
</conjunction>
<children>
<operator type="ALIAS" name="T2"/>
<operator type="CROSS_PRODUCT">
<outputs>
<attribute name="c6668" type="java.lang.Integer"/>
<attribute name="c6672" type="java.lang.String"/>
<attribute name="c6673" type="java.lang.Integer"/>
<attribute name="c6674" type="java.lang.String"/>
<attribute name="c6679" type="java.lang.Integer"/>
<attribute name="k6686" type="java.lang.String"/>
<attribute name="k6687" type="java.lang.Integer"/>
<attribute name="k6688" type="java.lang.String"/>
</outputs>
<children>
<operator type="PROJECT">
<outputs>
<attribute name="c6668" type="java.lang.Integer"/>
<attribute name="c6672" type="java.lang.String"/>
<attribute name="c6673" type="java.lang.Integer"/>
<attribute name="c6674" type="java.lang.String"/>
</outputs>
<project>
<attribute name="n_nationkey" type="java.lang.Integer"/>
<attribute name="n_name" type="java.lang.String"/>
<attribute name="n_regionkey" type="java.lang.Integer"/>
<attribute name="n_comment" type="java.lang.String"/>
</project>
<child>
<operator type="ACCESS" relation="nation" access-method="m10">
<outputs>
<attribute name="n_nationkey" type="java.lang.Integer"/>
<attribute name="n_name" type="java.lang.String"/>
<attribute name="n_regionkey" type="java.lang.Integer"/>
<attribute name="n_comment" type="java.lang.String"/>
</outputs>
</operator>
</child>
</operator>
<operator type="PROJECT">
<outputs>
<attribute name="c6679" type="java.lang.Integer"/>
<attribute name="k6686" type="java.lang.String"/>
<attribute name="k6687" type="java.lang.Integer"/>
<attribute name="k6688" type="java.lang.String"/>
</outputs>
<project>
<attribute name="n_nationkey" type="java.lang.Integer"/>
<attribute name="n_name" type="java.lang.String"/>
<attribute name="n_regionkey" type="java.lang.Integer"/>
<attribute name="n_comment" type="java.lang.String"/>
</project>
<child>
<operator type="ACCESS" relation="nation" access-method="m10">
<outputs>
<attribute name="n_nationkey" type="java.lang.Integer"/>
<attribute name="n_name" type="java.lang.String"/>
<attribute name="n_regionkey" type="java.lang.Integer"/>
<attribute name="n_comment" type="java.lang.String"/>
</outputs>
</operator>
</child>
</operator>
</children>
</operator>
</children>
</operator>
</command>
<command name="T4">
<operator type="PROJECT">
<outputs>
<attribute name="c6670" type="java.math.BigDecimal"/>
<attribute name="c6663" type="java.lang.Integer"/>
<attribute name="c6669" type="java.lang.String"/>
<attribute name="c6674" type="java.lang.String"/>
<attribute name="c6667" type="java.lang.String"/>
<attribute name="c6675" type="java.lang.String"/>
</outputs>
<project>
<attribute name="c6670" type="java.math.BigDecimal"/>
<attribute name="c6663" type="java.lang.Integer"/>
<attribute name="c6669" type="java.lang.String"/>
<attribute name="c6674" type="java.lang.String"/>
<attribute name="c6667" type="java.lang.String"/>
<attribute name="c6675" type="java.lang.String"/>
</project>
<child>
<operator type="JOIN" variant="SYMMETRIC_HASH">
<outputs>
<attribute name="c6662" type="java.lang.Integer"/>
<attribute name="c6666" type="java.lang.String"/>
<attribute name="c6667" type="java.lang.String"/>
<attribute name="c6668" type="java.lang.Integer"/>
<attribute name="c6669" type="java.lang.String"/>
<attribute name="c6670" type="java.math.BigDecimal"/>
<attribute name="c6671" type="java.lang.String"/>
<attribute name="c6677" type="java.lang.Integer"/>
<attribute name="c6666" type="java.lang.String"/>
<attribute name="c6678" type="java.lang.String"/>
<attribute name="c6679" type="java.lang.Integer"/>
<attribute name="c6680" type="java.lang.String"/>
<attribute name="c6681" type="java.math.BigDecimal"/>
<attribute name="c6682" type="java.lang.String"/>
<attribute name="c6661" type="java.lang.Integer"/>
<attribute name="c6662" type="java.lang.Integer"/>
<attribute name="c6663" type="java.lang.Integer"/>
<attribute name="c6664" type="java.math.BigDecimal"/>
<attribute name="c6665" type="java.lang.String"/>
<attribute name="c6668" type="java.lang.Integer"/>
<attribute name="c6672" type="java.lang.String"/>
<attribute name="c6673" type="java.lang.Integer"/>
<attribute name="c6674" type="java.lang.String"/>
<attribute name="c6679" type="java.lang.Integer"/>
<attribute name="k6686" type="java.lang.String"/>
<attribute name="k6687" type="java.lang.Integer"/>
<attribute name="k6688" type="java.lang.String"/>
<attribute name="k6687" type="java.lang.Integer"/>
<attribute name="k6705" type="java.lang.String"/>
<attribute name="k6706" type="java.lang.String"/>
<attribute name="c6673" type="java.lang.Integer"/>
<attribute name="c6675" type="java.lang.String"/>
<attribute name="c6676" type="java.lang.String"/>
</outputs>
<conjunction>
<predicate type="equality" left="21" right="30"/>
<predicate type="equality" left="25" right="27"/>
</conjunction>
<children>
<operator type="ALIAS" name="T3"/>
<operator type="CROSS_PRODUCT">
<outputs>
<attribute name="k6687" type="java.lang.Integer"/>
<attribute name="k6705" type="java.lang.String"/>
<attribute name="k6706" type="java.lang.String"/>
<attribute name="c6673" type="java.lang.Integer"/>
<attribute name="c6675" type="java.lang.String"/>
<attribute name="c6676" type="java.lang.String"/>
</outputs>
<children>
<operator type="PROJECT">
<outputs>
<attribute name="k6687" type="java.lang.Integer"/>
<attribute name="k6705" type="java.lang.String"/>
<attribute name="k6706" type="java.lang.String"/>
</outputs>
<project>
<attribute name="r_regionkey" type="java.lang.Integer"/>
<attribute name="r_name" type="java.lang.String"/>
<attribute name="r_comment" type="java.lang.String"/>
</project>
<child>
<operator type="ACCESS" relation="region" access-method="m12">
<outputs>
<attribute name="r_regionkey" type="java.lang.Integer"/>
<attribute name="r_name" type="java.lang.String"/>
<attribute name="r_comment" type="java.lang.String"/>
</outputs>
</operator>
</child>
</operator>
<operator type="PROJECT">
<outputs>
<attribute name="c6673" type="java.lang.Integer"/>
<attribute name="c6675" type="java.lang.String"/>
<attribute name="c6676" type="java.lang.String"/>
</outputs>
<project>
<attribute name="r_regionkey" type="java.lang.Integer"/>
<attribute name="r_name" type="java.lang.String"/>
<attribute name="r_comment" type="java.lang.String"/>
</project>
<child>
<operator type="ACCESS" relation="region" access-method="m12">
<outputs>
<attribute name="r_regionkey" type="java.lang.Integer"/>
<attribute name="r_name" type="java.lang.String"/>
<attribute name="r_comment" type="java.lang.String"/>
</outputs>
</operator>
</child>
</operator>
</children>
</operator>
</children>
</operator>
</child>
</operator>
</command>
</plan>
