<?xml version="1.0" encoding="UTF-8"?>
<plan type="dag" cost="2276.450460625" control-flow="TOP_DOWN">
<operator type="PROJECT">
<outputs>
<attribute name="c86" type="java.lang.String"/>
<attribute name="c87" type="java.lang.String"/>
<attribute name="c69" type="java.lang.String"/>
<attribute name="c88" type="java.lang.String"/>
<attribute name="c89" type="java.lang.String"/>
<attribute name="c90" type="java.lang.String"/>
<attribute name="c77" type="java.lang.String"/>
<attribute name="c37" type="java.lang.String"/>
<attribute name="c91" type="java.lang.String"/>
<attribute name="c82" type="java.lang.String"/>
<attribute name="c92" type="java.lang.String"/>
<attribute name="c93" type="java.lang.String"/>
<attribute name="c14" type="java.lang.String"/>
<attribute name="c94" type="java.lang.Double"/>
<attribute name="c95" type="java.lang.String"/>
<attribute name="c96" type="java.lang.String"/>
<attribute name="c97" type="java.lang.String"/>
<attribute name="c98" type="java.lang.String"/>
<attribute name="c99" type="java.lang.String"/>
<attribute name="c100" type="java.lang.String"/>
<attribute name="c63" type="java.lang.String"/>
<attribute name="c101" type="java.lang.Boolean"/>
<attribute name="c102" type="java.lang.String"/>
<attribute name="c103" type="java.lang.String"/>
<attribute name="c104" type="java.lang.String"/>
<attribute name="c105" type="java.lang.Double"/>
<attribute name="c66" type="java.lang.String"/>
<attribute name="c106" type="java.lang.String"/>
<attribute name="c107" type="java.lang.String"/>
<attribute name="c108" type="java.lang.String"/>
</outputs>
<project>
<attribute name="c86" type="java.lang.String"/>
<attribute name="c87" type="java.lang.String"/>
<attribute name="c69" type="java.lang.String"/>
<attribute name="c88" type="java.lang.String"/>
<attribute name="c89" type="java.lang.String"/>
<attribute name="c90" type="java.lang.String"/>
<attribute name="c77" type="java.lang.String"/>
<attribute name="c37" type="java.lang.String"/>
<attribute name="c91" type="java.lang.String"/>
<attribute name="c82" type="java.lang.String"/>
<attribute name="c92" type="java.lang.String"/>
<attribute name="c93" type="java.lang.String"/>
<attribute name="c14" type="java.lang.String"/>
<attribute name="c94" type="java.lang.Double"/>
<attribute name="c95" type="java.lang.String"/>
<attribute name="c96" type="java.lang.String"/>
<attribute name="c97" type="java.lang.String"/>
<attribute name="c98" type="java.lang.String"/>
<attribute name="c99" type="java.lang.String"/>
<attribute name="c100" type="java.lang.String"/>
<attribute name="c63" type="java.lang.String"/>
<attribute name="c101" type="java.lang.Boolean"/>
<attribute name="c102" type="java.lang.String"/>
<attribute name="c103" type="java.lang.String"/>
<attribute name="c104" type="java.lang.String"/>
<attribute name="c105" type="java.lang.Double"/>
<attribute name="c66" type="java.lang.String"/>
<attribute name="c106" type="java.lang.String"/>
<attribute name="c107" type="java.lang.String"/>
<attribute name="c108" type="java.lang.String"/>
</project>
<child>
<operator type="DEPENDENT_JOIN" param="8">
<outputs>
<attribute name="c55" type="java.lang.String"/>
<attribute name="c56" type="java.lang.String"/>
<attribute name="c57" type="java.lang.Boolean"/>
<attribute name="c58" type="java.lang.Boolean"/>
<attribute name="c59" type="java.lang.String"/>
<attribute name="c60" type="java.lang.String"/>
<attribute name="c61" type="java.lang.String"/>
<attribute name="c62" type="java.lang.Boolean"/>
<attribute name="c14" type="java.lang.String"/>
<attribute name="c63" type="java.lang.String"/>
<attribute name="c64" type="java.lang.String"/>
<attribute name="c65" type="java.lang.String"/>
<attribute name="c66" type="java.lang.String"/>
<attribute name="c86" type="java.lang.String"/>
<attribute name="c87" type="java.lang.String"/>
<attribute name="c69" type="java.lang.String"/>
<attribute name="c88" type="java.lang.String"/>
<attribute name="c89" type="java.lang.String"/>
<attribute name="c90" type="java.lang.String"/>
<attribute name="c77" type="java.lang.String"/>
<attribute name="c37" type="java.lang.String"/>
<attribute name="c91" type="java.lang.String"/>
<attribute name="c82" type="java.lang.String"/>
<attribute name="c92" type="java.lang.String"/>
<attribute name="c93" type="java.lang.String"/>
<attribute name="c14" type="java.lang.String"/>
<attribute name="c94" type="java.lang.Double"/>
<attribute name="c95" type="java.lang.String"/>
<attribute name="c96" type="java.lang.String"/>
<attribute name="c97" type="java.lang.String"/>
<attribute name="c98" type="java.lang.String"/>
<attribute name="c99" type="java.lang.String"/>
<attribute name="c100" type="java.lang.String"/>
<attribute name="c63" type="java.lang.String"/>
<attribute name="c101" type="java.lang.Boolean"/>
<attribute name="c102" type="java.lang.String"/>
<attribute name="c103" type="java.lang.String"/>
<attribute name="c104" type="java.lang.String"/>
<attribute name="c105" type="java.lang.Double"/>
<attribute name="c66" type="java.lang.String"/>
<attribute name="c106" type="java.lang.String"/>
<attribute name="c107" type="java.lang.String"/>
<attribute name="c108" type="java.lang.String"/>
<attribute name="c67" type="java.lang.String"/>
<attribute name="c68" type="java.lang.String"/>
<attribute name="c69" type="java.lang.String"/>
<attribute name="c70" type="java.lang.String"/>
<attribute name="c71" type="java.lang.String"/>
<attribute name="c72" type="java.lang.String"/>
<attribute name="c73" type="java.lang.String"/>
<attribute name="c74" type="java.lang.String"/>
<attribute name="c75" type="java.lang.String"/>
<attribute name="c76" type="java.lang.String"/>
<attribute name="c77" type="java.lang.String"/>
<attribute name="c78" type="java.lang.String"/>
<attribute name="c79" type="java.lang.String"/>
<attribute name="c80" type="java.lang.String"/>
<attribute name="c81" type="java.lang.String"/>
<attribute name="c82" type="java.lang.String"/>
<attribute name="c83" type="java.lang.String"/>
<attribute name="c84" type="java.lang.String"/>
<attribute name="c85" type="java.lang.String"/>
<attribute name="c66" type="java.lang.String"/>
<attribute name="c1" type="java.lang.String"/>
<attribute name="c2" type="java.lang.String"/>
<attribute name="c3" type="java.lang.String"/>
<attribute name="c4" type="java.lang.Boolean"/>
<attribute name="c5" type="java.lang.Integer"/>
<attribute name="c6" type="java.lang.String"/>
<attribute name="c7" type="java.lang.Integer"/>
<attribute name="c8" type="java.lang.String"/>
<attribute name="c9" type="java.lang.String"/>
<attribute name="c10" type="java.lang.Integer"/>
<attribute name="c11" type="java.lang.String"/>
<attribute name="c12" type="java.lang.String"/>
<attribute name="c13" type="java.lang.String"/>
<attribute name="c14" type="java.lang.String"/>
<attribute name="c15" type="java.lang.String"/>
<attribute name="c16" type="java.lang.Double"/>
<attribute name="c17" type="java.lang.Double"/>
<attribute name="c18" type="java.lang.Double"/>
<attribute name="c19" type="java.lang.Double"/>
<attribute name="c20" type="java.lang.Double"/>
<attribute name="c21" type="java.lang.Integer"/>
<attribute name="c22" type="java.lang.String"/>
<attribute name="c23" type="java.lang.Double"/>
<attribute name="c24" type="java.lang.Integer"/>
<attribute name="c25" type="java.lang.Integer"/>
<attribute name="c26" type="java.lang.Integer"/>
<attribute name="c27" type="java.lang.String"/>
<attribute name="c28" type="java.lang.String"/>
<attribute name="c29" type="java.lang.Double"/>
<attribute name="c30" type="java.lang.Double"/>
<attribute name="c31" type="java.lang.Integer"/>
<attribute name="c32" type="java.lang.Integer"/>
<attribute name="c33" type="java.lang.Double"/>
<attribute name="c34" type="java.lang.Double"/>
<attribute name="c35" type="java.lang.String"/>
<attribute name="c36" type="java.lang.Integer"/>
<attribute name="c37" type="java.lang.String"/>
<attribute name="c38" type="java.lang.String"/>
<attribute name="c39" type="java.lang.String"/>
<attribute name="c40" type="java.lang.String"/>
<attribute name="c41" type="java.lang.String"/>
<attribute name="c42" type="java.lang.String"/>
<attribute name="c43" type="java.lang.String"/>
<attribute name="c44" type="java.lang.String"/>
<attribute name="c45" type="java.lang.String"/>
<attribute name="c46" type="java.lang.String"/>
<attribute name="c47" type="java.lang.String"/>
<attribute name="c48" type="java.lang.String"/>
<attribute name="c49" type="java.lang.String"/>
<attribute name="c50" type="java.lang.String"/>
<attribute name="c51" type="java.lang.String"/>
<attribute name="c52" type="java.lang.String"/>
<attribute name="c53" type="java.lang.String"/>
<attribute name="c54" type="java.lang.String"/>
</outputs>
<children>
<operator type="DEPENDENT_JOIN" param="15">
<outputs>
<attribute name="c55" type="java.lang.String"/>
<attribute name="c56" type="java.lang.String"/>
<attribute name="c57" type="java.lang.Boolean"/>
<attribute name="c58" type="java.lang.Boolean"/>
<attribute name="c59" type="java.lang.String"/>
<attribute name="c60" type="java.lang.String"/>
<attribute name="c61" type="java.lang.String"/>
<attribute name="c62" type="java.lang.Boolean"/>
<attribute name="c14" type="java.lang.String"/>
<attribute name="c63" type="java.lang.String"/>
<attribute name="c64" type="java.lang.String"/>
<attribute name="c65" type="java.lang.String"/>
<attribute name="c66" type="java.lang.String"/>
<attribute name="c86" type="java.lang.String"/>
<attribute name="c87" type="java.lang.String"/>
<attribute name="c69" type="java.lang.String"/>
<attribute name="c88" type="java.lang.String"/>
<attribute name="c89" type="java.lang.String"/>
<attribute name="c90" type="java.lang.String"/>
<attribute name="c77" type="java.lang.String"/>
<attribute name="c37" type="java.lang.String"/>
<attribute name="c91" type="java.lang.String"/>
<attribute name="c82" type="java.lang.String"/>
<attribute name="c92" type="java.lang.String"/>
<attribute name="c93" type="java.lang.String"/>
<attribute name="c14" type="java.lang.String"/>
<attribute name="c94" type="java.lang.Double"/>
<attribute name="c95" type="java.lang.String"/>
<attribute name="c96" type="java.lang.String"/>
<attribute name="c97" type="java.lang.String"/>
<attribute name="c98" type="java.lang.String"/>
<attribute name="c99" type="java.lang.String"/>
<attribute name="c100" type="java.lang.String"/>
<attribute name="c63" type="java.lang.String"/>
<attribute name="c101" type="java.lang.Boolean"/>
<attribute name="c102" type="java.lang.String"/>
<attribute name="c103" type="java.lang.String"/>
<attribute name="c104" type="java.lang.String"/>
<attribute name="c105" type="java.lang.Double"/>
<attribute name="c66" type="java.lang.String"/>
<attribute name="c106" type="java.lang.String"/>
<attribute name="c107" type="java.lang.String"/>
<attribute name="c108" type="java.lang.String"/>
<attribute name="c67" type="java.lang.String"/>
<attribute name="c68" type="java.lang.String"/>
<attribute name="c69" type="java.lang.String"/>
<attribute name="c70" type="java.lang.String"/>
<attribute name="c71" type="java.lang.String"/>
<attribute name="c72" type="java.lang.String"/>
<attribute name="c73" type="java.lang.String"/>
<attribute name="c74" type="java.lang.String"/>
<attribute name="c75" type="java.lang.String"/>
<attribute name="c76" type="java.lang.String"/>
<attribute name="c77" type="java.lang.String"/>
<attribute name="c78" type="java.lang.String"/>
<attribute name="c79" type="java.lang.String"/>
<attribute name="c80" type="java.lang.String"/>
<attribute name="c81" type="java.lang.String"/>
<attribute name="c82" type="java.lang.String"/>
<attribute name="c83" type="java.lang.String"/>
<attribute name="c84" type="java.lang.String"/>
<attribute name="c85" type="java.lang.String"/>
<attribute name="c66" type="java.lang.String"/>
</outputs>
<children>
<operator type="DEPENDENT_JOIN" param="8">
<outputs>
<attribute name="c55" type="java.lang.String"/>
<attribute name="c56" type="java.lang.String"/>
<attribute name="c57" type="java.lang.Boolean"/>
<attribute name="c58" type="java.lang.Boolean"/>
<attribute name="c59" type="java.lang.String"/>
<attribute name="c60" type="java.lang.String"/>
<attribute name="c61" type="java.lang.String"/>
<attribute name="c62" type="java.lang.Boolean"/>
<attribute name="c14" type="java.lang.String"/>
<attribute name="c63" type="java.lang.String"/>
<attribute name="c64" type="java.lang.String"/>
<attribute name="c65" type="java.lang.String"/>
<attribute name="c66" type="java.lang.String"/>
<attribute name="c86" type="java.lang.String"/>
<attribute name="c87" type="java.lang.String"/>
<attribute name="c69" type="java.lang.String"/>
<attribute name="c88" type="java.lang.String"/>
<attribute name="c89" type="java.lang.String"/>
<attribute name="c90" type="java.lang.String"/>
<attribute name="c77" type="java.lang.String"/>
<attribute name="c37" type="java.lang.String"/>
<attribute name="c91" type="java.lang.String"/>
<attribute name="c82" type="java.lang.String"/>
<attribute name="c92" type="java.lang.String"/>
<attribute name="c93" type="java.lang.String"/>
<attribute name="c14" type="java.lang.String"/>
<attribute name="c94" type="java.lang.Double"/>
<attribute name="c95" type="java.lang.String"/>
<attribute name="c96" type="java.lang.String"/>
<attribute name="c97" type="java.lang.String"/>
<attribute name="c98" type="java.lang.String"/>
<attribute name="c99" type="java.lang.String"/>
<attribute name="c100" type="java.lang.String"/>
<attribute name="c63" type="java.lang.String"/>
<attribute name="c101" type="java.lang.Boolean"/>
<attribute name="c102" type="java.lang.String"/>
<attribute name="c103" type="java.lang.String"/>
<attribute name="c104" type="java.lang.String"/>
<attribute name="c105" type="java.lang.Double"/>
<attribute name="c66" type="java.lang.String"/>
<attribute name="c106" type="java.lang.String"/>
<attribute name="c107" type="java.lang.String"/>
<attribute name="c108" type="java.lang.String"/>
</outputs>
<children>
<operator type="PROJECT">
<outputs>
<attribute name="c55" type="java.lang.String"/>
<attribute name="c56" type="java.lang.String"/>
<attribute name="c57" type="java.lang.Boolean"/>
<attribute name="c58" type="java.lang.Boolean"/>
<attribute name="c59" type="java.lang.String"/>
<attribute name="c60" type="java.lang.String"/>
<attribute name="c61" type="java.lang.String"/>
<attribute name="c62" type="java.lang.Boolean"/>
<attribute name="c14" type="java.lang.String"/>
<attribute name="c63" type="java.lang.String"/>
<attribute name="c64" type="java.lang.String"/>
<attribute name="c65" type="java.lang.String"/>
<attribute name="c66" type="java.lang.String"/>
</outputs>
<project>
<attribute name="action_type" type="java.lang.String"/>
<attribute name="binding_site_comment" type="java.lang.String"/>
<attribute name="direct_interaction" type="java.lang.Boolean"/>
<attribute name="disease_efficacy" type="java.lang.Boolean"/>
<attribute name="mec_id" type="java.lang.String"/>
<attribute name="mechanism_comment" type="java.lang.String"/>
<attribute name="mechanism_of_action" type="java.lang.String"/>
<attribute name="molecular_mechanism" type="java.lang.Boolean"/>
<attribute name="molecule_chembl_id" type="java.lang.String"/>
<attribute name="record_id" type="java.lang.String"/>
<attribute name="selectivity_comment" type="java.lang.String"/>
<attribute name="site_id" type="java.lang.String"/>
<attribute name="target_chembl_id" type="java.lang.String"/>
</project>
<child>
<operator type="ACCESS" relation="MechanismFree" access-method="chembl_mechanism_free">
<outputs>
<attribute name="action_type" type="java.lang.String"/>
<attribute name="binding_site_comment" type="java.lang.String"/>
<attribute name="direct_interaction" type="java.lang.Boolean"/>
<attribute name="disease_efficacy" type="java.lang.Boolean"/>
<attribute name="mec_id" type="java.lang.String"/>
<attribute name="mechanism_comment" type="java.lang.String"/>
<attribute name="mechanism_of_action" type="java.lang.String"/>
<attribute name="molecular_mechanism" type="java.lang.Boolean"/>
<attribute name="molecule_chembl_id" type="java.lang.String"/>
<attribute name="record_id" type="java.lang.String"/>
<attribute name="selectivity_comment" type="java.lang.String"/>
<attribute name="site_id" type="java.lang.String"/>
<attribute name="target_chembl_id" type="java.lang.String"/>
</outputs>
</operator>
</child>
</operator>
<operator type="PROJECT">
<outputs>
<attribute name="c86" type="java.lang.String"/>
<attribute name="c87" type="java.lang.String"/>
<attribute name="c69" type="java.lang.String"/>
<attribute name="c88" type="java.lang.String"/>
<attribute name="c89" type="java.lang.String"/>
<attribute name="c90" type="java.lang.String"/>
<attribute name="c77" type="java.lang.String"/>
<attribute name="c37" type="java.lang.String"/>
<attribute name="c91" type="java.lang.String"/>
<attribute name="c82" type="java.lang.String"/>
<attribute name="c92" type="java.lang.String"/>
<attribute name="c93" type="java.lang.String"/>
<attribute name="c14" type="java.lang.String"/>
<attribute name="c94" type="java.lang.Double"/>
<attribute name="c95" type="java.lang.String"/>
<attribute name="c96" type="java.lang.String"/>
<attribute name="c97" type="java.lang.String"/>
<attribute name="c98" type="java.lang.String"/>
<attribute name="c99" type="java.lang.String"/>
<attribute name="c100" type="java.lang.String"/>
<attribute name="c63" type="java.lang.String"/>
<attribute name="c101" type="java.lang.Boolean"/>
<attribute name="c102" type="java.lang.String"/>
<attribute name="c103" type="java.lang.String"/>
<attribute name="c104" type="java.lang.String"/>
<attribute name="c105" type="java.lang.Double"/>
<attribute name="c66" type="java.lang.String"/>
<attribute name="c106" type="java.lang.String"/>
<attribute name="c107" type="java.lang.String"/>
<attribute name="c108" type="java.lang.String"/>
</outputs>
<project>
<attribute name="activity_comment" type="java.lang.String"/>
<attribute name="activity_id" type="java.lang.String"/>
<attribute name="assay_chembl_id" type="java.lang.String"/>
<attribute name="assay_description" type="java.lang.String"/>
<attribute name="assay_type" type="java.lang.String"/>
<attribute name="bao_endpoint" type="java.lang.String"/>
<attribute name="bao_format" type="java.lang.String"/>
<attribute name="canonical_smiles" type="java.lang.String"/>
<attribute name="data_validity_comment" type="java.lang.String"/>
<attribute name="document_chembl_id" type="java.lang.String"/>
<attribute name="document_journal" type="java.lang.String"/>
<attribute name="document_year" type="java.lang.String"/>
<attribute name="molecule_chembl_id" type="java.lang.String"/>
<attribute name="pchembl_value" type="java.lang.Double"/>
<attribute name="potential_duplicate" type="java.lang.String"/>
<attribute name="published_relation" type="java.lang.String"/>
<attribute name="published_type" type="java.lang.String"/>
<attribute name="published_units" type="java.lang.String"/>
<attribute name="published_value" type="java.lang.String"/>
<attribute name="qudt_units" type="java.lang.String"/>
<attribute name="record_id" type="java.lang.String"/>
<attribute name="standard_flag" type="java.lang.Boolean"/>
<attribute name="standard_relation" type="java.lang.String"/>
<attribute name="standard_type" type="java.lang.String"/>
<attribute name="standard_units" type="java.lang.String"/>
<attribute name="standard_value" type="java.lang.Double"/>
<attribute name="target_chembl_id" type="java.lang.String"/>
<attribute name="target_organism" type="java.lang.String"/>
<attribute name="target_pref_name" type="java.lang.String"/>
<attribute name="uo_units" type="java.lang.String"/>
</project>
<child>
<operator type="ACCESS" relation="ActivityLimited" access-method="chembl_activity_limited_2">
<outputs>
<attribute name="activity_comment" type="java.lang.String"/>
<attribute name="activity_id" type="java.lang.String"/>
<attribute name="assay_chembl_id" type="java.lang.String"/>
<attribute name="assay_description" type="java.lang.String"/>
<attribute name="assay_type" type="java.lang.String"/>
<attribute name="bao_endpoint" type="java.lang.String"/>
<attribute name="bao_format" type="java.lang.String"/>
<attribute name="canonical_smiles" type="java.lang.String"/>
<attribute name="data_validity_comment" type="java.lang.String"/>
<attribute name="document_chembl_id" type="java.lang.String"/>
<attribute name="document_journal" type="java.lang.String"/>
<attribute name="document_year" type="java.lang.String"/>
<attribute name="molecule_chembl_id" type="java.lang.String"/>
<attribute name="pchembl_value" type="java.lang.Double"/>
<attribute name="potential_duplicate" type="java.lang.String"/>
<attribute name="published_relation" type="java.lang.String"/>
<attribute name="published_type" type="java.lang.String"/>
<attribute name="published_units" type="java.lang.String"/>
<attribute name="published_value" type="java.lang.String"/>
<attribute name="qudt_units" type="java.lang.String"/>
<attribute name="record_id" type="java.lang.String"/>
<attribute name="standard_flag" type="java.lang.Boolean"/>
<attribute name="standard_relation" type="java.lang.String"/>
<attribute name="standard_type" type="java.lang.String"/>
<attribute name="standard_units" type="java.lang.String"/>
<attribute name="standard_value" type="java.lang.Double"/>
<attribute name="target_chembl_id" type="java.lang.String"/>
<attribute name="target_organism" type="java.lang.String"/>
<attribute name="target_pref_name" type="java.lang.String"/>
<attribute name="uo_units" type="java.lang.String"/>
</outputs>
</operator>
</child>
</operator>
</children>
</operator>
<operator type="PROJECT">
<outputs>
<attribute name="c67" type="java.lang.String"/>
<attribute name="c68" type="java.lang.String"/>
<attribute name="c69" type="java.lang.String"/>
<attribute name="c70" type="java.lang.String"/>
<attribute name="c71" type="java.lang.String"/>
<attribute name="c72" type="java.lang.String"/>
<attribute name="c73" type="java.lang.String"/>
<attribute name="c74" type="java.lang.String"/>
<attribute name="c75" type="java.lang.String"/>
<attribute name="c76" type="java.lang.String"/>
<attribute name="c77" type="java.lang.String"/>
<attribute name="c78" type="java.lang.String"/>
<attribute name="c79" type="java.lang.String"/>
<attribute name="c80" type="java.lang.String"/>
<attribute name="c81" type="java.lang.String"/>
<attribute name="c82" type="java.lang.String"/>
<attribute name="c83" type="java.lang.String"/>
<attribute name="c84" type="java.lang.String"/>
<attribute name="c85" type="java.lang.String"/>
<attribute name="c66" type="java.lang.String"/>
</outputs>
<project>
<attribute name="assay_category" type="java.lang.String"/>
<attribute name="assay_cell_type" type="java.lang.String"/>
<attribute name="assay_chembl_id" type="java.lang.String"/>
<attribute name="assay_organism" type="java.lang.String"/>
<attribute name="assay_strain" type="java.lang.String"/>
<attribute name="assay_subcellular_fraction" type="java.lang.String"/>
<attribute name="assay_tax_id" type="java.lang.String"/>
<attribute name="assay_test_type" type="java.lang.String"/>
<attribute name="assay_tissue" type="java.lang.String"/>
<attribute name="assay_type_description" type="java.lang.String"/>
<attribute name="bao_format" type="java.lang.String"/>
<attribute name="cell_chembl_id" type="java.lang.String"/>
<attribute name="confidence_description" type="java.lang.String"/>
<attribute name="confidence_score" type="java.lang.String"/>
<attribute name="description" type="java.lang.String"/>
<attribute name="document_chembl_id" type="java.lang.String"/>
<attribute name="relationship_description" type="java.lang.String"/>
<attribute name="src_assay_id" type="java.lang.String"/>
<attribute name="src_id" type="java.lang.String"/>
<attribute name="target_chembl_id" type="java.lang.String"/>
</project>
<child>
<operator type="SELECT">
<outputs>
<attribute name="assay_category" type="java.lang.String"/>
<attribute name="assay_cell_type" type="java.lang.String"/>
<attribute name="assay_chembl_id" type="java.lang.String"/>
<attribute name="assay_organism" type="java.lang.String"/>
<attribute name="assay_strain" type="java.lang.String"/>
<attribute name="assay_subcellular_fraction" type="java.lang.String"/>
<attribute name="assay_tax_id" type="java.lang.String"/>
<attribute name="assay_test_type" type="java.lang.String"/>
<attribute name="assay_tissue" type="java.lang.String"/>
<attribute name="assay_type" type="java.lang.String"/>
<attribute name="assay_type_description" type="java.lang.String"/>
<attribute name="bao_format" type="java.lang.String"/>
<attribute name="cell_chembl_id" type="java.lang.String"/>
<attribute name="confidence_description" type="java.lang.String"/>
<attribute name="confidence_score" type="java.lang.String"/>
<attribute name="description" type="java.lang.String"/>
<attribute name="document_chembl_id" type="java.lang.String"/>
<attribute name="relationship_description" type="java.lang.String"/>
<attribute name="relationship_type" type="java.lang.String"/>
<attribute name="src_assay_id" type="java.lang.String"/>
<attribute name="src_id" type="java.lang.String"/>
<attribute name="target_chembl_id" type="java.lang.String"/>
</outputs>
<conjunction>
<predicate type="equality" left="9" value="B"/>
<predicate type="equality" left="18" value="D"/>
</conjunction>
<child>
<operator type="ACCESS" relation="AssayLimited" access-method="chembl_assay_limited">
<outputs>
<attribute name="assay_category" type="java.lang.String"/>
<attribute name="assay_cell_type" type="java.lang.String"/>
<attribute name="assay_chembl_id" type="java.lang.String"/>
<attribute name="assay_organism" type="java.lang.String"/>
<attribute name="assay_strain" type="java.lang.String"/>
<attribute name="assay_subcellular_fraction" type="java.lang.String"/>
<attribute name="assay_tax_id" type="java.lang.String"/>
<attribute name="assay_test_type" type="java.lang.String"/>
<attribute name="assay_tissue" type="java.lang.String"/>
<attribute name="assay_type" type="java.lang.String"/>
<attribute name="assay_type_description" type="java.lang.String"/>
<attribute name="bao_format" type="java.lang.String"/>
<attribute name="cell_chembl_id" type="java.lang.String"/>
<attribute name="confidence_description" type="java.lang.String"/>
<attribute name="confidence_score" type="java.lang.String"/>
<attribute name="description" type="java.lang.String"/>
<attribute name="document_chembl_id" type="java.lang.String"/>
<attribute name="relationship_description" type="java.lang.String"/>
<attribute name="relationship_type" type="java.lang.String"/>
<attribute name="src_assay_id" type="java.lang.String"/>
<attribute name="src_id" type="java.lang.String"/>
<attribute name="target_chembl_id" type="java.lang.String"/>
</outputs>
</operator>
</child>
</operator>
</child>
</operator>
</children>
</operator>
<operator type="PROJECT">
<outputs>
<attribute name="c1" type="java.lang.String"/>
<attribute name="c2" type="java.lang.String"/>
<attribute name="c3" type="java.lang.String"/>
<attribute name="c4" type="java.lang.Boolean"/>
<attribute name="c5" type="java.lang.Integer"/>
<attribute name="c6" type="java.lang.String"/>
<attribute name="c7" type="java.lang.Integer"/>
<attribute name="c8" type="java.lang.String"/>
<attribute name="c9" type="java.lang.String"/>
<attribute name="c10" type="java.lang.Integer"/>
<attribute name="c11" type="java.lang.String"/>
<attribute name="c12" type="java.lang.String"/>
<attribute name="c13" type="java.lang.String"/>
<attribute name="c14" type="java.lang.String"/>
<attribute name="c15" type="java.lang.String"/>
<attribute name="c16" type="java.lang.Double"/>
<attribute name="c17" type="java.lang.Double"/>
<attribute name="c18" type="java.lang.Double"/>
<attribute name="c19" type="java.lang.Double"/>
<attribute name="c20" type="java.lang.Double"/>
<attribute name="c21" type="java.lang.Integer"/>
<attribute name="c22" type="java.lang.String"/>
<attribute name="c23" type="java.lang.Double"/>
<attribute name="c24" type="java.lang.Integer"/>
<attribute name="c25" type="java.lang.Integer"/>
<attribute name="c26" type="java.lang.Integer"/>
<attribute name="c27" type="java.lang.String"/>
<attribute name="c28" type="java.lang.String"/>
<attribute name="c29" type="java.lang.Double"/>
<attribute name="c30" type="java.lang.Double"/>
<attribute name="c31" type="java.lang.Integer"/>
<attribute name="c32" type="java.lang.Integer"/>
<attribute name="c33" type="java.lang.Double"/>
<attribute name="c34" type="java.lang.Double"/>
<attribute name="c35" type="java.lang.String"/>
<attribute name="c36" type="java.lang.Integer"/>
<attribute name="c37" type="java.lang.String"/>
<attribute name="c38" type="java.lang.String"/>
<attribute name="c39" type="java.lang.String"/>
<attribute name="c40" type="java.lang.String"/>
<attribute name="c41" type="java.lang.String"/>
<attribute name="c42" type="java.lang.String"/>
<attribute name="c43" type="java.lang.String"/>
<attribute name="c44" type="java.lang.String"/>
<attribute name="c45" type="java.lang.String"/>
<attribute name="c46" type="java.lang.String"/>
<attribute name="c47" type="java.lang.String"/>
<attribute name="c48" type="java.lang.String"/>
<attribute name="c49" type="java.lang.String"/>
<attribute name="c50" type="java.lang.String"/>
<attribute name="c51" type="java.lang.String"/>
<attribute name="c52" type="java.lang.String"/>
<attribute name="c53" type="java.lang.String"/>
<attribute name="c54" type="java.lang.String"/>
</outputs>
<project>
<attribute name="atc_classifications" type="java.lang.String"/>
<attribute name="availability_type" type="java.lang.String"/>
<attribute name="biocomponents" type="java.lang.String"/>
<attribute name="biotherapeutic" type="java.lang.Boolean"/>
<attribute name="black_box_warning" type="java.lang.Integer"/>
<attribute name="chebi_par_id" type="java.lang.String"/>
<attribute name="chirality" type="java.lang.Integer"/>
<attribute name="dosed_ingredient" type="java.lang.String"/>
<attribute name="first_approval" type="java.lang.String"/>
<attribute name="first_in_class" type="java.lang.Integer"/>
<attribute name="helm_notation" type="java.lang.String"/>
<attribute name="indication_class" type="java.lang.String"/>
<attribute name="inorganic_flag" type="java.lang.String"/>
<attribute name="molecule_chembl_id" type="java.lang.String"/>
<attribute name="parent_chembl_id" type="java.lang.String"/>
<attribute name="acd_logd" type="java.lang.Double"/>
<attribute name="acd_logp" type="java.lang.Double"/>
<attribute name="acd_most_apka" type="java.lang.Double"/>
<attribute name="acd_most_bpka" type="java.lang.Double"/>
<attribute name="alogp" type="java.lang.Double"/>
<attribute name="aromatic_rings" type="java.lang.Integer"/>
<attribute name="full_molformula" type="java.lang.String"/>
<attribute name="full_mwt" type="java.lang.Double"/>
<attribute name="hba" type="java.lang.Integer"/>
<attribute name="hbd" type="java.lang.Integer"/>
<attribute name="heavy_atoms" type="java.lang.Integer"/>
<attribute name="med_chem_friendly" type="java.lang.String"/>
<attribute name="molecular_species" type="java.lang.String"/>
<attribute name="mw_freebase" type="java.lang.Double"/>
<attribute name="mw_monoisotopic" type="java.lang.Double"/>
<attribute name="num_alerts" type="java.lang.Integer"/>
<attribute name="num_ro5_violations" type="java.lang.Integer"/>
<attribute name="psa" type="java.lang.Double"/>
<attribute name="qed_weighted" type="java.lang.Double"/>
<attribute name="ro3_pass" type="java.lang.String"/>
<attribute name="rtb" type="java.lang.Integer"/>
<attribute name="canonical_smiles" type="java.lang.String"/>
<attribute name="standard_inchi" type="java.lang.String"/>
<attribute name="standard_inchi_key" type="java.lang.String"/>
<attribute name="molecule_synonyms" type="java.lang.String"/>
<attribute name="molecule_type" type="java.lang.String"/>
<attribute name="natural_product" type="java.lang.String"/>
<attribute name="oral" type="java.lang.String"/>
<attribute name="parenteral" type="java.lang.String"/>
<attribute name="polymer_flag" type="java.lang.String"/>
<attribute name="pref_name" type="java.lang.String"/>
<attribute name="prodrug" type="java.lang.String"/>
<attribute name="structure_type" type="java.lang.String"/>
<attribute name="therapeutic_flag" type="java.lang.String"/>
<attribute name="topical" type="java.lang.String"/>
<attribute name="usan_stem" type="java.lang.String"/>
<attribute name="usan_stem_definition" type="java.lang.String"/>
<attribute name="usan_substem" type="java.lang.String"/>
<attribute name="usan_year" type="java.lang.String"/>
</project>
<child>
<operator type="SELECT">
<outputs>
<attribute name="atc_classifications" type="java.lang.String"/>
<attribute name="availability_type" type="java.lang.String"/>
<attribute name="biocomponents" type="java.lang.String"/>
<attribute name="biotherapeutic" type="java.lang.Boolean"/>
<attribute name="black_box_warning" type="java.lang.Integer"/>
<attribute name="chebi_par_id" type="java.lang.String"/>
<attribute name="chirality" type="java.lang.Integer"/>
<attribute name="dosed_ingredient" type="java.lang.String"/>
<attribute name="first_approval" type="java.lang.String"/>
<attribute name="first_in_class" type="java.lang.Integer"/>
<attribute name="helm_notation" type="java.lang.String"/>
<attribute name="indication_class" type="java.lang.String"/>
<attribute name="inorganic_flag" type="java.lang.String"/>
<attribute name="max_phase" type="java.lang.String"/>
<attribute name="molecule_chembl_id" type="java.lang.String"/>
<attribute name="parent_chembl_id" type="java.lang.String"/>
<attribute name="acd_logd" type="java.lang.Double"/>
<attribute name="acd_logp" type="java.lang.Double"/>
<attribute name="acd_most_apka" type="java.lang.Double"/>
<attribute name="acd_most_bpka" type="java.lang.Double"/>
<attribute name="alogp" type="java.lang.Double"/>
<attribute name="aromatic_rings" type="java.lang.Integer"/>
<attribute name="full_molformula" type="java.lang.String"/>
<attribute name="full_mwt" type="java.lang.Double"/>
<attribute name="hba" type="java.lang.Integer"/>
<attribute name="hbd" type="java.lang.Integer"/>
<attribute name="heavy_atoms" type="java.lang.Integer"/>
<attribute name="med_chem_friendly" type="java.lang.String"/>
<attribute name="molecular_species" type="java.lang.String"/>
<attribute name="mw_freebase" type="java.lang.Double"/>
<attribute name="mw_monoisotopic" type="java.lang.Double"/>
<attribute name="num_alerts" type="java.lang.Integer"/>
<attribute name="num_ro5_violations" type="java.lang.Integer"/>
<attribute name="psa" type="java.lang.Double"/>
<attribute name="qed_weighted" type="java.lang.Double"/>
<attribute name="ro3_pass" type="java.lang.String"/>
<attribute name="rtb" type="java.lang.Integer"/>
<attribute name="canonical_smiles" type="java.lang.String"/>
<attribute name="standard_inchi" type="java.lang.String"/>
<attribute name="standard_inchi_key" type="java.lang.String"/>
<attribute name="molecule_synonyms" type="java.lang.String"/>
<attribute name="molecule_type" type="java.lang.String"/>
<attribute name="natural_product" type="java.lang.String"/>
<attribute name="oral" type="java.lang.String"/>
<attribute name="parenteral" type="java.lang.String"/>
<attribute name="polymer_flag" type="java.lang.String"/>
<attribute name="pref_name" type="java.lang.String"/>
<attribute name="prodrug" type="java.lang.String"/>
<attribute name="structure_type" type="java.lang.String"/>
<attribute name="therapeutic_flag" type="java.lang.String"/>
<attribute name="topical" type="java.lang.String"/>
<attribute name="usan_stem" type="java.lang.String"/>
<attribute name="usan_stem_definition" type="java.lang.String"/>
<attribute name="usan_substem" type="java.lang.String"/>
<attribute name="usan_year" type="java.lang.String"/>
</outputs>
<conjunction>
<predicate type="equality" left="13" value="4"/>
</conjunction>
<child>
<operator type="ACCESS" relation="MoleculeLimited" access-method="chembl_molecule_limited">
<outputs>
<attribute name="atc_classifications" type="java.lang.String"/>
<attribute name="availability_type" type="java.lang.String"/>
<attribute name="biocomponents" type="java.lang.String"/>
<attribute name="biotherapeutic" type="java.lang.Boolean"/>
<attribute name="black_box_warning" type="java.lang.Integer"/>
<attribute name="chebi_par_id" type="java.lang.String"/>
<attribute name="chirality" type="java.lang.Integer"/>
<attribute name="dosed_ingredient" type="java.lang.String"/>
<attribute name="first_approval" type="java.lang.String"/>
<attribute name="first_in_class" type="java.lang.Integer"/>
<attribute name="helm_notation" type="java.lang.String"/>
<attribute name="indication_class" type="java.lang.String"/>
<attribute name="inorganic_flag" type="java.lang.String"/>
<attribute name="max_phase" type="java.lang.String"/>
<attribute name="molecule_chembl_id" type="java.lang.String"/>
<attribute name="parent_chembl_id" type="java.lang.String"/>
<attribute name="acd_logd" type="java.lang.Double"/>
<attribute name="acd_logp" type="java.lang.Double"/>
<attribute name="acd_most_apka" type="java.lang.Double"/>
<attribute name="acd_most_bpka" type="java.lang.Double"/>
<attribute name="alogp" type="java.lang.Double"/>
<attribute name="aromatic_rings" type="java.lang.Integer"/>
<attribute name="full_molformula" type="java.lang.String"/>
<attribute name="full_mwt" type="java.lang.Double"/>
<attribute name="hba" type="java.lang.Integer"/>
<attribute name="hbd" type="java.lang.Integer"/>
<attribute name="heavy_atoms" type="java.lang.Integer"/>
<attribute name="med_chem_friendly" type="java.lang.String"/>
<attribute name="molecular_species" type="java.lang.String"/>
<attribute name="mw_freebase" type="java.lang.Double"/>
<attribute name="mw_monoisotopic" type="java.lang.Double"/>
<attribute name="num_alerts" type="java.lang.Integer"/>
<attribute name="num_ro5_violations" type="java.lang.Integer"/>
<attribute name="psa" type="java.lang.Double"/>
<attribute name="qed_weighted" type="java.lang.Double"/>
<attribute name="ro3_pass" type="java.lang.String"/>
<attribute name="rtb" type="java.lang.Integer"/>
<attribute name="canonical_smiles" type="java.lang.String"/>
<attribute name="standard_inchi" type="java.lang.String"/>
<attribute name="standard_inchi_key" type="java.lang.String"/>
<attribute name="molecule_synonyms" type="java.lang.String"/>
<attribute name="molecule_type" type="java.lang.String"/>
<attribute name="natural_product" type="java.lang.String"/>
<attribute name="oral" type="java.lang.String"/>
<attribute name="parenteral" type="java.lang.String"/>
<attribute name="polymer_flag" type="java.lang.String"/>
<attribute name="pref_name" type="java.lang.String"/>
<attribute name="prodrug" type="java.lang.String"/>
<attribute name="structure_type" type="java.lang.String"/>
<attribute name="therapeutic_flag" type="java.lang.String"/>
<attribute name="topical" type="java.lang.String"/>
<attribute name="usan_stem" type="java.lang.String"/>
<attribute name="usan_stem_definition" type="java.lang.String"/>
<attribute name="usan_substem" type="java.lang.String"/>
<attribute name="usan_year" type="java.lang.String"/>
</outputs>
</operator>
</child>
</operator>
</child>
</operator>
</children>
</operator>
</child>
</operator>
</plan>
