<?xml version="1.0" encoding="UTF-8"?>
<query type="conjunctive">
	<body>
		<atom name="R">
			<variable name="x1" />
		</atom>
		<atom name="S">
			<variable name="x1" />
		</atom>
		<atom name="R">
			<variable name="x2" />
		</atom>
		<atom name="T">
			<variable name="x2" />
		</atom>
		<atom name="W">
			<variable name="x1" />
			<variable name="x3" />
		</atom>
		<atom name="W">
			<variable name="x2" />
			<variable name="x3" />
		</atom>
	</body>
	<head name="Q">
	</head>
</query>
