<?xml version="1.0" encoding="UTF-8"?>
<plan type="linear" cost="7.0" control-flow="BOTTOM_UP">
<command name="T1">
<operator type="PROJECT">
<outputs>
<attribute name="c5142" type="java.lang.Integer"/>
</outputs>
<project>
<attribute name="c5142" type="java.lang.Integer"/>
</project>
<child>
<operator type="PROJECT">
<outputs>
<attribute name="c5142" type="java.lang.Integer"/>
<attribute name="c5143" type="java.lang.String"/>
<attribute name="c5144" type="java.lang.String"/>
<attribute name="c5145" type="java.lang.String"/>
<attribute name="c5146" type="java.lang.String"/>
<attribute name="c5147" type="java.lang.Integer"/>
<attribute name="c5148" type="java.lang.String"/>
<attribute name="c5149" type="java.math.BigDecimal"/>
<attribute name="c5150" type="java.lang.String"/>
</outputs>
<project>
<attribute name="p_partkey" type="java.lang.Integer"/>
<attribute name="p_name" type="java.lang.String"/>
<attribute name="p_mfgr" type="java.lang.String"/>
<attribute name="p_brand" type="java.lang.String"/>
<attribute name="p_type" type="java.lang.String"/>
<attribute name="p_size" type="java.lang.Integer"/>
<attribute name="p_container" type="java.lang.String"/>
<attribute name="p_retailprice" type="java.math.BigDecimal"/>
<attribute name="p_comment" type="java.lang.String"/>
</project>
<child>
<operator type="ACCESS" relation="part" access-method="m4">
<outputs>
<attribute name="p_partkey" type="java.lang.Integer"/>
<attribute name="p_name" type="java.lang.String"/>
<attribute name="p_mfgr" type="java.lang.String"/>
<attribute name="p_brand" type="java.lang.String"/>
<attribute name="p_type" type="java.lang.String"/>
<attribute name="p_size" type="java.lang.Integer"/>
<attribute name="p_container" type="java.lang.String"/>
<attribute name="p_retailprice" type="java.math.BigDecimal"/>
<attribute name="p_comment" type="java.lang.String"/>
</outputs>
</operator>
</child>
</operator>
</child>
</operator>
</command>
</plan>
