<?xml version="1.0" encoding="UTF-8"?>
<plan type="dag" cost="76.75" control-flow="BOTTOM_UP">
<operator type="PROJECT">
<outputs>
<attribute name="c3174" type="java.lang.String"/>
<attribute name="c3176" type="java.lang.Integer"/>
<attribute name="c3179" type="java.lang.String"/>
</outputs>
<project>
<attribute name="c3174" type="java.lang.String"/>
<attribute name="c3176" type="java.lang.Integer"/>
<attribute name="c3179" type="java.lang.String"/>
</project>
<child>
<operator type="JOIN" variant="SYMMETRIC_HASH">
<outputs>
<attribute name="c3167" type="java.lang.Integer"/>
<attribute name="c3172" type="java.lang.String"/>
<attribute name="c3173" type="java.lang.String"/>
<attribute name="c3174" type="java.lang.String"/>
<attribute name="c3175" type="java.lang.String"/>
<attribute name="c3176" type="java.lang.Integer"/>
<attribute name="c3177" type="java.lang.String"/>
<attribute name="c3178" type="java.math.BigDecimal"/>
<attribute name="c3179" type="java.lang.String"/>
<attribute name="c3167" type="java.lang.Integer"/>
<attribute name="c3168" type="java.lang.Integer"/>
<attribute name="c3169" type="java.lang.Integer"/>
<attribute name="c3170" type="java.math.BigDecimal"/>
<attribute name="c3171" type="java.lang.String"/>
</outputs>
<conjunction>
<predicate type="equality" left="0" right="9"/>
</conjunction>
<children>
<operator type="PROJECT">
<outputs>
<attribute name="c3167" type="java.lang.Integer"/>
<attribute name="c3172" type="java.lang.String"/>
<attribute name="c3173" type="java.lang.String"/>
<attribute name="c3174" type="java.lang.String"/>
<attribute name="c3175" type="java.lang.String"/>
<attribute name="c3176" type="java.lang.Integer"/>
<attribute name="c3177" type="java.lang.String"/>
<attribute name="c3178" type="java.math.BigDecimal"/>
<attribute name="c3179" type="java.lang.String"/>
</outputs>
<project>
<attribute name="p_partkey" type="java.lang.Integer"/>
<attribute name="p_name" type="java.lang.String"/>
<attribute name="p_mfgr" type="java.lang.String"/>
<attribute name="p_brand" type="java.lang.String"/>
<attribute name="p_type" type="java.lang.String"/>
<attribute name="p_size" type="java.lang.Integer"/>
<attribute name="p_container" type="java.lang.String"/>
<attribute name="p_retailprice" type="java.math.BigDecimal"/>
<attribute name="p_comment" type="java.lang.String"/>
</project>
<child>
<operator type="ACCESS" relation="part" access-method="m4">
<outputs>
<attribute name="p_partkey" type="java.lang.Integer"/>
<attribute name="p_name" type="java.lang.String"/>
<attribute name="p_mfgr" type="java.lang.String"/>
<attribute name="p_brand" type="java.lang.String"/>
<attribute name="p_type" type="java.lang.String"/>
<attribute name="p_size" type="java.lang.Integer"/>
<attribute name="p_container" type="java.lang.String"/>
<attribute name="p_retailprice" type="java.math.BigDecimal"/>
<attribute name="p_comment" type="java.lang.String"/>
</outputs>
</operator>
</child>
</operator>
<operator type="PROJECT">
<outputs>
<attribute name="c3167" type="java.lang.Integer"/>
<attribute name="c3168" type="java.lang.Integer"/>
<attribute name="c3169" type="java.lang.Integer"/>
<attribute name="c3170" type="java.math.BigDecimal"/>
<attribute name="c3171" type="java.lang.String"/>
</outputs>
<project>
<attribute name="ps_partkey" type="java.lang.Integer"/>
<attribute name="ps_suppkey" type="java.lang.Integer"/>
<attribute name="ps_availqty" type="java.lang.Integer"/>
<attribute name="ps_supplycost" type="java.math.BigDecimal"/>
<attribute name="ps_comment" type="java.lang.String"/>
</project>
<child>
<operator type="ACCESS" relation="partsupp" access-method="m8">
<outputs>
<attribute name="ps_partkey" type="java.lang.Integer"/>
<attribute name="ps_suppkey" type="java.lang.Integer"/>
<attribute name="ps_availqty" type="java.lang.Integer"/>
<attribute name="ps_supplycost" type="java.math.BigDecimal"/>
<attribute name="ps_comment" type="java.lang.String"/>
</outputs>
</operator>
</child>
</operator>
</children>
</operator>
</child>
</operator>
</plan>
