<?xml version="1.0" encoding="UTF-8"?>
<plan type="dag" cost="1180.3833666666667" control-flow="TOP_DOWN">
<operator type="DEPENDENT_JOIN" param="1">
<outputs>
<attribute name="c2554" type="java.lang.String"/>
<attribute name="c2520" type="java.lang.String"/>
<attribute name="c2520" type="java.lang.String"/>
<attribute name="c2557" type="java.lang.String"/>
<attribute name="c2558" type="java.lang.String"/>
<attribute name="c2538" type="java.lang.String"/>
<attribute name="c2559" type="java.lang.String"/>
<attribute name="c2560" type="java.lang.String"/>
<attribute name="c2561" type="java.lang.String"/>
<attribute name="c2517" type="java.lang.String"/>
<attribute name="c2518" type="java.lang.String"/>
<attribute name="c2519" type="java.lang.String"/>
<attribute name="c2520" type="java.lang.String"/>
<attribute name="c2521" type="java.lang.String"/>
<attribute name="c2522" type="java.lang.String"/>
<attribute name="c2523" type="java.lang.String"/>
<attribute name="c2524" type="java.lang.String"/>
<attribute name="c2525" type="java.lang.String"/>
<attribute name="c2526" type="java.lang.String"/>
<attribute name="c2527" type="java.lang.String"/>
<attribute name="c2528" type="java.lang.String"/>
<attribute name="c2529" type="java.lang.String"/>
<attribute name="c2530" type="java.lang.String"/>
<attribute name="c2531" type="java.lang.String"/>
<attribute name="c2532" type="java.lang.String"/>
<attribute name="c2533" type="java.lang.String"/>
<attribute name="c2534" type="java.lang.String"/>
<attribute name="c2535" type="java.lang.String"/>
<attribute name="c2536" type="java.lang.String"/>
<attribute name="c2537" type="java.lang.String"/>
<attribute name="c2538" type="java.lang.String"/>
<attribute name="c2539" type="java.lang.String"/>
<attribute name="c2533" type="java.lang.String"/>
<attribute name="c2540" type="java.lang.String"/>
<attribute name="c2541" type="java.lang.String"/>
<attribute name="c2542" type="java.lang.String"/>
<attribute name="c2543" type="java.lang.String"/>
<attribute name="c2544" type="java.lang.String"/>
<attribute name="c2545" type="java.lang.String"/>
<attribute name="c2546" type="java.lang.String"/>
<attribute name="c2547" type="java.lang.String"/>
<attribute name="c2548" type="java.lang.Integer"/>
<attribute name="c2549" type="java.lang.String"/>
<attribute name="c2550" type="java.lang.String"/>
<attribute name="c2551" type="java.lang.String"/>
<attribute name="c2552" type="java.lang.Boolean"/>
<attribute name="c2553" type="java.lang.Boolean"/>
<attribute name="c2554" type="java.lang.String"/>
<attribute name="c2520" type="java.lang.String"/>
<attribute name="c2555" type="java.lang.String"/>
<attribute name="c2556" type="java.lang.Boolean"/>
</outputs>
<children>
<operator type="DEPENDENT_JOIN" param="25">
<outputs>
<attribute name="c2554" type="java.lang.String"/>
<attribute name="c2520" type="java.lang.String"/>
<attribute name="c2520" type="java.lang.String"/>
<attribute name="c2557" type="java.lang.String"/>
<attribute name="c2558" type="java.lang.String"/>
<attribute name="c2538" type="java.lang.String"/>
<attribute name="c2559" type="java.lang.String"/>
<attribute name="c2560" type="java.lang.String"/>
<attribute name="c2561" type="java.lang.String"/>
<attribute name="c2517" type="java.lang.String"/>
<attribute name="c2518" type="java.lang.String"/>
<attribute name="c2519" type="java.lang.String"/>
<attribute name="c2520" type="java.lang.String"/>
<attribute name="c2521" type="java.lang.String"/>
<attribute name="c2522" type="java.lang.String"/>
<attribute name="c2523" type="java.lang.String"/>
<attribute name="c2524" type="java.lang.String"/>
<attribute name="c2525" type="java.lang.String"/>
<attribute name="c2526" type="java.lang.String"/>
<attribute name="c2527" type="java.lang.String"/>
<attribute name="c2528" type="java.lang.String"/>
<attribute name="c2529" type="java.lang.String"/>
<attribute name="c2530" type="java.lang.String"/>
<attribute name="c2531" type="java.lang.String"/>
<attribute name="c2532" type="java.lang.String"/>
<attribute name="c2533" type="java.lang.String"/>
<attribute name="c2534" type="java.lang.String"/>
<attribute name="c2535" type="java.lang.String"/>
<attribute name="c2536" type="java.lang.String"/>
<attribute name="c2537" type="java.lang.String"/>
<attribute name="c2538" type="java.lang.String"/>
<attribute name="c2539" type="java.lang.String"/>
<attribute name="c2533" type="java.lang.String"/>
<attribute name="c2540" type="java.lang.String"/>
<attribute name="c2541" type="java.lang.String"/>
<attribute name="c2542" type="java.lang.String"/>
<attribute name="c2543" type="java.lang.String"/>
<attribute name="c2544" type="java.lang.String"/>
<attribute name="c2545" type="java.lang.String"/>
<attribute name="c2546" type="java.lang.String"/>
<attribute name="c2547" type="java.lang.String"/>
</outputs>
<children>
<operator type="DEPENDENT_JOIN" param="5">
<outputs>
<attribute name="c2554" type="java.lang.String"/>
<attribute name="c2520" type="java.lang.String"/>
<attribute name="c2520" type="java.lang.String"/>
<attribute name="c2557" type="java.lang.String"/>
<attribute name="c2558" type="java.lang.String"/>
<attribute name="c2538" type="java.lang.String"/>
<attribute name="c2559" type="java.lang.String"/>
<attribute name="c2560" type="java.lang.String"/>
<attribute name="c2561" type="java.lang.String"/>
<attribute name="c2517" type="java.lang.String"/>
<attribute name="c2518" type="java.lang.String"/>
<attribute name="c2519" type="java.lang.String"/>
<attribute name="c2520" type="java.lang.String"/>
<attribute name="c2521" type="java.lang.String"/>
<attribute name="c2522" type="java.lang.String"/>
<attribute name="c2523" type="java.lang.String"/>
<attribute name="c2524" type="java.lang.String"/>
<attribute name="c2525" type="java.lang.String"/>
<attribute name="c2526" type="java.lang.String"/>
<attribute name="c2527" type="java.lang.String"/>
<attribute name="c2528" type="java.lang.String"/>
<attribute name="c2529" type="java.lang.String"/>
<attribute name="c2530" type="java.lang.String"/>
<attribute name="c2531" type="java.lang.String"/>
<attribute name="c2532" type="java.lang.String"/>
<attribute name="c2533" type="java.lang.String"/>
<attribute name="c2534" type="java.lang.String"/>
<attribute name="c2535" type="java.lang.String"/>
<attribute name="c2536" type="java.lang.String"/>
<attribute name="c2537" type="java.lang.String"/>
<attribute name="c2538" type="java.lang.String"/>
</outputs>
<children>
<operator type="DEPENDENT_JOIN" param="1">
<outputs>
<attribute name="c2554" type="java.lang.String"/>
<attribute name="c2520" type="java.lang.String"/>
<attribute name="c2520" type="java.lang.String"/>
<attribute name="c2557" type="java.lang.String"/>
<attribute name="c2558" type="java.lang.String"/>
<attribute name="c2538" type="java.lang.String"/>
<attribute name="c2559" type="java.lang.String"/>
<attribute name="c2560" type="java.lang.String"/>
<attribute name="c2561" type="java.lang.String"/>
</outputs>
<children>
<operator type="PROJECT">
<outputs>
<attribute name="c2554" type="java.lang.String"/>
<attribute name="c2520" type="java.lang.String"/>
</outputs>
<project>
<attribute name="organismId" type="java.lang.String"/>
<attribute name="organism" type="java.lang.String"/>
</project>
<child>
<operator type="ACCESS" relation="OrganismFree" access-method="reactome_species_1">
<outputs>
<attribute name="organismId" type="java.lang.String"/>
<attribute name="organism" type="java.lang.String"/>
</outputs>
</operator>
</child>
</operator>
<operator type="PROJECT">
<outputs>
<attribute name="c2520" type="java.lang.String"/>
<attribute name="c2557" type="java.lang.String"/>
<attribute name="c2558" type="java.lang.String"/>
<attribute name="c2538" type="java.lang.String"/>
<attribute name="c2559" type="java.lang.String"/>
<attribute name="c2560" type="java.lang.String"/>
<attribute name="c2561" type="java.lang.String"/>
</outputs>
<project>
<attribute name="organism" type="java.lang.String"/>
<attribute name="pref_name" type="java.lang.String"/>
<attribute name="species_group_flag" type="java.lang.String"/>
<attribute name="target_chembl_id" type="java.lang.String"/>
<attribute name="target_component_accession" type="java.lang.String"/>
<attribute name="target_component_id" type="java.lang.String"/>
<attribute name="target_component_type" type="java.lang.String"/>
</project>
<child>
<operator type="SELECT">
<outputs>
<attribute name="organism" type="java.lang.String"/>
<attribute name="pref_name" type="java.lang.String"/>
<attribute name="species_group_flag" type="java.lang.String"/>
<attribute name="target_chembl_id" type="java.lang.String"/>
<attribute name="target_component_accession" type="java.lang.String"/>
<attribute name="target_component_id" type="java.lang.String"/>
<attribute name="target_component_type" type="java.lang.String"/>
<attribute name="target_type" type="java.lang.String"/>
</outputs>
<conjunction>
<predicate type="equality" left="7" value="SINGLE PROTEIN"/>
</conjunction>
<child>
<operator type="ACCESS" relation="TargetLimited" access-method="chembl_target_limited_1">
<outputs>
<attribute name="organism" type="java.lang.String"/>
<attribute name="pref_name" type="java.lang.String"/>
<attribute name="species_group_flag" type="java.lang.String"/>
<attribute name="target_chembl_id" type="java.lang.String"/>
<attribute name="target_component_accession" type="java.lang.String"/>
<attribute name="target_component_id" type="java.lang.String"/>
<attribute name="target_component_type" type="java.lang.String"/>
<attribute name="target_type" type="java.lang.String"/>
</outputs>
</operator>
</child>
</operator>
</child>
</operator>
</children>
</operator>
<operator type="PROJECT">
<outputs>
<attribute name="c2517" type="java.lang.String"/>
<attribute name="c2518" type="java.lang.String"/>
<attribute name="c2519" type="java.lang.String"/>
<attribute name="c2520" type="java.lang.String"/>
<attribute name="c2521" type="java.lang.String"/>
<attribute name="c2522" type="java.lang.String"/>
<attribute name="c2523" type="java.lang.String"/>
<attribute name="c2524" type="java.lang.String"/>
<attribute name="c2525" type="java.lang.String"/>
<attribute name="c2526" type="java.lang.String"/>
<attribute name="c2527" type="java.lang.String"/>
<attribute name="c2528" type="java.lang.String"/>
<attribute name="c2529" type="java.lang.String"/>
<attribute name="c2530" type="java.lang.String"/>
<attribute name="c2531" type="java.lang.String"/>
<attribute name="c2532" type="java.lang.String"/>
<attribute name="c2533" type="java.lang.String"/>
<attribute name="c2534" type="java.lang.String"/>
<attribute name="c2535" type="java.lang.String"/>
<attribute name="c2536" type="java.lang.String"/>
<attribute name="c2537" type="java.lang.String"/>
<attribute name="c2538" type="java.lang.String"/>
</outputs>
<project>
<attribute name="assay_category" type="java.lang.String"/>
<attribute name="assay_cell_type" type="java.lang.String"/>
<attribute name="assay_chembl_id" type="java.lang.String"/>
<attribute name="assay_organism" type="java.lang.String"/>
<attribute name="assay_strain" type="java.lang.String"/>
<attribute name="assay_subcellular_fraction" type="java.lang.String"/>
<attribute name="assay_tax_id" type="java.lang.String"/>
<attribute name="assay_test_type" type="java.lang.String"/>
<attribute name="assay_tissue" type="java.lang.String"/>
<attribute name="assay_type" type="java.lang.String"/>
<attribute name="assay_type_description" type="java.lang.String"/>
<attribute name="bao_format" type="java.lang.String"/>
<attribute name="cell_chembl_id" type="java.lang.String"/>
<attribute name="confidence_description" type="java.lang.String"/>
<attribute name="confidence_score" type="java.lang.String"/>
<attribute name="description" type="java.lang.String"/>
<attribute name="document_chembl_id" type="java.lang.String"/>
<attribute name="relationship_description" type="java.lang.String"/>
<attribute name="relationship_type" type="java.lang.String"/>
<attribute name="src_assay_id" type="java.lang.String"/>
<attribute name="src_id" type="java.lang.String"/>
<attribute name="target_chembl_id" type="java.lang.String"/>
</project>
<child>
<operator type="ACCESS" relation="AssayLimited" access-method="chembl_assay_limited_3">
<outputs>
<attribute name="assay_category" type="java.lang.String"/>
<attribute name="assay_cell_type" type="java.lang.String"/>
<attribute name="assay_chembl_id" type="java.lang.String"/>
<attribute name="assay_organism" type="java.lang.String"/>
<attribute name="assay_strain" type="java.lang.String"/>
<attribute name="assay_subcellular_fraction" type="java.lang.String"/>
<attribute name="assay_tax_id" type="java.lang.String"/>
<attribute name="assay_test_type" type="java.lang.String"/>
<attribute name="assay_tissue" type="java.lang.String"/>
<attribute name="assay_type" type="java.lang.String"/>
<attribute name="assay_type_description" type="java.lang.String"/>
<attribute name="bao_format" type="java.lang.String"/>
<attribute name="cell_chembl_id" type="java.lang.String"/>
<attribute name="confidence_description" type="java.lang.String"/>
<attribute name="confidence_score" type="java.lang.String"/>
<attribute name="description" type="java.lang.String"/>
<attribute name="document_chembl_id" type="java.lang.String"/>
<attribute name="relationship_description" type="java.lang.String"/>
<attribute name="relationship_type" type="java.lang.String"/>
<attribute name="src_assay_id" type="java.lang.String"/>
<attribute name="src_id" type="java.lang.String"/>
<attribute name="target_chembl_id" type="java.lang.String"/>
</outputs>
</operator>
</child>
</operator>
</children>
</operator>
<operator type="PROJECT">
<outputs>
<attribute name="c2539" type="java.lang.String"/>
<attribute name="c2533" type="java.lang.String"/>
<attribute name="c2540" type="java.lang.String"/>
<attribute name="c2541" type="java.lang.String"/>
<attribute name="c2542" type="java.lang.String"/>
<attribute name="c2543" type="java.lang.String"/>
<attribute name="c2544" type="java.lang.String"/>
<attribute name="c2545" type="java.lang.String"/>
<attribute name="c2546" type="java.lang.String"/>
<attribute name="c2547" type="java.lang.String"/>
</outputs>
<project>
<attribute name="authors" type="java.lang.String"/>
<attribute name="document_chembl_id" type="java.lang.String"/>
<attribute name="doi" type="java.lang.String"/>
<attribute name="first_page" type="java.lang.String"/>
<attribute name="issue" type="java.lang.String"/>
<attribute name="journal" type="java.lang.String"/>
<attribute name="last_page" type="java.lang.String"/>
<attribute name="pubmed_id" type="java.lang.String"/>
<attribute name="title" type="java.lang.String"/>
<attribute name="volume" type="java.lang.String"/>
</project>
<child>
<operator type="SELECT">
<outputs>
<attribute name="authors" type="java.lang.String"/>
<attribute name="doc_type" type="java.lang.String"/>
<attribute name="document_chembl_id" type="java.lang.String"/>
<attribute name="doi" type="java.lang.String"/>
<attribute name="first_page" type="java.lang.String"/>
<attribute name="issue" type="java.lang.String"/>
<attribute name="journal" type="java.lang.String"/>
<attribute name="last_page" type="java.lang.String"/>
<attribute name="pubmed_id" type="java.lang.String"/>
<attribute name="title" type="java.lang.String"/>
<attribute name="volume" type="java.lang.String"/>
<attribute name="year" type="java.lang.String"/>
</outputs>
<conjunction>
<predicate type="equality" left="1" value="PUBLICATION"/>
<predicate type="equality" left="11" value="2005"/>
</conjunction>
<child>
<operator type="ACCESS" relation="DocumentLimited" access-method="chembl_document_limited">
<outputs>
<attribute name="authors" type="java.lang.String"/>
<attribute name="doc_type" type="java.lang.String"/>
<attribute name="document_chembl_id" type="java.lang.String"/>
<attribute name="doi" type="java.lang.String"/>
<attribute name="first_page" type="java.lang.String"/>
<attribute name="issue" type="java.lang.String"/>
<attribute name="journal" type="java.lang.String"/>
<attribute name="last_page" type="java.lang.String"/>
<attribute name="pubmed_id" type="java.lang.String"/>
<attribute name="title" type="java.lang.String"/>
<attribute name="volume" type="java.lang.String"/>
<attribute name="year" type="java.lang.String"/>
</outputs>
</operator>
</child>
</operator>
</child>
</operator>
</children>
</operator>
<operator type="PROJECT">
<outputs>
<attribute name="c2548" type="java.lang.Integer"/>
<attribute name="c2549" type="java.lang.String"/>
<attribute name="c2550" type="java.lang.String"/>
<attribute name="c2551" type="java.lang.String"/>
<attribute name="c2552" type="java.lang.Boolean"/>
<attribute name="c2553" type="java.lang.Boolean"/>
<attribute name="c2554" type="java.lang.String"/>
<attribute name="c2520" type="java.lang.String"/>
<attribute name="c2555" type="java.lang.String"/>
<attribute name="c2556" type="java.lang.Boolean"/>
</outputs>
<project>
<attribute name="pathwayId" type="java.lang.Integer"/>
<attribute name="pathwayName" type="java.lang.String"/>
<attribute name="stableIdentifier" type="java.lang.String"/>
<attribute name="goBiologicalProcess" type="java.lang.String"/>
<attribute name="isInDisease" type="java.lang.Boolean"/>
<attribute name="isInferred" type="java.lang.Boolean"/>
<attribute name="organismId" type="java.lang.String"/>
<attribute name="organism" type="java.lang.String"/>
<attribute name="doi" type="java.lang.String"/>
<attribute name="hasDiagram" type="java.lang.Boolean"/>
</project>
<child>
<operator type="ACCESS" relation="PathwayBySpecies" access-method="reactome_pathway_1">
<outputs>
<attribute name="pathwayId" type="java.lang.Integer"/>
<attribute name="pathwayName" type="java.lang.String"/>
<attribute name="stableIdentifier" type="java.lang.String"/>
<attribute name="goBiologicalProcess" type="java.lang.String"/>
<attribute name="isInDisease" type="java.lang.Boolean"/>
<attribute name="isInferred" type="java.lang.Boolean"/>
<attribute name="organismId" type="java.lang.String"/>
<attribute name="organism" type="java.lang.String"/>
<attribute name="doi" type="java.lang.String"/>
<attribute name="hasDiagram" type="java.lang.Boolean"/>
</outputs>
</operator>
</child>
</operator>
</children>
</operator>
</plan>
