<?xml version="1.0" encoding="UTF-8"?>
<plan type="linear" cost="6225.0" control-flow="TOP_DOWN">
<command name="T1">
<operator type="PROJECT">
<outputs>
<attribute name="c6601" type="java.lang.Integer"/>
<attribute name="c6605" type="java.lang.String"/>
<attribute name="c6606" type="java.lang.String"/>
<attribute name="c6607" type="java.lang.Integer"/>
<attribute name="c6608" type="java.lang.String"/>
<attribute name="c6609" type="java.math.BigDecimal"/>
<attribute name="c6610" type="java.lang.String"/>
</outputs>
<project>
<attribute name="s_suppkey" type="java.lang.Integer"/>
<attribute name="s_name" type="java.lang.String"/>
<attribute name="s_address" type="java.lang.String"/>
<attribute name="s_nationkey" type="java.lang.Integer"/>
<attribute name="s_phone" type="java.lang.String"/>
<attribute name="s_acctbal" type="java.math.BigDecimal"/>
<attribute name="s_comment" type="java.lang.String"/>
</project>
<child>
<operator type="ACCESS" relation="supplier" access-method="m6">
<outputs>
<attribute name="s_suppkey" type="java.lang.Integer"/>
<attribute name="s_name" type="java.lang.String"/>
<attribute name="s_address" type="java.lang.String"/>
<attribute name="s_nationkey" type="java.lang.Integer"/>
<attribute name="s_phone" type="java.lang.String"/>
<attribute name="s_acctbal" type="java.math.BigDecimal"/>
<attribute name="s_comment" type="java.lang.String"/>
</outputs>
</operator>
</child>
</operator>
</command>
<command name="T2">
<operator type="JOIN" variant="SYMMETRIC_HASH">
<outputs>
<attribute name="c6601" type="java.lang.Integer"/>
<attribute name="c6605" type="java.lang.String"/>
<attribute name="c6606" type="java.lang.String"/>
<attribute name="c6607" type="java.lang.Integer"/>
<attribute name="c6608" type="java.lang.String"/>
<attribute name="c6609" type="java.math.BigDecimal"/>
<attribute name="c6610" type="java.lang.String"/>
<attribute name="c6607" type="java.lang.Integer"/>
<attribute name="c6611" type="java.lang.String"/>
<attribute name="c6612" type="java.lang.Integer"/>
<attribute name="c6613" type="java.lang.String"/>
</outputs>
<conjunction>
<predicate type="equality" left="3" right="7"/>
</conjunction>
<children>
<operator type="ALIAS" name="T1"/>
<operator type="PROJECT">
<outputs>
<attribute name="c6607" type="java.lang.Integer"/>
<attribute name="c6611" type="java.lang.String"/>
<attribute name="c6612" type="java.lang.Integer"/>
<attribute name="c6613" type="java.lang.String"/>
</outputs>
<project>
<attribute name="n_nationkey" type="java.lang.Integer"/>
<attribute name="n_name" type="java.lang.String"/>
<attribute name="n_regionkey" type="java.lang.Integer"/>
<attribute name="n_comment" type="java.lang.String"/>
</project>
<child>
<operator type="ACCESS" relation="nation" access-method="m10">
<outputs>
<attribute name="n_nationkey" type="java.lang.Integer"/>
<attribute name="n_name" type="java.lang.String"/>
<attribute name="n_regionkey" type="java.lang.Integer"/>
<attribute name="n_comment" type="java.lang.String"/>
</outputs>
</operator>
</child>
</operator>
</children>
</operator>
</command>
<command name="T3">
<operator type="JOIN" variant="SYMMETRIC_HASH">
<outputs>
<attribute name="c6601" type="java.lang.Integer"/>
<attribute name="c6605" type="java.lang.String"/>
<attribute name="c6606" type="java.lang.String"/>
<attribute name="c6607" type="java.lang.Integer"/>
<attribute name="c6608" type="java.lang.String"/>
<attribute name="c6609" type="java.math.BigDecimal"/>
<attribute name="c6610" type="java.lang.String"/>
<attribute name="c6607" type="java.lang.Integer"/>
<attribute name="c6611" type="java.lang.String"/>
<attribute name="c6612" type="java.lang.Integer"/>
<attribute name="c6613" type="java.lang.String"/>
<attribute name="c6612" type="java.lang.Integer"/>
<attribute name="c6614" type="java.lang.String"/>
<attribute name="c6615" type="java.lang.String"/>
</outputs>
<conjunction>
<predicate type="equality" left="9" right="11"/>
</conjunction>
<children>
<operator type="ALIAS" name="T2"/>
<operator type="PROJECT">
<outputs>
<attribute name="c6612" type="java.lang.Integer"/>
<attribute name="c6614" type="java.lang.String"/>
<attribute name="c6615" type="java.lang.String"/>
</outputs>
<project>
<attribute name="r_regionkey" type="java.lang.Integer"/>
<attribute name="r_name" type="java.lang.String"/>
<attribute name="r_comment" type="java.lang.String"/>
</project>
<child>
<operator type="ACCESS" relation="region" access-method="m12">
<outputs>
<attribute name="r_regionkey" type="java.lang.Integer"/>
<attribute name="r_name" type="java.lang.String"/>
<attribute name="r_comment" type="java.lang.String"/>
</outputs>
</operator>
</child>
</operator>
</children>
</operator>
</command>
<command name="T4">
<operator type="PROJECT">
<outputs>
<attribute name="c6614" type="java.lang.String"/>
<attribute name="c6603" type="java.math.BigDecimal"/>
<attribute name="c6610" type="java.lang.String"/>
<attribute name="c6604" type="java.lang.String"/>
</outputs>
<project>
<attribute name="c6614" type="java.lang.String"/>
<attribute name="c6603" type="java.math.BigDecimal"/>
<attribute name="c6610" type="java.lang.String"/>
<attribute name="c6604" type="java.lang.String"/>
</project>
<child>
<operator type="JOIN" variant="SYMMETRIC_HASH">
<outputs>
<attribute name="c6601" type="java.lang.Integer"/>
<attribute name="c6605" type="java.lang.String"/>
<attribute name="c6606" type="java.lang.String"/>
<attribute name="c6607" type="java.lang.Integer"/>
<attribute name="c6608" type="java.lang.String"/>
<attribute name="c6609" type="java.math.BigDecimal"/>
<attribute name="c6610" type="java.lang.String"/>
<attribute name="c6607" type="java.lang.Integer"/>
<attribute name="c6611" type="java.lang.String"/>
<attribute name="c6612" type="java.lang.Integer"/>
<attribute name="c6613" type="java.lang.String"/>
<attribute name="c6612" type="java.lang.Integer"/>
<attribute name="c6614" type="java.lang.String"/>
<attribute name="c6615" type="java.lang.String"/>
<attribute name="c6600" type="java.lang.Integer"/>
<attribute name="c6601" type="java.lang.Integer"/>
<attribute name="c6602" type="java.lang.Integer"/>
<attribute name="c6603" type="java.math.BigDecimal"/>
<attribute name="c6604" type="java.lang.String"/>
</outputs>
<conjunction>
<predicate type="equality" left="0" right="15"/>
</conjunction>
<children>
<operator type="ALIAS" name="T3"/>
<operator type="PROJECT">
<outputs>
<attribute name="c6600" type="java.lang.Integer"/>
<attribute name="c6601" type="java.lang.Integer"/>
<attribute name="c6602" type="java.lang.Integer"/>
<attribute name="c6603" type="java.math.BigDecimal"/>
<attribute name="c6604" type="java.lang.String"/>
</outputs>
<project>
<attribute name="ps_partkey" type="java.lang.Integer"/>
<attribute name="ps_suppkey" type="java.lang.Integer"/>
<attribute name="ps_availqty" type="java.lang.Integer"/>
<attribute name="ps_supplycost" type="java.math.BigDecimal"/>
<attribute name="ps_comment" type="java.lang.String"/>
</project>
<child>
<operator type="ACCESS" relation="partsupp" access-method="m8">
<outputs>
<attribute name="ps_partkey" type="java.lang.Integer"/>
<attribute name="ps_suppkey" type="java.lang.Integer"/>
<attribute name="ps_availqty" type="java.lang.Integer"/>
<attribute name="ps_supplycost" type="java.math.BigDecimal"/>
<attribute name="ps_comment" type="java.lang.String"/>
</outputs>
</operator>
</child>
</operator>
</children>
</operator>
</child>
</operator>
</command>
</plan>
