<?xml version="1.0" encoding="UTF-8"?>
<plan type="dag" cost="2703.9873666666667" control-flow="TOP_DOWN">
<operator type="PROJECT">
<outputs>
<attribute name="c5473" type="java.lang.String"/>
<attribute name="c5474" type="java.lang.String"/>
<attribute name="c5475" type="java.lang.String"/>
<attribute name="c5476" type="java.lang.String"/>
<attribute name="c5477" type="java.lang.String"/>
<attribute name="c5478" type="java.lang.String"/>
<attribute name="c5479" type="java.lang.String"/>
<attribute name="c5480" type="java.lang.String"/>
<attribute name="c5481" type="java.lang.String"/>
<attribute name="c5482" type="java.lang.String"/>
<attribute name="c5483" type="java.lang.String"/>
<attribute name="c5494" type="java.lang.Integer"/>
<attribute name="c5495" type="java.lang.String"/>
<attribute name="c5496" type="java.lang.String"/>
<attribute name="c5497" type="java.lang.String"/>
<attribute name="c5498" type="java.lang.Boolean"/>
<attribute name="c5499" type="java.lang.String"/>
<attribute name="c5476" type="java.lang.String"/>
<attribute name="c5500" type="java.lang.String"/>
<attribute name="c5501" type="java.lang.Boolean"/>
<attribute name="c5476" type="java.lang.String"/>
<attribute name="c5505" type="java.lang.String"/>
<attribute name="c5506" type="java.lang.String"/>
<attribute name="c5493" type="java.lang.String"/>
<attribute name="c5503" type="java.lang.String"/>
<attribute name="c5507" type="java.lang.String"/>
<attribute name="c5508" type="java.lang.String"/>
</outputs>
<project>
<attribute name="c5473" type="java.lang.String"/>
<attribute name="c5474" type="java.lang.String"/>
<attribute name="c5475" type="java.lang.String"/>
<attribute name="c5476" type="java.lang.String"/>
<attribute name="c5477" type="java.lang.String"/>
<attribute name="c5478" type="java.lang.String"/>
<attribute name="c5479" type="java.lang.String"/>
<attribute name="c5480" type="java.lang.String"/>
<attribute name="c5481" type="java.lang.String"/>
<attribute name="c5482" type="java.lang.String"/>
<attribute name="c5483" type="java.lang.String"/>
<attribute name="c5494" type="java.lang.Integer"/>
<attribute name="c5495" type="java.lang.String"/>
<attribute name="c5496" type="java.lang.String"/>
<attribute name="c5497" type="java.lang.String"/>
<attribute name="c5498" type="java.lang.Boolean"/>
<attribute name="c5499" type="java.lang.String"/>
<attribute name="c5476" type="java.lang.String"/>
<attribute name="c5500" type="java.lang.String"/>
<attribute name="c5501" type="java.lang.Boolean"/>
<attribute name="c5476" type="java.lang.String"/>
<attribute name="c5505" type="java.lang.String"/>
<attribute name="c5506" type="java.lang.String"/>
<attribute name="c5493" type="java.lang.String"/>
<attribute name="c5503" type="java.lang.String"/>
<attribute name="c5507" type="java.lang.String"/>
<attribute name="c5508" type="java.lang.String"/>
</project>
<child>
<operator type="DEPENDENT_JOIN" param="1">
<outputs>
<attribute name="c5499" type="java.lang.String"/>
<attribute name="c5476" type="java.lang.String"/>
<attribute name="c5494" type="java.lang.Integer"/>
<attribute name="c5495" type="java.lang.String"/>
<attribute name="c5496" type="java.lang.String"/>
<attribute name="c5497" type="java.lang.String"/>
<attribute name="c5498" type="java.lang.Boolean"/>
<attribute name="c5499" type="java.lang.String"/>
<attribute name="c5476" type="java.lang.String"/>
<attribute name="c5500" type="java.lang.String"/>
<attribute name="c5501" type="java.lang.Boolean"/>
<attribute name="c5476" type="java.lang.String"/>
<attribute name="c5505" type="java.lang.String"/>
<attribute name="c5506" type="java.lang.String"/>
<attribute name="c5493" type="java.lang.String"/>
<attribute name="c5503" type="java.lang.String"/>
<attribute name="c5507" type="java.lang.String"/>
<attribute name="c5508" type="java.lang.String"/>
<attribute name="c5473" type="java.lang.String"/>
<attribute name="c5474" type="java.lang.String"/>
<attribute name="c5475" type="java.lang.String"/>
<attribute name="c5476" type="java.lang.String"/>
<attribute name="c5477" type="java.lang.String"/>
<attribute name="c5478" type="java.lang.String"/>
<attribute name="c5479" type="java.lang.String"/>
<attribute name="c5480" type="java.lang.String"/>
<attribute name="c5481" type="java.lang.String"/>
<attribute name="c5482" type="java.lang.String"/>
<attribute name="c5483" type="java.lang.String"/>
<attribute name="c5484" type="java.lang.String"/>
<attribute name="c5485" type="java.lang.String"/>
<attribute name="c5486" type="java.lang.String"/>
<attribute name="c5487" type="java.lang.String"/>
<attribute name="c5488" type="java.lang.String"/>
<attribute name="c5489" type="java.lang.String"/>
<attribute name="c5490" type="java.lang.String"/>
<attribute name="c5491" type="java.lang.String"/>
<attribute name="c5492" type="java.lang.String"/>
<attribute name="c5493" type="java.lang.String"/>
<attribute name="c5502" type="java.lang.String"/>
<attribute name="c5503" type="java.lang.String"/>
<attribute name="c5504" type="java.lang.String"/>
<attribute name="c5476" type="java.lang.String"/>
</outputs>
<children>
<operator type="DEPENDENT_JOIN" param="14">
<outputs>
<attribute name="c5499" type="java.lang.String"/>
<attribute name="c5476" type="java.lang.String"/>
<attribute name="c5494" type="java.lang.Integer"/>
<attribute name="c5495" type="java.lang.String"/>
<attribute name="c5496" type="java.lang.String"/>
<attribute name="c5497" type="java.lang.String"/>
<attribute name="c5498" type="java.lang.Boolean"/>
<attribute name="c5499" type="java.lang.String"/>
<attribute name="c5476" type="java.lang.String"/>
<attribute name="c5500" type="java.lang.String"/>
<attribute name="c5501" type="java.lang.Boolean"/>
<attribute name="c5476" type="java.lang.String"/>
<attribute name="c5505" type="java.lang.String"/>
<attribute name="c5506" type="java.lang.String"/>
<attribute name="c5493" type="java.lang.String"/>
<attribute name="c5503" type="java.lang.String"/>
<attribute name="c5507" type="java.lang.String"/>
<attribute name="c5508" type="java.lang.String"/>
<attribute name="c5473" type="java.lang.String"/>
<attribute name="c5474" type="java.lang.String"/>
<attribute name="c5475" type="java.lang.String"/>
<attribute name="c5476" type="java.lang.String"/>
<attribute name="c5477" type="java.lang.String"/>
<attribute name="c5478" type="java.lang.String"/>
<attribute name="c5479" type="java.lang.String"/>
<attribute name="c5480" type="java.lang.String"/>
<attribute name="c5481" type="java.lang.String"/>
<attribute name="c5482" type="java.lang.String"/>
<attribute name="c5483" type="java.lang.String"/>
<attribute name="c5484" type="java.lang.String"/>
<attribute name="c5485" type="java.lang.String"/>
<attribute name="c5486" type="java.lang.String"/>
<attribute name="c5487" type="java.lang.String"/>
<attribute name="c5488" type="java.lang.String"/>
<attribute name="c5489" type="java.lang.String"/>
<attribute name="c5490" type="java.lang.String"/>
<attribute name="c5491" type="java.lang.String"/>
<attribute name="c5492" type="java.lang.String"/>
<attribute name="c5493" type="java.lang.String"/>
</outputs>
<children>
<operator type="DEPENDENT_JOIN" param="1">
<outputs>
<attribute name="c5499" type="java.lang.String"/>
<attribute name="c5476" type="java.lang.String"/>
<attribute name="c5494" type="java.lang.Integer"/>
<attribute name="c5495" type="java.lang.String"/>
<attribute name="c5496" type="java.lang.String"/>
<attribute name="c5497" type="java.lang.String"/>
<attribute name="c5498" type="java.lang.Boolean"/>
<attribute name="c5499" type="java.lang.String"/>
<attribute name="c5476" type="java.lang.String"/>
<attribute name="c5500" type="java.lang.String"/>
<attribute name="c5501" type="java.lang.Boolean"/>
<attribute name="c5476" type="java.lang.String"/>
<attribute name="c5505" type="java.lang.String"/>
<attribute name="c5506" type="java.lang.String"/>
<attribute name="c5493" type="java.lang.String"/>
<attribute name="c5503" type="java.lang.String"/>
<attribute name="c5507" type="java.lang.String"/>
<attribute name="c5508" type="java.lang.String"/>
</outputs>
<children>
<operator type="DEPENDENT_JOIN" param="1">
<outputs>
<attribute name="c5499" type="java.lang.String"/>
<attribute name="c5476" type="java.lang.String"/>
<attribute name="c5494" type="java.lang.Integer"/>
<attribute name="c5495" type="java.lang.String"/>
<attribute name="c5496" type="java.lang.String"/>
<attribute name="c5497" type="java.lang.String"/>
<attribute name="c5498" type="java.lang.Boolean"/>
<attribute name="c5499" type="java.lang.String"/>
<attribute name="c5476" type="java.lang.String"/>
<attribute name="c5500" type="java.lang.String"/>
<attribute name="c5501" type="java.lang.Boolean"/>
</outputs>
<children>
<operator type="PROJECT">
<outputs>
<attribute name="c5499" type="java.lang.String"/>
<attribute name="c5476" type="java.lang.String"/>
</outputs>
<project>
<attribute name="organismId" type="java.lang.String"/>
<attribute name="organism" type="java.lang.String"/>
</project>
<child>
<operator type="ACCESS" relation="OrganismFree" access-method="reactome_species_1">
<outputs>
<attribute name="organismId" type="java.lang.String"/>
<attribute name="organism" type="java.lang.String"/>
</outputs>
</operator>
</child>
</operator>
<operator type="PROJECT">
<outputs>
<attribute name="c5494" type="java.lang.Integer"/>
<attribute name="c5495" type="java.lang.String"/>
<attribute name="c5496" type="java.lang.String"/>
<attribute name="c5497" type="java.lang.String"/>
<attribute name="c5498" type="java.lang.Boolean"/>
<attribute name="c5499" type="java.lang.String"/>
<attribute name="c5476" type="java.lang.String"/>
<attribute name="c5500" type="java.lang.String"/>
<attribute name="c5501" type="java.lang.Boolean"/>
</outputs>
<project>
<attribute name="pathwayId" type="java.lang.Integer"/>
<attribute name="pathwayName" type="java.lang.String"/>
<attribute name="stableIdentifier" type="java.lang.String"/>
<attribute name="goBiologicalProcess" type="java.lang.String"/>
<attribute name="isInferred" type="java.lang.Boolean"/>
<attribute name="organismId" type="java.lang.String"/>
<attribute name="organism" type="java.lang.String"/>
<attribute name="doi" type="java.lang.String"/>
<attribute name="hasDiagram" type="java.lang.Boolean"/>
</project>
<child>
<operator type="SELECT">
<outputs>
<attribute name="pathwayId" type="java.lang.Integer"/>
<attribute name="pathwayName" type="java.lang.String"/>
<attribute name="stableIdentifier" type="java.lang.String"/>
<attribute name="goBiologicalProcess" type="java.lang.String"/>
<attribute name="isInDisease" type="java.lang.Boolean"/>
<attribute name="isInferred" type="java.lang.Boolean"/>
<attribute name="organismId" type="java.lang.String"/>
<attribute name="organism" type="java.lang.String"/>
<attribute name="doi" type="java.lang.String"/>
<attribute name="hasDiagram" type="java.lang.Boolean"/>
</outputs>
<conjunction>
<predicate type="equality" left="4" value="false"/>
</conjunction>
<child>
<operator type="ACCESS" relation="PathwayBySpecies" access-method="reactome_pathway_1">
<outputs>
<attribute name="pathwayId" type="java.lang.Integer"/>
<attribute name="pathwayName" type="java.lang.String"/>
<attribute name="stableIdentifier" type="java.lang.String"/>
<attribute name="goBiologicalProcess" type="java.lang.String"/>
<attribute name="isInDisease" type="java.lang.Boolean"/>
<attribute name="isInferred" type="java.lang.Boolean"/>
<attribute name="organismId" type="java.lang.String"/>
<attribute name="organism" type="java.lang.String"/>
<attribute name="doi" type="java.lang.String"/>
<attribute name="hasDiagram" type="java.lang.Boolean"/>
</outputs>
</operator>
</child>
</operator>
</child>
</operator>
</children>
</operator>
<operator type="PROJECT">
<outputs>
<attribute name="c5476" type="java.lang.String"/>
<attribute name="c5505" type="java.lang.String"/>
<attribute name="c5506" type="java.lang.String"/>
<attribute name="c5493" type="java.lang.String"/>
<attribute name="c5503" type="java.lang.String"/>
<attribute name="c5507" type="java.lang.String"/>
<attribute name="c5508" type="java.lang.String"/>
</outputs>
<project>
<attribute name="organism" type="java.lang.String"/>
<attribute name="pref_name" type="java.lang.String"/>
<attribute name="species_group_flag" type="java.lang.String"/>
<attribute name="target_chembl_id" type="java.lang.String"/>
<attribute name="target_component_accession" type="java.lang.String"/>
<attribute name="target_component_id" type="java.lang.String"/>
<attribute name="target_component_type" type="java.lang.String"/>
</project>
<child>
<operator type="SELECT">
<outputs>
<attribute name="organism" type="java.lang.String"/>
<attribute name="pref_name" type="java.lang.String"/>
<attribute name="species_group_flag" type="java.lang.String"/>
<attribute name="target_chembl_id" type="java.lang.String"/>
<attribute name="target_component_accession" type="java.lang.String"/>
<attribute name="target_component_id" type="java.lang.String"/>
<attribute name="target_component_type" type="java.lang.String"/>
<attribute name="target_type" type="java.lang.String"/>
</outputs>
<conjunction>
<predicate type="equality" left="7" value="SINGLE PROTEIN"/>
</conjunction>
<child>
<operator type="ACCESS" relation="TargetLimited" access-method="chembl_target_limited_1">
<outputs>
<attribute name="organism" type="java.lang.String"/>
<attribute name="pref_name" type="java.lang.String"/>
<attribute name="species_group_flag" type="java.lang.String"/>
<attribute name="target_chembl_id" type="java.lang.String"/>
<attribute name="target_component_accession" type="java.lang.String"/>
<attribute name="target_component_id" type="java.lang.String"/>
<attribute name="target_component_type" type="java.lang.String"/>
<attribute name="target_type" type="java.lang.String"/>
</outputs>
</operator>
</child>
</operator>
</child>
</operator>
</children>
</operator>
<operator type="PROJECT">
<outputs>
<attribute name="c5473" type="java.lang.String"/>
<attribute name="c5474" type="java.lang.String"/>
<attribute name="c5475" type="java.lang.String"/>
<attribute name="c5476" type="java.lang.String"/>
<attribute name="c5477" type="java.lang.String"/>
<attribute name="c5478" type="java.lang.String"/>
<attribute name="c5479" type="java.lang.String"/>
<attribute name="c5480" type="java.lang.String"/>
<attribute name="c5481" type="java.lang.String"/>
<attribute name="c5482" type="java.lang.String"/>
<attribute name="c5483" type="java.lang.String"/>
<attribute name="c5484" type="java.lang.String"/>
<attribute name="c5485" type="java.lang.String"/>
<attribute name="c5486" type="java.lang.String"/>
<attribute name="c5487" type="java.lang.String"/>
<attribute name="c5488" type="java.lang.String"/>
<attribute name="c5489" type="java.lang.String"/>
<attribute name="c5490" type="java.lang.String"/>
<attribute name="c5491" type="java.lang.String"/>
<attribute name="c5492" type="java.lang.String"/>
<attribute name="c5493" type="java.lang.String"/>
</outputs>
<project>
<attribute name="assay_category" type="java.lang.String"/>
<attribute name="assay_cell_type" type="java.lang.String"/>
<attribute name="assay_chembl_id" type="java.lang.String"/>
<attribute name="assay_organism" type="java.lang.String"/>
<attribute name="assay_strain" type="java.lang.String"/>
<attribute name="assay_subcellular_fraction" type="java.lang.String"/>
<attribute name="assay_tax_id" type="java.lang.String"/>
<attribute name="assay_test_type" type="java.lang.String"/>
<attribute name="assay_tissue" type="java.lang.String"/>
<attribute name="assay_type" type="java.lang.String"/>
<attribute name="assay_type_description" type="java.lang.String"/>
<attribute name="bao_format" type="java.lang.String"/>
<attribute name="cell_chembl_id" type="java.lang.String"/>
<attribute name="confidence_description" type="java.lang.String"/>
<attribute name="confidence_score" type="java.lang.String"/>
<attribute name="description" type="java.lang.String"/>
<attribute name="document_chembl_id" type="java.lang.String"/>
<attribute name="relationship_description" type="java.lang.String"/>
<attribute name="src_assay_id" type="java.lang.String"/>
<attribute name="src_id" type="java.lang.String"/>
<attribute name="target_chembl_id" type="java.lang.String"/>
</project>
<child>
<operator type="SELECT">
<outputs>
<attribute name="assay_category" type="java.lang.String"/>
<attribute name="assay_cell_type" type="java.lang.String"/>
<attribute name="assay_chembl_id" type="java.lang.String"/>
<attribute name="assay_organism" type="java.lang.String"/>
<attribute name="assay_strain" type="java.lang.String"/>
<attribute name="assay_subcellular_fraction" type="java.lang.String"/>
<attribute name="assay_tax_id" type="java.lang.String"/>
<attribute name="assay_test_type" type="java.lang.String"/>
<attribute name="assay_tissue" type="java.lang.String"/>
<attribute name="assay_type" type="java.lang.String"/>
<attribute name="assay_type_description" type="java.lang.String"/>
<attribute name="bao_format" type="java.lang.String"/>
<attribute name="cell_chembl_id" type="java.lang.String"/>
<attribute name="confidence_description" type="java.lang.String"/>
<attribute name="confidence_score" type="java.lang.String"/>
<attribute name="description" type="java.lang.String"/>
<attribute name="document_chembl_id" type="java.lang.String"/>
<attribute name="relationship_description" type="java.lang.String"/>
<attribute name="relationship_type" type="java.lang.String"/>
<attribute name="src_assay_id" type="java.lang.String"/>
<attribute name="src_id" type="java.lang.String"/>
<attribute name="target_chembl_id" type="java.lang.String"/>
</outputs>
<conjunction>
<predicate type="equality" left="18" value="H"/>
</conjunction>
<child>
<operator type="ACCESS" relation="AssayLimited" access-method="chembl_assay_limited_3">
<outputs>
<attribute name="assay_category" type="java.lang.String"/>
<attribute name="assay_cell_type" type="java.lang.String"/>
<attribute name="assay_chembl_id" type="java.lang.String"/>
<attribute name="assay_organism" type="java.lang.String"/>
<attribute name="assay_strain" type="java.lang.String"/>
<attribute name="assay_subcellular_fraction" type="java.lang.String"/>
<attribute name="assay_tax_id" type="java.lang.String"/>
<attribute name="assay_test_type" type="java.lang.String"/>
<attribute name="assay_tissue" type="java.lang.String"/>
<attribute name="assay_type" type="java.lang.String"/>
<attribute name="assay_type_description" type="java.lang.String"/>
<attribute name="bao_format" type="java.lang.String"/>
<attribute name="cell_chembl_id" type="java.lang.String"/>
<attribute name="confidence_description" type="java.lang.String"/>
<attribute name="confidence_score" type="java.lang.String"/>
<attribute name="description" type="java.lang.String"/>
<attribute name="document_chembl_id" type="java.lang.String"/>
<attribute name="relationship_description" type="java.lang.String"/>
<attribute name="relationship_type" type="java.lang.String"/>
<attribute name="src_assay_id" type="java.lang.String"/>
<attribute name="src_id" type="java.lang.String"/>
<attribute name="target_chembl_id" type="java.lang.String"/>
</outputs>
</operator>
</child>
</operator>
</child>
</operator>
</children>
</operator>
<operator type="PROJECT">
<outputs>
<attribute name="c5502" type="java.lang.String"/>
<attribute name="c5503" type="java.lang.String"/>
<attribute name="c5504" type="java.lang.String"/>
<attribute name="c5476" type="java.lang.String"/>
</outputs>
<project>
<attribute name="input_id" type="java.lang.String"/>
<attribute name="id" type="java.lang.String"/>
<attribute name="entry_name" type="java.lang.String"/>
<attribute name="organism" type="java.lang.String"/>
</project>
<child>
<operator type="ACCESS" relation="ProteinLimited" access-method="uniprot_protein_2">
<outputs>
<attribute name="input_id" type="java.lang.String"/>
<attribute name="id" type="java.lang.String"/>
<attribute name="entry_name" type="java.lang.String"/>
<attribute name="organism" type="java.lang.String"/>
</outputs>
</operator>
</child>
</operator>
</children>
</operator>
</child>
</operator>
</plan>
