<?xml version="1.0" encoding="UTF-8"?>
<query name="Example 1" description="" type="conjunctive">
	<body>

		<atom name="Assay">
			<variable name="assay_category" />
			<variable name="assay_cell_type" />
			<variable name="assay_chembl_id" />
			<variable name="organism" />
			<variable name="assay_strain" />
			<variable name="assay_subcellular_fraction" />
			<variable name="assay_tax_id" />
			<variable name="assay_test_type" />
			<variable name="assay_tissue" />
			<variable name="assay_type" />
			<variable name="assay_type_description" />
			<variable name="bao_format" />
			<variable name="cell_chembl_id" />
			<variable name="confidence_description" />
			<variable name="confidence_score" />
			<variable name="description" />
			<variable name="document_chembl_id" />
			<variable name="relationship_description" />
			<constant value="H" />
			<variable name="src_assay_id" />
			<variable name="src_id" />
			<variable name="target_chembl_id" />
		</atom>

		<atom name="Pathway">
			<variable name="pathwayId" />
			<variable name="pathwayName" />
			<variable name="stableIdentifier" />
			<variable name="goBiologicalProcess" />
			<constant value="False" />
			<variable name="isInferred" />
			<variable name="organismId" />
			<variable name="organism" />
			<variable name="pdoi" />
			<variable name="hasDiagram" />
		</atom>

		<atom name="Protein">
			<variable />
			<variable name="target_component_accession" />
			<variable name="entry_name" />
			<variable name="organism" />
		</atom>

		<atom name="Target">
			<variable name="organism" />
			<variable name="pref_name" />
			<variable name="species_group_flag" />
			<variable name="target_chembl_id" />
			<variable name="target_component_accession" />
			<variable name="target_component_id" />
			<variable name="target_component_type" />
			<constant value="SINGLE PROTEIN" />
		</atom>

	</body>
	<head name="Q">

		<variable name="assay_category" />
		<variable name="assay_cell_type" />
		<variable name="assay_chembl_id" />
		<variable name="organism" />
		<variable name="assay_strain" />
		<variable name="assay_subcellular_fraction" />
		<variable name="assay_tax_id" />
		<variable name="assay_test_type" />
		<variable name="assay_tissue" />
		<variable name="assay_type" />
		<variable name="assay_type_description" />

		<variable name="pathwayId" />
		<variable name="pathwayName" />
		<variable name="stableIdentifier" />
		<variable name="goBiologicalProcess" />

		<variable name="isInferred" />
		<variable name="organismId" />
		<variable name="organism" />
		<variable name="pdoi" />
		<variable name="hasDiagram" />

		<variable name="organism" />
		<variable name="pref_name" />
		<variable name="species_group_flag" />
		<variable name="target_chembl_id" />
		<variable name="target_component_accession" />
		<variable name="target_component_id" />
		<variable name="target_component_type" />


	</head>

</query>
