<?xml version="1.0" encoding="UTF-8"?>
<plan type="linear" cost="62.1" control-flow="BOTTOM_UP">
<command name="T1">
<operator type="CROSS_PRODUCT">
<outputs>
<attribute name="c5347" type="java.lang.Integer"/>
<attribute name="k5354" type="java.lang.String"/>
<attribute name="k5355" type="java.lang.Integer"/>
<attribute name="k5356" type="java.lang.String"/>
<attribute name="c5336" type="java.lang.Integer"/>
<attribute name="c5340" type="java.lang.String"/>
<attribute name="c5341" type="java.lang.Integer"/>
<attribute name="c5342" type="java.lang.String"/>
</outputs>
<children>
<operator type="PROJECT">
<outputs>
<attribute name="c5347" type="java.lang.Integer"/>
<attribute name="k5354" type="java.lang.String"/>
<attribute name="k5355" type="java.lang.Integer"/>
<attribute name="k5356" type="java.lang.String"/>
</outputs>
<project>
<attribute name="n_nationkey" type="java.lang.Integer"/>
<attribute name="n_name" type="java.lang.String"/>
<attribute name="n_regionkey" type="java.lang.Integer"/>
<attribute name="n_comment" type="java.lang.String"/>
</project>
<child>
<operator type="ACCESS" relation="nation" access-method="m10">
<outputs>
<attribute name="n_nationkey" type="java.lang.Integer"/>
<attribute name="n_name" type="java.lang.String"/>
<attribute name="n_regionkey" type="java.lang.Integer"/>
<attribute name="n_comment" type="java.lang.String"/>
</outputs>
</operator>
</child>
</operator>
<operator type="PROJECT">
<outputs>
<attribute name="c5336" type="java.lang.Integer"/>
<attribute name="c5340" type="java.lang.String"/>
<attribute name="c5341" type="java.lang.Integer"/>
<attribute name="c5342" type="java.lang.String"/>
</outputs>
<project>
<attribute name="n_nationkey" type="java.lang.Integer"/>
<attribute name="n_name" type="java.lang.String"/>
<attribute name="n_regionkey" type="java.lang.Integer"/>
<attribute name="n_comment" type="java.lang.String"/>
</project>
<child>
<operator type="ACCESS" relation="nation" access-method="m10">
<outputs>
<attribute name="n_nationkey" type="java.lang.Integer"/>
<attribute name="n_name" type="java.lang.String"/>
<attribute name="n_regionkey" type="java.lang.Integer"/>
<attribute name="n_comment" type="java.lang.String"/>
</outputs>
</operator>
</child>
</operator>
</children>
</operator>
</command>
<command name="T2">
<operator type="JOIN" variant="SYMMETRIC_HASH">
<outputs>
<attribute name="c5347" type="java.lang.Integer"/>
<attribute name="k5354" type="java.lang.String"/>
<attribute name="k5355" type="java.lang.Integer"/>
<attribute name="k5356" type="java.lang.String"/>
<attribute name="c5336" type="java.lang.Integer"/>
<attribute name="c5340" type="java.lang.String"/>
<attribute name="c5341" type="java.lang.Integer"/>
<attribute name="c5342" type="java.lang.String"/>
<attribute name="c5341" type="java.lang.Integer"/>
<attribute name="c5343" type="java.lang.String"/>
<attribute name="c5344" type="java.lang.String"/>
<attribute name="k5355" type="java.lang.Integer"/>
<attribute name="k5373" type="java.lang.String"/>
<attribute name="k5374" type="java.lang.String"/>
</outputs>
<conjunction>
<predicate type="equality" left="2" right="11"/>
<predicate type="equality" left="6" right="8"/>
</conjunction>
<children>
<operator type="ALIAS" name="T1"/>
<operator type="CROSS_PRODUCT">
<outputs>
<attribute name="c5341" type="java.lang.Integer"/>
<attribute name="c5343" type="java.lang.String"/>
<attribute name="c5344" type="java.lang.String"/>
<attribute name="k5355" type="java.lang.Integer"/>
<attribute name="k5373" type="java.lang.String"/>
<attribute name="k5374" type="java.lang.String"/>
</outputs>
<children>
<operator type="PROJECT">
<outputs>
<attribute name="c5341" type="java.lang.Integer"/>
<attribute name="c5343" type="java.lang.String"/>
<attribute name="c5344" type="java.lang.String"/>
</outputs>
<project>
<attribute name="r_regionkey" type="java.lang.Integer"/>
<attribute name="r_name" type="java.lang.String"/>
<attribute name="r_comment" type="java.lang.String"/>
</project>
<child>
<operator type="ACCESS" relation="region" access-method="m12">
<outputs>
<attribute name="r_regionkey" type="java.lang.Integer"/>
<attribute name="r_name" type="java.lang.String"/>
<attribute name="r_comment" type="java.lang.String"/>
</outputs>
</operator>
</child>
</operator>
<operator type="PROJECT">
<outputs>
<attribute name="k5355" type="java.lang.Integer"/>
<attribute name="k5373" type="java.lang.String"/>
<attribute name="k5374" type="java.lang.String"/>
</outputs>
<project>
<attribute name="r_regionkey" type="java.lang.Integer"/>
<attribute name="r_name" type="java.lang.String"/>
<attribute name="r_comment" type="java.lang.String"/>
</project>
<child>
<operator type="ACCESS" relation="region" access-method="m12">
<outputs>
<attribute name="r_regionkey" type="java.lang.Integer"/>
<attribute name="r_name" type="java.lang.String"/>
<attribute name="r_comment" type="java.lang.String"/>
</outputs>
</operator>
</child>
</operator>
</children>
</operator>
</children>
</operator>
</command>
<command name="T3">
<operator type="JOIN" variant="SYMMETRIC_HASH">
<outputs>
<attribute name="c5347" type="java.lang.Integer"/>
<attribute name="k5354" type="java.lang.String"/>
<attribute name="k5355" type="java.lang.Integer"/>
<attribute name="k5356" type="java.lang.String"/>
<attribute name="c5336" type="java.lang.Integer"/>
<attribute name="c5340" type="java.lang.String"/>
<attribute name="c5341" type="java.lang.Integer"/>
<attribute name="c5342" type="java.lang.String"/>
<attribute name="c5341" type="java.lang.Integer"/>
<attribute name="c5343" type="java.lang.String"/>
<attribute name="c5344" type="java.lang.String"/>
<attribute name="k5355" type="java.lang.Integer"/>
<attribute name="k5373" type="java.lang.String"/>
<attribute name="k5374" type="java.lang.String"/>
<attribute name="c5330" type="java.lang.Integer"/>
<attribute name="c5334" type="java.lang.String"/>
<attribute name="c5335" type="java.lang.String"/>
<attribute name="c5336" type="java.lang.Integer"/>
<attribute name="c5337" type="java.lang.String"/>
<attribute name="c5338" type="java.math.BigDecimal"/>
<attribute name="c5339" type="java.lang.String"/>
<attribute name="c5345" type="java.lang.Integer"/>
<attribute name="c5334" type="java.lang.String"/>
<attribute name="c5346" type="java.lang.String"/>
<attribute name="c5347" type="java.lang.Integer"/>
<attribute name="c5348" type="java.lang.String"/>
<attribute name="c5349" type="java.math.BigDecimal"/>
<attribute name="c5350" type="java.lang.String"/>
</outputs>
<conjunction>
<predicate type="equality" left="0" right="24"/>
<predicate type="equality" left="4" right="17"/>
</conjunction>
<children>
<operator type="ALIAS" name="T2"/>
<operator type="JOIN" variant="SYMMETRIC_HASH">
<outputs>
<attribute name="c5330" type="java.lang.Integer"/>
<attribute name="c5334" type="java.lang.String"/>
<attribute name="c5335" type="java.lang.String"/>
<attribute name="c5336" type="java.lang.Integer"/>
<attribute name="c5337" type="java.lang.String"/>
<attribute name="c5338" type="java.math.BigDecimal"/>
<attribute name="c5339" type="java.lang.String"/>
<attribute name="c5345" type="java.lang.Integer"/>
<attribute name="c5334" type="java.lang.String"/>
<attribute name="c5346" type="java.lang.String"/>
<attribute name="c5347" type="java.lang.Integer"/>
<attribute name="c5348" type="java.lang.String"/>
<attribute name="c5349" type="java.math.BigDecimal"/>
<attribute name="c5350" type="java.lang.String"/>
</outputs>
<conjunction>
<predicate type="equality" left="1" right="8"/>
</conjunction>
<children>
<operator type="PROJECT">
<outputs>
<attribute name="c5330" type="java.lang.Integer"/>
<attribute name="c5334" type="java.lang.String"/>
<attribute name="c5335" type="java.lang.String"/>
<attribute name="c5336" type="java.lang.Integer"/>
<attribute name="c5337" type="java.lang.String"/>
<attribute name="c5338" type="java.math.BigDecimal"/>
<attribute name="c5339" type="java.lang.String"/>
</outputs>
<project>
<attribute name="s_suppkey" type="java.lang.Integer"/>
<attribute name="s_name" type="java.lang.String"/>
<attribute name="s_address" type="java.lang.String"/>
<attribute name="s_nationkey" type="java.lang.Integer"/>
<attribute name="s_phone" type="java.lang.String"/>
<attribute name="s_acctbal" type="java.math.BigDecimal"/>
<attribute name="s_comment" type="java.lang.String"/>
</project>
<child>
<operator type="ACCESS" relation="supplier" access-method="m6">
<outputs>
<attribute name="s_suppkey" type="java.lang.Integer"/>
<attribute name="s_name" type="java.lang.String"/>
<attribute name="s_address" type="java.lang.String"/>
<attribute name="s_nationkey" type="java.lang.Integer"/>
<attribute name="s_phone" type="java.lang.String"/>
<attribute name="s_acctbal" type="java.math.BigDecimal"/>
<attribute name="s_comment" type="java.lang.String"/>
</outputs>
</operator>
</child>
</operator>
<operator type="PROJECT">
<outputs>
<attribute name="c5345" type="java.lang.Integer"/>
<attribute name="c5334" type="java.lang.String"/>
<attribute name="c5346" type="java.lang.String"/>
<attribute name="c5347" type="java.lang.Integer"/>
<attribute name="c5348" type="java.lang.String"/>
<attribute name="c5349" type="java.math.BigDecimal"/>
<attribute name="c5350" type="java.lang.String"/>
</outputs>
<project>
<attribute name="s_suppkey" type="java.lang.Integer"/>
<attribute name="s_name" type="java.lang.String"/>
<attribute name="s_address" type="java.lang.String"/>
<attribute name="s_nationkey" type="java.lang.Integer"/>
<attribute name="s_phone" type="java.lang.String"/>
<attribute name="s_acctbal" type="java.math.BigDecimal"/>
<attribute name="s_comment" type="java.lang.String"/>
</project>
<child>
<operator type="ACCESS" relation="supplier" access-method="m6">
<outputs>
<attribute name="s_suppkey" type="java.lang.Integer"/>
<attribute name="s_name" type="java.lang.String"/>
<attribute name="s_address" type="java.lang.String"/>
<attribute name="s_nationkey" type="java.lang.Integer"/>
<attribute name="s_phone" type="java.lang.String"/>
<attribute name="s_acctbal" type="java.math.BigDecimal"/>
<attribute name="s_comment" type="java.lang.String"/>
</outputs>
</operator>
</child>
</operator>
</children>
</operator>
</children>
</operator>
</command>
<command name="T4">
<operator type="PROJECT">
<outputs>
<attribute name="c5338" type="java.math.BigDecimal"/>
<attribute name="c5331" type="java.lang.Integer"/>
<attribute name="c5337" type="java.lang.String"/>
<attribute name="c5342" type="java.lang.String"/>
<attribute name="c5335" type="java.lang.String"/>
<attribute name="c5343" type="java.lang.String"/>
</outputs>
<project>
<attribute name="c5338" type="java.math.BigDecimal"/>
<attribute name="c5331" type="java.lang.Integer"/>
<attribute name="c5337" type="java.lang.String"/>
<attribute name="c5342" type="java.lang.String"/>
<attribute name="c5335" type="java.lang.String"/>
<attribute name="c5343" type="java.lang.String"/>
</project>
<child>
<operator type="JOIN" variant="SYMMETRIC_HASH">
<outputs>
<attribute name="c5347" type="java.lang.Integer"/>
<attribute name="k5354" type="java.lang.String"/>
<attribute name="k5355" type="java.lang.Integer"/>
<attribute name="k5356" type="java.lang.String"/>
<attribute name="c5336" type="java.lang.Integer"/>
<attribute name="c5340" type="java.lang.String"/>
<attribute name="c5341" type="java.lang.Integer"/>
<attribute name="c5342" type="java.lang.String"/>
<attribute name="c5341" type="java.lang.Integer"/>
<attribute name="c5343" type="java.lang.String"/>
<attribute name="c5344" type="java.lang.String"/>
<attribute name="k5355" type="java.lang.Integer"/>
<attribute name="k5373" type="java.lang.String"/>
<attribute name="k5374" type="java.lang.String"/>
<attribute name="c5330" type="java.lang.Integer"/>
<attribute name="c5334" type="java.lang.String"/>
<attribute name="c5335" type="java.lang.String"/>
<attribute name="c5336" type="java.lang.Integer"/>
<attribute name="c5337" type="java.lang.String"/>
<attribute name="c5338" type="java.math.BigDecimal"/>
<attribute name="c5339" type="java.lang.String"/>
<attribute name="c5345" type="java.lang.Integer"/>
<attribute name="c5334" type="java.lang.String"/>
<attribute name="c5346" type="java.lang.String"/>
<attribute name="c5347" type="java.lang.Integer"/>
<attribute name="c5348" type="java.lang.String"/>
<attribute name="c5349" type="java.math.BigDecimal"/>
<attribute name="c5350" type="java.lang.String"/>
<attribute name="c5329" type="java.lang.Integer"/>
<attribute name="c5330" type="java.lang.Integer"/>
<attribute name="c5331" type="java.lang.Integer"/>
<attribute name="c5332" type="java.math.BigDecimal"/>
<attribute name="c5333" type="java.lang.String"/>
</outputs>
<conjunction>
<predicate type="equality" left="14" right="29"/>
</conjunction>
<children>
<operator type="ALIAS" name="T3"/>
<operator type="PROJECT">
<outputs>
<attribute name="c5329" type="java.lang.Integer"/>
<attribute name="c5330" type="java.lang.Integer"/>
<attribute name="c5331" type="java.lang.Integer"/>
<attribute name="c5332" type="java.math.BigDecimal"/>
<attribute name="c5333" type="java.lang.String"/>
</outputs>
<project>
<attribute name="ps_partkey" type="java.lang.Integer"/>
<attribute name="ps_suppkey" type="java.lang.Integer"/>
<attribute name="ps_availqty" type="java.lang.Integer"/>
<attribute name="ps_supplycost" type="java.math.BigDecimal"/>
<attribute name="ps_comment" type="java.lang.String"/>
</project>
<child>
<operator type="ACCESS" relation="partsupp" access-method="m8">
<outputs>
<attribute name="ps_partkey" type="java.lang.Integer"/>
<attribute name="ps_suppkey" type="java.lang.Integer"/>
<attribute name="ps_availqty" type="java.lang.Integer"/>
<attribute name="ps_supplycost" type="java.math.BigDecimal"/>
<attribute name="ps_comment" type="java.lang.String"/>
</outputs>
</operator>
</child>
</operator>
</children>
</operator>
</child>
</operator>
</command>
</plan>
