<?xml version="1.0" encoding="UTF-8"?>
<plan type="linear" cost="69.59" control-flow="BOTTOM_UP">
<command name="T1">
<operator type="PROJECT">
<outputs>
<attribute name="c5888" type="java.lang.Integer"/>
<attribute name="c5889" type="java.lang.Integer"/>
<attribute name="c5890" type="java.math.BigDecimal"/>
<attribute name="c5891" type="java.lang.String"/>
</outputs>
<project>
<attribute name="ps_partkey" type="java.lang.Integer"/>
<attribute name="ps_suppkey" type="java.lang.Integer"/>
<attribute name="ps_supplycost" type="java.math.BigDecimal"/>
<attribute name="ps_comment" type="java.lang.String"/>
</project>
<child>
<operator type="SELECT">
<outputs>
<attribute name="ps_partkey" type="java.lang.Integer"/>
<attribute name="ps_suppkey" type="java.lang.Integer"/>
<attribute name="ps_availqty" type="java.lang.Integer"/>
<attribute name="ps_supplycost" type="java.math.BigDecimal"/>
<attribute name="ps_comment" type="java.lang.String"/>
</outputs>
<conjunction>
<predicate type="equality" left="2" value="7340"/>
</conjunction>
<child>
<operator type="ACCESS" relation="partsupp" access-method="m8">
<outputs>
<attribute name="ps_partkey" type="java.lang.Integer"/>
<attribute name="ps_suppkey" type="java.lang.Integer"/>
<attribute name="ps_availqty" type="java.lang.Integer"/>
<attribute name="ps_supplycost" type="java.math.BigDecimal"/>
<attribute name="ps_comment" type="java.lang.String"/>
</outputs>
</operator>
</child>
</operator>
</child>
</operator>
</command>
<command name="T2">
<operator type="CROSS_PRODUCT">
<outputs>
<attribute name="c5888" type="java.lang.Integer"/>
<attribute name="c5889" type="java.lang.Integer"/>
<attribute name="c5890" type="java.math.BigDecimal"/>
<attribute name="c5891" type="java.lang.String"/>
<attribute name="c5899" type="java.lang.Integer"/>
<attribute name="c5901" type="java.lang.String"/>
</outputs>
<children>
<operator type="ALIAS" name="T1"/>
<operator type="PROJECT">
<outputs>
<attribute name="c5899" type="java.lang.Integer"/>
<attribute name="c5901" type="java.lang.String"/>
</outputs>
<project>
<attribute name="r_regionkey" type="java.lang.Integer"/>
<attribute name="r_comment" type="java.lang.String"/>
</project>
<child>
<operator type="SELECT">
<outputs>
<attribute name="r_regionkey" type="java.lang.Integer"/>
<attribute name="r_name" type="java.lang.String"/>
<attribute name="r_comment" type="java.lang.String"/>
</outputs>
<conjunction>
<predicate type="equality" left="1" value="AMERICA"/>
</conjunction>
<child>
<operator type="ACCESS" relation="region" access-method="m13">
<outputs>
<attribute name="r_regionkey" type="java.lang.Integer"/>
<attribute name="r_name" type="java.lang.String"/>
<attribute name="r_comment" type="java.lang.String"/>
</outputs>
<child>
<operator type="STATIC_INPUT">
<outputs>
<attribute name="AMERICA" type="java.lang.String"/>
</outputs>
</operator>
</child>
</operator>
</child>
</operator>
</child>
</operator>
</children>
</operator>
</command>
<command name="T3">
<operator type="JOIN" variant="SYMMETRIC_HASH">
<outputs>
<attribute name="c5888" type="java.lang.Integer"/>
<attribute name="c5889" type="java.lang.Integer"/>
<attribute name="c5890" type="java.math.BigDecimal"/>
<attribute name="c5891" type="java.lang.String"/>
<attribute name="c5899" type="java.lang.Integer"/>
<attribute name="c5901" type="java.lang.String"/>
<attribute name="c5894" type="java.lang.Integer"/>
<attribute name="c5898" type="java.lang.String"/>
<attribute name="c5899" type="java.lang.Integer"/>
<attribute name="c5900" type="java.lang.String"/>
<attribute name="c5904" type="java.lang.Integer"/>
<attribute name="k5910" type="java.lang.String"/>
<attribute name="k5911" type="java.lang.Integer"/>
<attribute name="k5912" type="java.lang.String"/>
</outputs>
<conjunction>
<predicate type="equality" left="4" right="8"/>
</conjunction>
<children>
<operator type="ALIAS" name="T2"/>
<operator type="CROSS_PRODUCT">
<outputs>
<attribute name="c5894" type="java.lang.Integer"/>
<attribute name="c5898" type="java.lang.String"/>
<attribute name="c5899" type="java.lang.Integer"/>
<attribute name="c5900" type="java.lang.String"/>
<attribute name="c5904" type="java.lang.Integer"/>
<attribute name="k5910" type="java.lang.String"/>
<attribute name="k5911" type="java.lang.Integer"/>
<attribute name="k5912" type="java.lang.String"/>
</outputs>
<children>
<operator type="PROJECT">
<outputs>
<attribute name="c5894" type="java.lang.Integer"/>
<attribute name="c5898" type="java.lang.String"/>
<attribute name="c5899" type="java.lang.Integer"/>
<attribute name="c5900" type="java.lang.String"/>
</outputs>
<project>
<attribute name="n_nationkey" type="java.lang.Integer"/>
<attribute name="n_name" type="java.lang.String"/>
<attribute name="n_regionkey" type="java.lang.Integer"/>
<attribute name="n_comment" type="java.lang.String"/>
</project>
<child>
<operator type="ACCESS" relation="nation" access-method="m10">
<outputs>
<attribute name="n_nationkey" type="java.lang.Integer"/>
<attribute name="n_name" type="java.lang.String"/>
<attribute name="n_regionkey" type="java.lang.Integer"/>
<attribute name="n_comment" type="java.lang.String"/>
</outputs>
</operator>
</child>
</operator>
<operator type="PROJECT">
<outputs>
<attribute name="c5904" type="java.lang.Integer"/>
<attribute name="k5910" type="java.lang.String"/>
<attribute name="k5911" type="java.lang.Integer"/>
<attribute name="k5912" type="java.lang.String"/>
</outputs>
<project>
<attribute name="n_nationkey" type="java.lang.Integer"/>
<attribute name="n_name" type="java.lang.String"/>
<attribute name="n_regionkey" type="java.lang.Integer"/>
<attribute name="n_comment" type="java.lang.String"/>
</project>
<child>
<operator type="ACCESS" relation="nation" access-method="m10">
<outputs>
<attribute name="n_nationkey" type="java.lang.Integer"/>
<attribute name="n_name" type="java.lang.String"/>
<attribute name="n_regionkey" type="java.lang.Integer"/>
<attribute name="n_comment" type="java.lang.String"/>
</outputs>
</operator>
</child>
</operator>
</children>
</operator>
</children>
</operator>
</command>
<command name="T4">
<operator type="PROJECT">
<outputs>
<attribute name="c5896" type="java.math.BigDecimal"/>
<attribute name="c5895" type="java.lang.String"/>
<attribute name="c5900" type="java.lang.String"/>
<attribute name="c5893" type="java.lang.String"/>
</outputs>
<project>
<attribute name="c5896" type="java.math.BigDecimal"/>
<attribute name="c5895" type="java.lang.String"/>
<attribute name="c5900" type="java.lang.String"/>
<attribute name="c5893" type="java.lang.String"/>
</project>
<child>
<operator type="JOIN" variant="SYMMETRIC_HASH">
<outputs>
<attribute name="c5888" type="java.lang.Integer"/>
<attribute name="c5889" type="java.lang.Integer"/>
<attribute name="c5890" type="java.math.BigDecimal"/>
<attribute name="c5891" type="java.lang.String"/>
<attribute name="c5899" type="java.lang.Integer"/>
<attribute name="c5901" type="java.lang.String"/>
<attribute name="c5894" type="java.lang.Integer"/>
<attribute name="c5898" type="java.lang.String"/>
<attribute name="c5899" type="java.lang.Integer"/>
<attribute name="c5900" type="java.lang.String"/>
<attribute name="c5904" type="java.lang.Integer"/>
<attribute name="k5910" type="java.lang.String"/>
<attribute name="k5911" type="java.lang.Integer"/>
<attribute name="k5912" type="java.lang.String"/>
<attribute name="c5889" type="java.lang.Integer"/>
<attribute name="c5892" type="java.lang.String"/>
<attribute name="c5893" type="java.lang.String"/>
<attribute name="c5894" type="java.lang.Integer"/>
<attribute name="c5895" type="java.lang.String"/>
<attribute name="c5896" type="java.math.BigDecimal"/>
<attribute name="c5897" type="java.lang.String"/>
<attribute name="c5902" type="java.lang.Integer"/>
<attribute name="c5892" type="java.lang.String"/>
<attribute name="c5903" type="java.lang.String"/>
<attribute name="c5904" type="java.lang.Integer"/>
<attribute name="c5905" type="java.lang.String"/>
<attribute name="c5906" type="java.lang.String"/>
</outputs>
<conjunction>
<predicate type="equality" left="1" right="14"/>
<predicate type="equality" left="6" right="17"/>
<predicate type="equality" left="10" right="24"/>
</conjunction>
<children>
<operator type="ALIAS" name="T3"/>
<operator type="JOIN" variant="SYMMETRIC_HASH">
<outputs>
<attribute name="c5889" type="java.lang.Integer"/>
<attribute name="c5892" type="java.lang.String"/>
<attribute name="c5893" type="java.lang.String"/>
<attribute name="c5894" type="java.lang.Integer"/>
<attribute name="c5895" type="java.lang.String"/>
<attribute name="c5896" type="java.math.BigDecimal"/>
<attribute name="c5897" type="java.lang.String"/>
<attribute name="c5902" type="java.lang.Integer"/>
<attribute name="c5892" type="java.lang.String"/>
<attribute name="c5903" type="java.lang.String"/>
<attribute name="c5904" type="java.lang.Integer"/>
<attribute name="c5905" type="java.lang.String"/>
<attribute name="c5906" type="java.lang.String"/>
</outputs>
<conjunction>
<predicate type="equality" left="1" right="8"/>
</conjunction>
<children>
<operator type="PROJECT">
<outputs>
<attribute name="c5889" type="java.lang.Integer"/>
<attribute name="c5892" type="java.lang.String"/>
<attribute name="c5893" type="java.lang.String"/>
<attribute name="c5894" type="java.lang.Integer"/>
<attribute name="c5895" type="java.lang.String"/>
<attribute name="c5896" type="java.math.BigDecimal"/>
<attribute name="c5897" type="java.lang.String"/>
</outputs>
<project>
<attribute name="s_suppkey" type="java.lang.Integer"/>
<attribute name="s_name" type="java.lang.String"/>
<attribute name="s_address" type="java.lang.String"/>
<attribute name="s_nationkey" type="java.lang.Integer"/>
<attribute name="s_phone" type="java.lang.String"/>
<attribute name="s_acctbal" type="java.math.BigDecimal"/>
<attribute name="s_comment" type="java.lang.String"/>
</project>
<child>
<operator type="ACCESS" relation="supplier" access-method="m6">
<outputs>
<attribute name="s_suppkey" type="java.lang.Integer"/>
<attribute name="s_name" type="java.lang.String"/>
<attribute name="s_address" type="java.lang.String"/>
<attribute name="s_nationkey" type="java.lang.Integer"/>
<attribute name="s_phone" type="java.lang.String"/>
<attribute name="s_acctbal" type="java.math.BigDecimal"/>
<attribute name="s_comment" type="java.lang.String"/>
</outputs>
</operator>
</child>
</operator>
<operator type="PROJECT">
<outputs>
<attribute name="c5902" type="java.lang.Integer"/>
<attribute name="c5892" type="java.lang.String"/>
<attribute name="c5903" type="java.lang.String"/>
<attribute name="c5904" type="java.lang.Integer"/>
<attribute name="c5905" type="java.lang.String"/>
<attribute name="c5906" type="java.lang.String"/>
</outputs>
<project>
<attribute name="s_suppkey" type="java.lang.Integer"/>
<attribute name="s_name" type="java.lang.String"/>
<attribute name="s_address" type="java.lang.String"/>
<attribute name="s_nationkey" type="java.lang.Integer"/>
<attribute name="s_phone" type="java.lang.String"/>
<attribute name="s_comment" type="java.lang.String"/>
</project>
<child>
<operator type="SELECT">
<outputs>
<attribute name="s_suppkey" type="java.lang.Integer"/>
<attribute name="s_name" type="java.lang.String"/>
<attribute name="s_address" type="java.lang.String"/>
<attribute name="s_nationkey" type="java.lang.Integer"/>
<attribute name="s_phone" type="java.lang.String"/>
<attribute name="s_acctbal" type="java.math.BigDecimal"/>
<attribute name="s_comment" type="java.lang.String"/>
</outputs>
<conjunction>
<predicate type="equality" left="5" value="5755.94"/>
</conjunction>
<child>
<operator type="ACCESS" relation="supplier" access-method="m6">
<outputs>
<attribute name="s_suppkey" type="java.lang.Integer"/>
<attribute name="s_name" type="java.lang.String"/>
<attribute name="s_address" type="java.lang.String"/>
<attribute name="s_nationkey" type="java.lang.Integer"/>
<attribute name="s_phone" type="java.lang.String"/>
<attribute name="s_acctbal" type="java.math.BigDecimal"/>
<attribute name="s_comment" type="java.lang.String"/>
</outputs>
</operator>
</child>
</operator>
</child>
</operator>
</children>
</operator>
</children>
</operator>
</child>
</operator>
</command>
</plan>
