<?xml version="1.0" encoding="UTF-8"?>
<plan type="dag" cost="10889.8942" control-flow="TOP_DOWN">
<operator type="DEPENDENT_JOIN" param="23">
<outputs>
<attribute name="c4" type="java.lang.String"/>
<attribute name="c22" type="java.lang.String"/>
<attribute name="c23" type="java.lang.String"/>
<attribute name="c21" type="java.lang.String"/>
<attribute name="c24" type="java.lang.String"/>
<attribute name="c25" type="java.lang.String"/>
<attribute name="c26" type="java.lang.String"/>
<attribute name="c27" type="java.lang.String"/>
<attribute name="c1" type="java.lang.String"/>
<attribute name="c2" type="java.lang.String"/>
<attribute name="c3" type="java.lang.String"/>
<attribute name="c4" type="java.lang.String"/>
<attribute name="c5" type="java.lang.String"/>
<attribute name="c6" type="java.lang.String"/>
<attribute name="c7" type="java.lang.String"/>
<attribute name="c8" type="java.lang.String"/>
<attribute name="c9" type="java.lang.String"/>
<attribute name="c10" type="java.lang.String"/>
<attribute name="c11" type="java.lang.String"/>
<attribute name="c12" type="java.lang.String"/>
<attribute name="c13" type="java.lang.String"/>
<attribute name="c14" type="java.lang.String"/>
<attribute name="c15" type="java.lang.String"/>
<attribute name="c16" type="java.lang.String"/>
<attribute name="c17" type="java.lang.String"/>
<attribute name="c18" type="java.lang.String"/>
<attribute name="c19" type="java.lang.String"/>
<attribute name="c20" type="java.lang.String"/>
<attribute name="c21" type="java.lang.String"/>
<attribute name="c28" type="java.lang.String"/>
<attribute name="c29" type="java.lang.String"/>
<attribute name="c16" type="java.lang.String"/>
<attribute name="c30" type="java.lang.String"/>
<attribute name="c31" type="java.lang.String"/>
<attribute name="c32" type="java.lang.String"/>
<attribute name="c33" type="java.lang.String"/>
<attribute name="c34" type="java.lang.String"/>
<attribute name="c35" type="java.lang.String"/>
<attribute name="c36" type="java.lang.String"/>
<attribute name="c37" type="java.lang.String"/>
<attribute name="c38" type="java.lang.String"/>
</outputs>
<children>
<operator type="DEPENDENT_JOIN" param="3">
<outputs>
<attribute name="c4" type="java.lang.String"/>
<attribute name="c22" type="java.lang.String"/>
<attribute name="c23" type="java.lang.String"/>
<attribute name="c21" type="java.lang.String"/>
<attribute name="c24" type="java.lang.String"/>
<attribute name="c25" type="java.lang.String"/>
<attribute name="c26" type="java.lang.String"/>
<attribute name="c27" type="java.lang.String"/>
<attribute name="c1" type="java.lang.String"/>
<attribute name="c2" type="java.lang.String"/>
<attribute name="c3" type="java.lang.String"/>
<attribute name="c4" type="java.lang.String"/>
<attribute name="c5" type="java.lang.String"/>
<attribute name="c6" type="java.lang.String"/>
<attribute name="c7" type="java.lang.String"/>
<attribute name="c8" type="java.lang.String"/>
<attribute name="c9" type="java.lang.String"/>
<attribute name="c10" type="java.lang.String"/>
<attribute name="c11" type="java.lang.String"/>
<attribute name="c12" type="java.lang.String"/>
<attribute name="c13" type="java.lang.String"/>
<attribute name="c14" type="java.lang.String"/>
<attribute name="c15" type="java.lang.String"/>
<attribute name="c16" type="java.lang.String"/>
<attribute name="c17" type="java.lang.String"/>
<attribute name="c18" type="java.lang.String"/>
<attribute name="c19" type="java.lang.String"/>
<attribute name="c20" type="java.lang.String"/>
<attribute name="c21" type="java.lang.String"/>
</outputs>
<children>
<operator type="PROJECT">
<outputs>
<attribute name="c4" type="java.lang.String"/>
<attribute name="c22" type="java.lang.String"/>
<attribute name="c23" type="java.lang.String"/>
<attribute name="c21" type="java.lang.String"/>
<attribute name="c24" type="java.lang.String"/>
<attribute name="c25" type="java.lang.String"/>
<attribute name="c26" type="java.lang.String"/>
<attribute name="c27" type="java.lang.String"/>
</outputs>
<project>
<attribute name="organism" type="java.lang.String"/>
<attribute name="pref_name" type="java.lang.String"/>
<attribute name="species_group_flag" type="java.lang.String"/>
<attribute name="target_chembl_id" type="java.lang.String"/>
<attribute name="target_component_accession" type="java.lang.String"/>
<attribute name="target_component_id" type="java.lang.String"/>
<attribute name="target_component_type" type="java.lang.String"/>
<attribute name="target_type" type="java.lang.String"/>
</project>
<child>
<operator type="ACCESS" relation="TargetFree" access-method="chembl_target_free">
<outputs>
<attribute name="organism" type="java.lang.String"/>
<attribute name="pref_name" type="java.lang.String"/>
<attribute name="species_group_flag" type="java.lang.String"/>
<attribute name="target_chembl_id" type="java.lang.String"/>
<attribute name="target_component_accession" type="java.lang.String"/>
<attribute name="target_component_id" type="java.lang.String"/>
<attribute name="target_component_type" type="java.lang.String"/>
<attribute name="target_type" type="java.lang.String"/>
</outputs>
</operator>
</child>
</operator>
<operator type="PROJECT">
<outputs>
<attribute name="c1" type="java.lang.String"/>
<attribute name="c2" type="java.lang.String"/>
<attribute name="c3" type="java.lang.String"/>
<attribute name="c4" type="java.lang.String"/>
<attribute name="c5" type="java.lang.String"/>
<attribute name="c6" type="java.lang.String"/>
<attribute name="c7" type="java.lang.String"/>
<attribute name="c8" type="java.lang.String"/>
<attribute name="c9" type="java.lang.String"/>
<attribute name="c10" type="java.lang.String"/>
<attribute name="c11" type="java.lang.String"/>
<attribute name="c12" type="java.lang.String"/>
<attribute name="c13" type="java.lang.String"/>
<attribute name="c14" type="java.lang.String"/>
<attribute name="c15" type="java.lang.String"/>
<attribute name="c16" type="java.lang.String"/>
<attribute name="c17" type="java.lang.String"/>
<attribute name="c18" type="java.lang.String"/>
<attribute name="c19" type="java.lang.String"/>
<attribute name="c20" type="java.lang.String"/>
<attribute name="c21" type="java.lang.String"/>
</outputs>
<project>
<attribute name="assay_category" type="java.lang.String"/>
<attribute name="assay_cell_type" type="java.lang.String"/>
<attribute name="assay_chembl_id" type="java.lang.String"/>
<attribute name="assay_organism" type="java.lang.String"/>
<attribute name="assay_strain" type="java.lang.String"/>
<attribute name="assay_subcellular_fraction" type="java.lang.String"/>
<attribute name="assay_tax_id" type="java.lang.String"/>
<attribute name="assay_test_type" type="java.lang.String"/>
<attribute name="assay_type" type="java.lang.String"/>
<attribute name="assay_type_description" type="java.lang.String"/>
<attribute name="bao_format" type="java.lang.String"/>
<attribute name="cell_chembl_id" type="java.lang.String"/>
<attribute name="confidence_description" type="java.lang.String"/>
<attribute name="confidence_score" type="java.lang.String"/>
<attribute name="description" type="java.lang.String"/>
<attribute name="document_chembl_id" type="java.lang.String"/>
<attribute name="relationship_description" type="java.lang.String"/>
<attribute name="relationship_type" type="java.lang.String"/>
<attribute name="src_assay_id" type="java.lang.String"/>
<attribute name="src_id" type="java.lang.String"/>
<attribute name="target_chembl_id" type="java.lang.String"/>
</project>
<child>
<operator type="SELECT">
<outputs>
<attribute name="assay_category" type="java.lang.String"/>
<attribute name="assay_cell_type" type="java.lang.String"/>
<attribute name="assay_chembl_id" type="java.lang.String"/>
<attribute name="assay_organism" type="java.lang.String"/>
<attribute name="assay_strain" type="java.lang.String"/>
<attribute name="assay_subcellular_fraction" type="java.lang.String"/>
<attribute name="assay_tax_id" type="java.lang.String"/>
<attribute name="assay_test_type" type="java.lang.String"/>
<attribute name="assay_tissue" type="java.lang.String"/>
<attribute name="assay_type" type="java.lang.String"/>
<attribute name="assay_type_description" type="java.lang.String"/>
<attribute name="bao_format" type="java.lang.String"/>
<attribute name="cell_chembl_id" type="java.lang.String"/>
<attribute name="confidence_description" type="java.lang.String"/>
<attribute name="confidence_score" type="java.lang.String"/>
<attribute name="description" type="java.lang.String"/>
<attribute name="document_chembl_id" type="java.lang.String"/>
<attribute name="relationship_description" type="java.lang.String"/>
<attribute name="relationship_type" type="java.lang.String"/>
<attribute name="src_assay_id" type="java.lang.String"/>
<attribute name="src_id" type="java.lang.String"/>
<attribute name="target_chembl_id" type="java.lang.String"/>
</outputs>
<conjunction>
<predicate type="equality" left="8" value="Liver"/>
</conjunction>
<child>
<operator type="ACCESS" relation="AssayLimited" access-method="chembl_assay_limited_3">
<outputs>
<attribute name="assay_category" type="java.lang.String"/>
<attribute name="assay_cell_type" type="java.lang.String"/>
<attribute name="assay_chembl_id" type="java.lang.String"/>
<attribute name="assay_organism" type="java.lang.String"/>
<attribute name="assay_strain" type="java.lang.String"/>
<attribute name="assay_subcellular_fraction" type="java.lang.String"/>
<attribute name="assay_tax_id" type="java.lang.String"/>
<attribute name="assay_test_type" type="java.lang.String"/>
<attribute name="assay_tissue" type="java.lang.String"/>
<attribute name="assay_type" type="java.lang.String"/>
<attribute name="assay_type_description" type="java.lang.String"/>
<attribute name="bao_format" type="java.lang.String"/>
<attribute name="cell_chembl_id" type="java.lang.String"/>
<attribute name="confidence_description" type="java.lang.String"/>
<attribute name="confidence_score" type="java.lang.String"/>
<attribute name="description" type="java.lang.String"/>
<attribute name="document_chembl_id" type="java.lang.String"/>
<attribute name="relationship_description" type="java.lang.String"/>
<attribute name="relationship_type" type="java.lang.String"/>
<attribute name="src_assay_id" type="java.lang.String"/>
<attribute name="src_id" type="java.lang.String"/>
<attribute name="target_chembl_id" type="java.lang.String"/>
</outputs>
</operator>
</child>
</operator>
</child>
</operator>
</children>
</operator>
<operator type="PROJECT">
<outputs>
<attribute name="c28" type="java.lang.String"/>
<attribute name="c29" type="java.lang.String"/>
<attribute name="c16" type="java.lang.String"/>
<attribute name="c30" type="java.lang.String"/>
<attribute name="c31" type="java.lang.String"/>
<attribute name="c32" type="java.lang.String"/>
<attribute name="c33" type="java.lang.String"/>
<attribute name="c34" type="java.lang.String"/>
<attribute name="c35" type="java.lang.String"/>
<attribute name="c36" type="java.lang.String"/>
<attribute name="c37" type="java.lang.String"/>
<attribute name="c38" type="java.lang.String"/>
</outputs>
<project>
<attribute name="authors" type="java.lang.String"/>
<attribute name="doc_type" type="java.lang.String"/>
<attribute name="document_chembl_id" type="java.lang.String"/>
<attribute name="doi" type="java.lang.String"/>
<attribute name="first_page" type="java.lang.String"/>
<attribute name="issue" type="java.lang.String"/>
<attribute name="journal" type="java.lang.String"/>
<attribute name="last_page" type="java.lang.String"/>
<attribute name="pubmed_id" type="java.lang.String"/>
<attribute name="title" type="java.lang.String"/>
<attribute name="volume" type="java.lang.String"/>
<attribute name="year" type="java.lang.String"/>
</project>
<child>
<operator type="ACCESS" relation="DocumentLimited" access-method="chembl_document_limited">
<outputs>
<attribute name="authors" type="java.lang.String"/>
<attribute name="doc_type" type="java.lang.String"/>
<attribute name="document_chembl_id" type="java.lang.String"/>
<attribute name="doi" type="java.lang.String"/>
<attribute name="first_page" type="java.lang.String"/>
<attribute name="issue" type="java.lang.String"/>
<attribute name="journal" type="java.lang.String"/>
<attribute name="last_page" type="java.lang.String"/>
<attribute name="pubmed_id" type="java.lang.String"/>
<attribute name="title" type="java.lang.String"/>
<attribute name="volume" type="java.lang.String"/>
<attribute name="year" type="java.lang.String"/>
</outputs>
</operator>
</child>
</operator>
</children>
</operator>
</plan>
