<?xml version="1.0" encoding="UTF-8"?>
<query name="Example 1" description="" type="conjunctive">
	<body>

		<atom name="Assay">
			<variable name="assay_category" />
			<variable name="assay_cell_type" />
			<variable name="assay_chembl_id" />
			<variable name="assay_organism" />
			<variable name="assay_strain" />
			<variable name="assay_subcellular_fraction" />
			<variable name="assay_tax_id" />
			<variable name="assay_test_type" />
			<variable name="assay_tissue" />
			<constant value="F" />
			<variable name="assay_type_description" />
			<variable name="bao_format" />
			<variable name="cell_chembl_id" />
			<variable name="confidence_description" />
			<variable name="confidence_score" />
			<variable name="description" />
			<variable name="document_chembl_id" />
			<variable name="relationship_description" />
			<variable name="relationship_type" />
			<variable name="src_assay_id" />
			<variable name="src_id" />
			<variable name="target_chembl_id" />
		</atom>

		<atom name="Document">
			<variable name="authors" />
			<constant value="PUBLICATION" />
			<variable name="document_chembl_id" />
			<variable name="doi" />
			<variable name="first_page" />
			<variable name="issue" />
			<variable name="document_journal" />
			<variable name="last_page" />
			<variable name="pubmed_id" />
			<variable name="title" />
			<variable name="volume" />
			<constant value="2015" />
		</atom>

		<atom name="Target">
			<variable name="target_organism" />
			<variable name="pref_name" />
			<variable name="species_group_flag" />
			<variable name="target_chembl_id" />
			<variable name="target_component_accession" />
			<variable name="target_component_id" />
			<variable name="target_component_type" />
			<constant value="SINGLE PROTEIN" />
		</atom>

	</body>
	<head name="Q">

		<variable name="assay_category" />
		<variable name="assay_cell_type" />
		<variable name="assay_chembl_id" />
		<variable name="assay_organism" />
		<variable name="assay_strain" />
		<variable name="assay_subcellular_fraction" />
		<variable name="assay_tax_id" />
		<variable name="assay_test_type" />
		<variable name="assay_tissue" />

		<variable name="assay_type_description" />

		<variable name="target_organism" />
		<variable name="pref_name" />
		<variable name="species_group_flag" />
		<variable name="target_chembl_id" />
		<variable name="target_component_accession" />
		<variable name="target_component_id" />
		<variable name="target_component_type" />
		

		<variable name="authors" />
		
		<variable name="document_chembl_id" />
		<variable name="doi" />
		<variable name="first_page" />
		<variable name="issue" />
		<variable name="document_journal" />
		<variable name="last_page" />
		<variable name="pubmed_id" />
		<variable name="title" />
		<variable name="volume" />



	</head>

</query>
