<?xml version="1.0" encoding="UTF-8"?>
<plan type="linear" cost="1.0" control-flow="TOP_DOWN">
<command name="T1">
<operator type="PROJECT">
<outputs>
<attribute name="c149" type="java.math.BigDecimal"/>
<attribute name="c150" type="java.math.BigDecimal"/>
</outputs>
<project>
<attribute name="c149" type="java.math.BigDecimal"/>
<attribute name="c150" type="java.math.BigDecimal"/>
</project>
<child>
<operator type="PROJECT">
<outputs>
<attribute name="c145" type="java.lang.Integer"/>
<attribute name="c146" type="java.lang.Integer"/>
<attribute name="c147" type="java.lang.Integer"/>
<attribute name="c148" type="java.lang.Integer"/>
<attribute name="c149" type="java.math.BigDecimal"/>
<attribute name="c150" type="java.math.BigDecimal"/>
<attribute name="c151" type="java.math.BigDecimal"/>
<attribute name="c152" type="java.lang.String"/>
<attribute name="c153" type="java.lang.String"/>
<attribute name="c154" type="java.sql.Date"/>
<attribute name="c155" type="java.sql.Date"/>
<attribute name="c156" type="java.sql.Date"/>
<attribute name="c157" type="java.lang.String"/>
<attribute name="c158" type="java.lang.String"/>
<attribute name="c159" type="java.lang.String"/>
</outputs>
<project>
<attribute name="l_orderkey" type="java.lang.Integer"/>
<attribute name="l_partkey" type="java.lang.Integer"/>
<attribute name="l_suppkey" type="java.lang.Integer"/>
<attribute name="l_linenumber" type="java.lang.Integer"/>
<attribute name="l_extendedprice" type="java.math.BigDecimal"/>
<attribute name="l_discount" type="java.math.BigDecimal"/>
<attribute name="l_tax" type="java.math.BigDecimal"/>
<attribute name="l_returnflag" type="java.lang.String"/>
<attribute name="l_linestatus" type="java.lang.String"/>
<attribute name="l_shipdate" type="java.sql.Date"/>
<attribute name="l_commitdate" type="java.sql.Date"/>
<attribute name="l_receiptdate" type="java.sql.Date"/>
<attribute name="l_shipinstruct" type="java.lang.String"/>
<attribute name="l_shipmode" type="java.lang.String"/>
<attribute name="l_comment" type="java.lang.String"/>
</project>
<child>
<operator type="SELECT">
<outputs>
<attribute name="l_orderkey" type="java.lang.Integer"/>
<attribute name="l_partkey" type="java.lang.Integer"/>
<attribute name="l_suppkey" type="java.lang.Integer"/>
<attribute name="l_linenumber" type="java.lang.Integer"/>
<attribute name="l_quantity" type="java.math.BigDecimal"/>
<attribute name="l_extendedprice" type="java.math.BigDecimal"/>
<attribute name="l_discount" type="java.math.BigDecimal"/>
<attribute name="l_tax" type="java.math.BigDecimal"/>
<attribute name="l_returnflag" type="java.lang.String"/>
<attribute name="l_linestatus" type="java.lang.String"/>
<attribute name="l_shipdate" type="java.sql.Date"/>
<attribute name="l_commitdate" type="java.sql.Date"/>
<attribute name="l_receiptdate" type="java.sql.Date"/>
<attribute name="l_shipinstruct" type="java.lang.String"/>
<attribute name="l_shipmode" type="java.lang.String"/>
<attribute name="l_comment" type="java.lang.String"/>
</outputs>
<conjunction>
<predicate type="equality" left="4" value="10.0"/>
</conjunction>
<child>
<operator type="ACCESS" relation="lineitem" access-method="mt_63">
<outputs>
<attribute name="l_orderkey" type="java.lang.Integer"/>
<attribute name="l_partkey" type="java.lang.Integer"/>
<attribute name="l_suppkey" type="java.lang.Integer"/>
<attribute name="l_linenumber" type="java.lang.Integer"/>
<attribute name="l_quantity" type="java.math.BigDecimal"/>
<attribute name="l_extendedprice" type="java.math.BigDecimal"/>
<attribute name="l_discount" type="java.math.BigDecimal"/>
<attribute name="l_tax" type="java.math.BigDecimal"/>
<attribute name="l_returnflag" type="java.lang.String"/>
<attribute name="l_linestatus" type="java.lang.String"/>
<attribute name="l_shipdate" type="java.sql.Date"/>
<attribute name="l_commitdate" type="java.sql.Date"/>
<attribute name="l_receiptdate" type="java.sql.Date"/>
<attribute name="l_shipinstruct" type="java.lang.String"/>
<attribute name="l_shipmode" type="java.lang.String"/>
<attribute name="l_comment" type="java.lang.String"/>
</outputs>
</operator>
</child>
</operator>
</child>
</operator>
</child>
</operator>
</command>
</plan>
