<?xml version="1.0" encoding="UTF-8"?>
<plan type="dag" cost="4356.666666666666" control-flow="TOP_DOWN">
<operator type="PROJECT">
<outputs>
<attribute name="c232" type="java.lang.String"/>
<attribute name="c241" type="java.lang.Integer"/>
</outputs>
<project>
<attribute name="c232" type="java.lang.String"/>
<attribute name="c241" type="java.lang.Integer"/>
</project>
<child>
<operator type="JOIN" variant="SYMMETRIC_HASH">
<outputs>
<attribute name="c251" type="java.lang.Integer"/>
<attribute name="c253" type="java.lang.String"/>
<attribute name="c246" type="java.lang.Integer"/>
<attribute name="c250" type="java.lang.String"/>
<attribute name="c251" type="java.lang.Integer"/>
<attribute name="c252" type="java.lang.String"/>
<attribute name="c240" type="java.lang.Integer"/>
<attribute name="c244" type="java.lang.String"/>
<attribute name="c245" type="java.lang.String"/>
<attribute name="c246" type="java.lang.Integer"/>
<attribute name="c247" type="java.lang.String"/>
<attribute name="c248" type="java.math.BigDecimal"/>
<attribute name="c249" type="java.lang.String"/>
<attribute name="c231" type="java.lang.Integer"/>
<attribute name="c240" type="java.lang.Integer"/>
<attribute name="c241" type="java.lang.Integer"/>
<attribute name="c242" type="java.math.BigDecimal"/>
<attribute name="c243" type="java.lang.String"/>
<attribute name="c231" type="java.lang.Integer"/>
<attribute name="c232" type="java.lang.String"/>
<attribute name="c233" type="java.lang.String"/>
<attribute name="c234" type="java.lang.String"/>
<attribute name="c235" type="java.lang.String"/>
<attribute name="c236" type="java.lang.Integer"/>
<attribute name="c237" type="java.lang.String"/>
<attribute name="c238" type="java.math.BigDecimal"/>
<attribute name="c239" type="java.lang.String"/>
</outputs>
<conjunction>
<predicate type="equality" left="13" right="18"/>
</conjunction>
<children>
<operator type="DEPENDENT_JOIN" param="6">
<outputs>
<attribute name="c251" type="java.lang.Integer"/>
<attribute name="c253" type="java.lang.String"/>
<attribute name="c246" type="java.lang.Integer"/>
<attribute name="c250" type="java.lang.String"/>
<attribute name="c251" type="java.lang.Integer"/>
<attribute name="c252" type="java.lang.String"/>
<attribute name="c240" type="java.lang.Integer"/>
<attribute name="c244" type="java.lang.String"/>
<attribute name="c245" type="java.lang.String"/>
<attribute name="c246" type="java.lang.Integer"/>
<attribute name="c247" type="java.lang.String"/>
<attribute name="c248" type="java.math.BigDecimal"/>
<attribute name="c249" type="java.lang.String"/>
<attribute name="c231" type="java.lang.Integer"/>
<attribute name="c240" type="java.lang.Integer"/>
<attribute name="c241" type="java.lang.Integer"/>
<attribute name="c242" type="java.math.BigDecimal"/>
<attribute name="c243" type="java.lang.String"/>
</outputs>
<children>
<operator type="DEPENDENT_JOIN" param="2">
<outputs>
<attribute name="c251" type="java.lang.Integer"/>
<attribute name="c253" type="java.lang.String"/>
<attribute name="c246" type="java.lang.Integer"/>
<attribute name="c250" type="java.lang.String"/>
<attribute name="c251" type="java.lang.Integer"/>
<attribute name="c252" type="java.lang.String"/>
<attribute name="c240" type="java.lang.Integer"/>
<attribute name="c244" type="java.lang.String"/>
<attribute name="c245" type="java.lang.String"/>
<attribute name="c246" type="java.lang.Integer"/>
<attribute name="c247" type="java.lang.String"/>
<attribute name="c248" type="java.math.BigDecimal"/>
<attribute name="c249" type="java.lang.String"/>
</outputs>
<children>
<operator type="DEPENDENT_JOIN" param="0">
<outputs>
<attribute name="c251" type="java.lang.Integer"/>
<attribute name="c253" type="java.lang.String"/>
<attribute name="c246" type="java.lang.Integer"/>
<attribute name="c250" type="java.lang.String"/>
<attribute name="c251" type="java.lang.Integer"/>
<attribute name="c252" type="java.lang.String"/>
</outputs>
<children>
<operator type="PROJECT">
<outputs>
<attribute name="c251" type="java.lang.Integer"/>
<attribute name="c253" type="java.lang.String"/>
</outputs>
<project>
<attribute name="r_regionkey" type="java.lang.Integer"/>
<attribute name="r_comment" type="java.lang.String"/>
</project>
<child>
<operator type="SELECT">
<outputs>
<attribute name="r_regionkey" type="java.lang.Integer"/>
<attribute name="r_name" type="java.lang.String"/>
<attribute name="r_comment" type="java.lang.String"/>
</outputs>
<conjunction>
<predicate type="equality" left="1" value="AMERICA"/>
</conjunction>
<child>
<operator type="ACCESS" relation="region" access-method="m8">
<outputs>
<attribute name="r_regionkey" type="java.lang.Integer"/>
<attribute name="r_name" type="java.lang.String"/>
<attribute name="r_comment" type="java.lang.String"/>
</outputs>
</operator>
</child>
</operator>
</child>
</operator>
<operator type="PROJECT">
<outputs>
<attribute name="c246" type="java.lang.Integer"/>
<attribute name="c250" type="java.lang.String"/>
<attribute name="c251" type="java.lang.Integer"/>
<attribute name="c252" type="java.lang.String"/>
</outputs>
<project>
<attribute name="n_nationkey" type="java.lang.Integer"/>
<attribute name="n_name" type="java.lang.String"/>
<attribute name="n_regionkey" type="java.lang.Integer"/>
<attribute name="n_comment" type="java.lang.String"/>
</project>
<child>
<operator type="ACCESS" relation="nation" access-method="m7">
<outputs>
<attribute name="n_nationkey" type="java.lang.Integer"/>
<attribute name="n_name" type="java.lang.String"/>
<attribute name="n_regionkey" type="java.lang.Integer"/>
<attribute name="n_comment" type="java.lang.String"/>
</outputs>
</operator>
</child>
</operator>
</children>
</operator>
<operator type="PROJECT">
<outputs>
<attribute name="c240" type="java.lang.Integer"/>
<attribute name="c244" type="java.lang.String"/>
<attribute name="c245" type="java.lang.String"/>
<attribute name="c246" type="java.lang.Integer"/>
<attribute name="c247" type="java.lang.String"/>
<attribute name="c248" type="java.math.BigDecimal"/>
<attribute name="c249" type="java.lang.String"/>
</outputs>
<project>
<attribute name="s_suppkey" type="java.lang.Integer"/>
<attribute name="s_name" type="java.lang.String"/>
<attribute name="s_address" type="java.lang.String"/>
<attribute name="s_nationkey" type="java.lang.Integer"/>
<attribute name="s_phone" type="java.lang.String"/>
<attribute name="s_acctbal" type="java.math.BigDecimal"/>
<attribute name="s_comment" type="java.lang.String"/>
</project>
<child>
<operator type="ACCESS" relation="supplier" access-method="m3">
<outputs>
<attribute name="s_suppkey" type="java.lang.Integer"/>
<attribute name="s_name" type="java.lang.String"/>
<attribute name="s_address" type="java.lang.String"/>
<attribute name="s_nationkey" type="java.lang.Integer"/>
<attribute name="s_phone" type="java.lang.String"/>
<attribute name="s_acctbal" type="java.math.BigDecimal"/>
<attribute name="s_comment" type="java.lang.String"/>
</outputs>
</operator>
</child>
</operator>
</children>
</operator>
<operator type="PROJECT">
<outputs>
<attribute name="c231" type="java.lang.Integer"/>
<attribute name="c240" type="java.lang.Integer"/>
<attribute name="c241" type="java.lang.Integer"/>
<attribute name="c242" type="java.math.BigDecimal"/>
<attribute name="c243" type="java.lang.String"/>
</outputs>
<project>
<attribute name="ps_partkey" type="java.lang.Integer"/>
<attribute name="ps_suppkey" type="java.lang.Integer"/>
<attribute name="ps_availqty" type="java.lang.Integer"/>
<attribute name="ps_supplycost" type="java.math.BigDecimal"/>
<attribute name="ps_comment" type="java.lang.String"/>
</project>
<child>
<operator type="ACCESS" relation="partsupp" access-method="m5">
<outputs>
<attribute name="ps_partkey" type="java.lang.Integer"/>
<attribute name="ps_suppkey" type="java.lang.Integer"/>
<attribute name="ps_availqty" type="java.lang.Integer"/>
<attribute name="ps_supplycost" type="java.math.BigDecimal"/>
<attribute name="ps_comment" type="java.lang.String"/>
</outputs>
</operator>
</child>
</operator>
</children>
</operator>
<operator type="PROJECT">
<outputs>
<attribute name="c231" type="java.lang.Integer"/>
<attribute name="c232" type="java.lang.String"/>
<attribute name="c233" type="java.lang.String"/>
<attribute name="c234" type="java.lang.String"/>
<attribute name="c235" type="java.lang.String"/>
<attribute name="c236" type="java.lang.Integer"/>
<attribute name="c237" type="java.lang.String"/>
<attribute name="c238" type="java.math.BigDecimal"/>
<attribute name="c239" type="java.lang.String"/>
</outputs>
<project>
<attribute name="p_partkey" type="java.lang.Integer"/>
<attribute name="p_name" type="java.lang.String"/>
<attribute name="p_mfgr" type="java.lang.String"/>
<attribute name="p_brand" type="java.lang.String"/>
<attribute name="p_type" type="java.lang.String"/>
<attribute name="p_size" type="java.lang.Integer"/>
<attribute name="p_container" type="java.lang.String"/>
<attribute name="p_retailprice" type="java.math.BigDecimal"/>
<attribute name="p_comment" type="java.lang.String"/>
</project>
<child>
<operator type="ACCESS" relation="part" access-method="m2">
<outputs>
<attribute name="p_partkey" type="java.lang.Integer"/>
<attribute name="p_name" type="java.lang.String"/>
<attribute name="p_mfgr" type="java.lang.String"/>
<attribute name="p_brand" type="java.lang.String"/>
<attribute name="p_type" type="java.lang.String"/>
<attribute name="p_size" type="java.lang.Integer"/>
<attribute name="p_container" type="java.lang.String"/>
<attribute name="p_retailprice" type="java.math.BigDecimal"/>
<attribute name="p_comment" type="java.lang.String"/>
</outputs>
</operator>
</child>
</operator>
</children>
</operator>
</child>
</operator>
</plan>
