<?xml version="1.0" encoding="UTF-8"?>
<query>
	<!-- Available quantities of parts supplied in the America -->
	<body>
		<atom name="part">
			<variable name="x0" />
			<variable name="x16" />
			<variable />
			<variable />
			<variable />
			<variable />
			<variable />
			<variable />
			<variable />
		</atom>
		<atom name="partsupp">
			<variable name="x0" />
			<variable name="x1" />
			<variable name="x2" />
			<variable />
			<variable />
		</atom>
		<atom name="supplier">
			<variable name="x1" />
			<variable />
			<variable />
			<variable name="x8" />
			<variable />
			<variable />
			<variable />
		</atom>
		<atom name="nation">
			<variable name="x8" />
			<variable />
			<variable name="x14" />
			<variable />
		</atom>
		<atom name="region">
			<variable name="x14" />
			<constant value="AMERICA" />
			<variable />
		</atom>
	</body>
	<head name="Q">
		<variable name="x16" />
		<variable name="x2" />
	</head>
</query>
