<?xml version="1.0" encoding="UTF-8"?>
<schema>
	<relations>
		<relation name="R">
			<attribute name="r.1" type="java.lang.Integer" />
			<access-method name="m1" type="FREE" cost="5" />
		</relation>
		<relation name="S">
			<attribute name="s.1" type="java.lang.Integer" />
			<access-method name="m2" type="FREE" cost="5" />
		</relation>
		<relation name="T">
			<attribute name="t.1" type="java.lang.Integer" />
			<access-method name="m3" type="FREE" cost="5" />
		</relation>
		<relation name="W">
			<attribute name="w.1" type="java.lang.Integer" />
			<attribute name="w.2" type="java.lang.Integer" />
		</relation>
	</relations>
	<dependencies>
		<dependency>
			<body>
				<atom name="R">
					<variable name="x" />
				</atom>
			</body>
			<head>
				<atom name="W">
					<variable name="x" />
					<variable name="y" />
				</atom>
			</head>
		</dependency>
	</dependencies>
</schema>
