<?xml version="1.0" encoding="UTF-8"?>
<plan type="dag" cost="2847627.6515151514" control-flow="TOP_DOWN">
<operator type="PROJECT">
<outputs>
<attribute name="c4611" type="java.lang.String"/>
<attribute name="c4612" type="java.lang.String"/>
<attribute name="c4613" type="java.lang.String"/>
<attribute name="c4614" type="java.lang.String"/>
<attribute name="c4615" type="java.lang.String"/>
<attribute name="c4616" type="java.lang.String"/>
<attribute name="c4617" type="java.lang.String"/>
<attribute name="c4618" type="java.lang.String"/>
<attribute name="c4619" type="java.lang.String"/>
<attribute name="c4620" type="java.lang.String"/>
<attribute name="c4632" type="java.lang.String"/>
<attribute name="c4626" type="java.lang.String"/>
<attribute name="c4633" type="java.lang.String"/>
<attribute name="c4641" type="java.lang.Integer"/>
<attribute name="c4642" type="java.lang.String"/>
<attribute name="c4643" type="java.lang.String"/>
<attribute name="c4644" type="java.lang.String"/>
<attribute name="c4645" type="java.lang.Boolean"/>
<attribute name="c4646" type="java.lang.Boolean"/>
<attribute name="c4647" type="java.lang.String"/>
<attribute name="c4614" type="java.lang.String"/>
<attribute name="c4648" type="java.lang.String"/>
<attribute name="c4649" type="java.lang.Boolean"/>
<attribute name="c4614" type="java.lang.String"/>
<attribute name="c4650" type="java.lang.String"/>
<attribute name="c4651" type="java.lang.String"/>
<attribute name="c4631" type="java.lang.String"/>
<attribute name="c4652" type="java.lang.String"/>
<attribute name="c4653" type="java.lang.String"/>
<attribute name="c4654" type="java.lang.String"/>
</outputs>
<project>
<attribute name="c4611" type="java.lang.String"/>
<attribute name="c4612" type="java.lang.String"/>
<attribute name="c4613" type="java.lang.String"/>
<attribute name="c4614" type="java.lang.String"/>
<attribute name="c4615" type="java.lang.String"/>
<attribute name="c4616" type="java.lang.String"/>
<attribute name="c4617" type="java.lang.String"/>
<attribute name="c4618" type="java.lang.String"/>
<attribute name="c4619" type="java.lang.String"/>
<attribute name="c4620" type="java.lang.String"/>
<attribute name="c4632" type="java.lang.String"/>
<attribute name="c4626" type="java.lang.String"/>
<attribute name="c4633" type="java.lang.String"/>
<attribute name="c4641" type="java.lang.Integer"/>
<attribute name="c4642" type="java.lang.String"/>
<attribute name="c4643" type="java.lang.String"/>
<attribute name="c4644" type="java.lang.String"/>
<attribute name="c4645" type="java.lang.Boolean"/>
<attribute name="c4646" type="java.lang.Boolean"/>
<attribute name="c4647" type="java.lang.String"/>
<attribute name="c4614" type="java.lang.String"/>
<attribute name="c4648" type="java.lang.String"/>
<attribute name="c4649" type="java.lang.Boolean"/>
<attribute name="c4614" type="java.lang.String"/>
<attribute name="c4650" type="java.lang.String"/>
<attribute name="c4651" type="java.lang.String"/>
<attribute name="c4631" type="java.lang.String"/>
<attribute name="c4652" type="java.lang.String"/>
<attribute name="c4653" type="java.lang.String"/>
<attribute name="c4654" type="java.lang.String"/>
</project>
<child>
<operator type="DEPENDENT_JOIN" param="34">
<outputs>
<attribute name="c4647" type="java.lang.String"/>
<attribute name="c4614" type="java.lang.String"/>
<attribute name="c4614" type="java.lang.String"/>
<attribute name="c4650" type="java.lang.String"/>
<attribute name="c4651" type="java.lang.String"/>
<attribute name="c4631" type="java.lang.String"/>
<attribute name="c4652" type="java.lang.String"/>
<attribute name="c4653" type="java.lang.String"/>
<attribute name="c4654" type="java.lang.String"/>
<attribute name="c4641" type="java.lang.Integer"/>
<attribute name="c4642" type="java.lang.String"/>
<attribute name="c4643" type="java.lang.String"/>
<attribute name="c4644" type="java.lang.String"/>
<attribute name="c4645" type="java.lang.Boolean"/>
<attribute name="c4646" type="java.lang.Boolean"/>
<attribute name="c4647" type="java.lang.String"/>
<attribute name="c4614" type="java.lang.String"/>
<attribute name="c4648" type="java.lang.String"/>
<attribute name="c4649" type="java.lang.Boolean"/>
<attribute name="c4611" type="java.lang.String"/>
<attribute name="c4612" type="java.lang.String"/>
<attribute name="c4613" type="java.lang.String"/>
<attribute name="c4614" type="java.lang.String"/>
<attribute name="c4615" type="java.lang.String"/>
<attribute name="c4616" type="java.lang.String"/>
<attribute name="c4617" type="java.lang.String"/>
<attribute name="c4618" type="java.lang.String"/>
<attribute name="c4619" type="java.lang.String"/>
<attribute name="c4620" type="java.lang.String"/>
<attribute name="c4621" type="java.lang.String"/>
<attribute name="c4622" type="java.lang.String"/>
<attribute name="c4623" type="java.lang.String"/>
<attribute name="c4624" type="java.lang.String"/>
<attribute name="c4625" type="java.lang.String"/>
<attribute name="c4626" type="java.lang.String"/>
<attribute name="c4627" type="java.lang.String"/>
<attribute name="c4628" type="java.lang.String"/>
<attribute name="c4629" type="java.lang.String"/>
<attribute name="c4630" type="java.lang.String"/>
<attribute name="c4631" type="java.lang.String"/>
<attribute name="c4632" type="java.lang.String"/>
<attribute name="c4626" type="java.lang.String"/>
<attribute name="c4633" type="java.lang.String"/>
<attribute name="c4634" type="java.lang.String"/>
<attribute name="c4635" type="java.lang.String"/>
<attribute name="c4636" type="java.lang.String"/>
<attribute name="c4637" type="java.lang.String"/>
<attribute name="c4638" type="java.lang.String"/>
<attribute name="c4639" type="java.lang.String"/>
<attribute name="c4640" type="java.lang.String"/>
</outputs>
<children>
<operator type="DEPENDENT_JOIN" param="5">
<outputs>
<attribute name="c4647" type="java.lang.String"/>
<attribute name="c4614" type="java.lang.String"/>
<attribute name="c4614" type="java.lang.String"/>
<attribute name="c4650" type="java.lang.String"/>
<attribute name="c4651" type="java.lang.String"/>
<attribute name="c4631" type="java.lang.String"/>
<attribute name="c4652" type="java.lang.String"/>
<attribute name="c4653" type="java.lang.String"/>
<attribute name="c4654" type="java.lang.String"/>
<attribute name="c4641" type="java.lang.Integer"/>
<attribute name="c4642" type="java.lang.String"/>
<attribute name="c4643" type="java.lang.String"/>
<attribute name="c4644" type="java.lang.String"/>
<attribute name="c4645" type="java.lang.Boolean"/>
<attribute name="c4646" type="java.lang.Boolean"/>
<attribute name="c4647" type="java.lang.String"/>
<attribute name="c4614" type="java.lang.String"/>
<attribute name="c4648" type="java.lang.String"/>
<attribute name="c4649" type="java.lang.Boolean"/>
<attribute name="c4611" type="java.lang.String"/>
<attribute name="c4612" type="java.lang.String"/>
<attribute name="c4613" type="java.lang.String"/>
<attribute name="c4614" type="java.lang.String"/>
<attribute name="c4615" type="java.lang.String"/>
<attribute name="c4616" type="java.lang.String"/>
<attribute name="c4617" type="java.lang.String"/>
<attribute name="c4618" type="java.lang.String"/>
<attribute name="c4619" type="java.lang.String"/>
<attribute name="c4620" type="java.lang.String"/>
<attribute name="c4621" type="java.lang.String"/>
<attribute name="c4622" type="java.lang.String"/>
<attribute name="c4623" type="java.lang.String"/>
<attribute name="c4624" type="java.lang.String"/>
<attribute name="c4625" type="java.lang.String"/>
<attribute name="c4626" type="java.lang.String"/>
<attribute name="c4627" type="java.lang.String"/>
<attribute name="c4628" type="java.lang.String"/>
<attribute name="c4629" type="java.lang.String"/>
<attribute name="c4630" type="java.lang.String"/>
<attribute name="c4631" type="java.lang.String"/>
</outputs>
<children>
<operator type="DEPENDENT_JOIN" param="1">
<outputs>
<attribute name="c4647" type="java.lang.String"/>
<attribute name="c4614" type="java.lang.String"/>
<attribute name="c4614" type="java.lang.String"/>
<attribute name="c4650" type="java.lang.String"/>
<attribute name="c4651" type="java.lang.String"/>
<attribute name="c4631" type="java.lang.String"/>
<attribute name="c4652" type="java.lang.String"/>
<attribute name="c4653" type="java.lang.String"/>
<attribute name="c4654" type="java.lang.String"/>
<attribute name="c4641" type="java.lang.Integer"/>
<attribute name="c4642" type="java.lang.String"/>
<attribute name="c4643" type="java.lang.String"/>
<attribute name="c4644" type="java.lang.String"/>
<attribute name="c4645" type="java.lang.Boolean"/>
<attribute name="c4646" type="java.lang.Boolean"/>
<attribute name="c4647" type="java.lang.String"/>
<attribute name="c4614" type="java.lang.String"/>
<attribute name="c4648" type="java.lang.String"/>
<attribute name="c4649" type="java.lang.Boolean"/>
</outputs>
<children>
<operator type="DEPENDENT_JOIN" param="1">
<outputs>
<attribute name="c4647" type="java.lang.String"/>
<attribute name="c4614" type="java.lang.String"/>
<attribute name="c4614" type="java.lang.String"/>
<attribute name="c4650" type="java.lang.String"/>
<attribute name="c4651" type="java.lang.String"/>
<attribute name="c4631" type="java.lang.String"/>
<attribute name="c4652" type="java.lang.String"/>
<attribute name="c4653" type="java.lang.String"/>
<attribute name="c4654" type="java.lang.String"/>
</outputs>
<children>
<operator type="PROJECT">
<outputs>
<attribute name="c4647" type="java.lang.String"/>
<attribute name="c4614" type="java.lang.String"/>
</outputs>
<project>
<attribute name="organismId" type="java.lang.String"/>
<attribute name="organism" type="java.lang.String"/>
</project>
<child>
<operator type="ACCESS" relation="OrganismFree" access-method="reactome_species_1">
<outputs>
<attribute name="organismId" type="java.lang.String"/>
<attribute name="organism" type="java.lang.String"/>
</outputs>
</operator>
</child>
</operator>
<operator type="PROJECT">
<outputs>
<attribute name="c4614" type="java.lang.String"/>
<attribute name="c4650" type="java.lang.String"/>
<attribute name="c4651" type="java.lang.String"/>
<attribute name="c4631" type="java.lang.String"/>
<attribute name="c4652" type="java.lang.String"/>
<attribute name="c4653" type="java.lang.String"/>
<attribute name="c4654" type="java.lang.String"/>
</outputs>
<project>
<attribute name="organism" type="java.lang.String"/>
<attribute name="pref_name" type="java.lang.String"/>
<attribute name="species_group_flag" type="java.lang.String"/>
<attribute name="target_chembl_id" type="java.lang.String"/>
<attribute name="target_component_accession" type="java.lang.String"/>
<attribute name="target_component_id" type="java.lang.String"/>
<attribute name="target_component_type" type="java.lang.String"/>
</project>
<child>
<operator type="SELECT">
<outputs>
<attribute name="organism" type="java.lang.String"/>
<attribute name="pref_name" type="java.lang.String"/>
<attribute name="species_group_flag" type="java.lang.String"/>
<attribute name="target_chembl_id" type="java.lang.String"/>
<attribute name="target_component_accession" type="java.lang.String"/>
<attribute name="target_component_id" type="java.lang.String"/>
<attribute name="target_component_type" type="java.lang.String"/>
<attribute name="target_type" type="java.lang.String"/>
</outputs>
<conjunction>
<predicate type="equality" left="7" value="SINGLE PROTEIN"/>
</conjunction>
<child>
<operator type="ACCESS" relation="TargetLimited" access-method="chembl_target_limited_1">
<outputs>
<attribute name="organism" type="java.lang.String"/>
<attribute name="pref_name" type="java.lang.String"/>
<attribute name="species_group_flag" type="java.lang.String"/>
<attribute name="target_chembl_id" type="java.lang.String"/>
<attribute name="target_component_accession" type="java.lang.String"/>
<attribute name="target_component_id" type="java.lang.String"/>
<attribute name="target_component_type" type="java.lang.String"/>
<attribute name="target_type" type="java.lang.String"/>
</outputs>
</operator>
</child>
</operator>
</child>
</operator>
</children>
</operator>
<operator type="PROJECT">
<outputs>
<attribute name="c4641" type="java.lang.Integer"/>
<attribute name="c4642" type="java.lang.String"/>
<attribute name="c4643" type="java.lang.String"/>
<attribute name="c4644" type="java.lang.String"/>
<attribute name="c4645" type="java.lang.Boolean"/>
<attribute name="c4646" type="java.lang.Boolean"/>
<attribute name="c4647" type="java.lang.String"/>
<attribute name="c4614" type="java.lang.String"/>
<attribute name="c4648" type="java.lang.String"/>
<attribute name="c4649" type="java.lang.Boolean"/>
</outputs>
<project>
<attribute name="pathwayId" type="java.lang.Integer"/>
<attribute name="pathwayName" type="java.lang.String"/>
<attribute name="stableIdentifier" type="java.lang.String"/>
<attribute name="goBiologicalProcess" type="java.lang.String"/>
<attribute name="isInDisease" type="java.lang.Boolean"/>
<attribute name="isInferred" type="java.lang.Boolean"/>
<attribute name="organismId" type="java.lang.String"/>
<attribute name="organism" type="java.lang.String"/>
<attribute name="doi" type="java.lang.String"/>
<attribute name="hasDiagram" type="java.lang.Boolean"/>
</project>
<child>
<operator type="ACCESS" relation="PathwayBySpecies" access-method="reactome_pathway_1">
<outputs>
<attribute name="pathwayId" type="java.lang.Integer"/>
<attribute name="pathwayName" type="java.lang.String"/>
<attribute name="stableIdentifier" type="java.lang.String"/>
<attribute name="goBiologicalProcess" type="java.lang.String"/>
<attribute name="isInDisease" type="java.lang.Boolean"/>
<attribute name="isInferred" type="java.lang.Boolean"/>
<attribute name="organismId" type="java.lang.String"/>
<attribute name="organism" type="java.lang.String"/>
<attribute name="doi" type="java.lang.String"/>
<attribute name="hasDiagram" type="java.lang.Boolean"/>
</outputs>
</operator>
</child>
</operator>
</children>
</operator>
<operator type="PROJECT">
<outputs>
<attribute name="c4611" type="java.lang.String"/>
<attribute name="c4612" type="java.lang.String"/>
<attribute name="c4613" type="java.lang.String"/>
<attribute name="c4614" type="java.lang.String"/>
<attribute name="c4615" type="java.lang.String"/>
<attribute name="c4616" type="java.lang.String"/>
<attribute name="c4617" type="java.lang.String"/>
<attribute name="c4618" type="java.lang.String"/>
<attribute name="c4619" type="java.lang.String"/>
<attribute name="c4620" type="java.lang.String"/>
<attribute name="c4621" type="java.lang.String"/>
<attribute name="c4622" type="java.lang.String"/>
<attribute name="c4623" type="java.lang.String"/>
<attribute name="c4624" type="java.lang.String"/>
<attribute name="c4625" type="java.lang.String"/>
<attribute name="c4626" type="java.lang.String"/>
<attribute name="c4627" type="java.lang.String"/>
<attribute name="c4628" type="java.lang.String"/>
<attribute name="c4629" type="java.lang.String"/>
<attribute name="c4630" type="java.lang.String"/>
<attribute name="c4631" type="java.lang.String"/>
</outputs>
<project>
<attribute name="assay_category" type="java.lang.String"/>
<attribute name="assay_cell_type" type="java.lang.String"/>
<attribute name="assay_chembl_id" type="java.lang.String"/>
<attribute name="assay_organism" type="java.lang.String"/>
<attribute name="assay_strain" type="java.lang.String"/>
<attribute name="assay_subcellular_fraction" type="java.lang.String"/>
<attribute name="assay_tax_id" type="java.lang.String"/>
<attribute name="assay_test_type" type="java.lang.String"/>
<attribute name="assay_type" type="java.lang.String"/>
<attribute name="assay_type_description" type="java.lang.String"/>
<attribute name="bao_format" type="java.lang.String"/>
<attribute name="cell_chembl_id" type="java.lang.String"/>
<attribute name="confidence_description" type="java.lang.String"/>
<attribute name="confidence_score" type="java.lang.String"/>
<attribute name="description" type="java.lang.String"/>
<attribute name="document_chembl_id" type="java.lang.String"/>
<attribute name="relationship_description" type="java.lang.String"/>
<attribute name="relationship_type" type="java.lang.String"/>
<attribute name="src_assay_id" type="java.lang.String"/>
<attribute name="src_id" type="java.lang.String"/>
<attribute name="target_chembl_id" type="java.lang.String"/>
</project>
<child>
<operator type="SELECT">
<outputs>
<attribute name="assay_category" type="java.lang.String"/>
<attribute name="assay_cell_type" type="java.lang.String"/>
<attribute name="assay_chembl_id" type="java.lang.String"/>
<attribute name="assay_organism" type="java.lang.String"/>
<attribute name="assay_strain" type="java.lang.String"/>
<attribute name="assay_subcellular_fraction" type="java.lang.String"/>
<attribute name="assay_tax_id" type="java.lang.String"/>
<attribute name="assay_test_type" type="java.lang.String"/>
<attribute name="assay_tissue" type="java.lang.String"/>
<attribute name="assay_type" type="java.lang.String"/>
<attribute name="assay_type_description" type="java.lang.String"/>
<attribute name="bao_format" type="java.lang.String"/>
<attribute name="cell_chembl_id" type="java.lang.String"/>
<attribute name="confidence_description" type="java.lang.String"/>
<attribute name="confidence_score" type="java.lang.String"/>
<attribute name="description" type="java.lang.String"/>
<attribute name="document_chembl_id" type="java.lang.String"/>
<attribute name="relationship_description" type="java.lang.String"/>
<attribute name="relationship_type" type="java.lang.String"/>
<attribute name="src_assay_id" type="java.lang.String"/>
<attribute name="src_id" type="java.lang.String"/>
<attribute name="target_chembl_id" type="java.lang.String"/>
</outputs>
<conjunction>
<predicate type="equality" left="8" value="Liver"/>
</conjunction>
<child>
<operator type="ACCESS" relation="AssayLimited" access-method="chembl_assay_limited_3">
<outputs>
<attribute name="assay_category" type="java.lang.String"/>
<attribute name="assay_cell_type" type="java.lang.String"/>
<attribute name="assay_chembl_id" type="java.lang.String"/>
<attribute name="assay_organism" type="java.lang.String"/>
<attribute name="assay_strain" type="java.lang.String"/>
<attribute name="assay_subcellular_fraction" type="java.lang.String"/>
<attribute name="assay_tax_id" type="java.lang.String"/>
<attribute name="assay_test_type" type="java.lang.String"/>
<attribute name="assay_tissue" type="java.lang.String"/>
<attribute name="assay_type" type="java.lang.String"/>
<attribute name="assay_type_description" type="java.lang.String"/>
<attribute name="bao_format" type="java.lang.String"/>
<attribute name="cell_chembl_id" type="java.lang.String"/>
<attribute name="confidence_description" type="java.lang.String"/>
<attribute name="confidence_score" type="java.lang.String"/>
<attribute name="description" type="java.lang.String"/>
<attribute name="document_chembl_id" type="java.lang.String"/>
<attribute name="relationship_description" type="java.lang.String"/>
<attribute name="relationship_type" type="java.lang.String"/>
<attribute name="src_assay_id" type="java.lang.String"/>
<attribute name="src_id" type="java.lang.String"/>
<attribute name="target_chembl_id" type="java.lang.String"/>
</outputs>
</operator>
</child>
</operator>
</child>
</operator>
</children>
</operator>
<operator type="PROJECT">
<outputs>
<attribute name="c4632" type="java.lang.String"/>
<attribute name="c4626" type="java.lang.String"/>
<attribute name="c4633" type="java.lang.String"/>
<attribute name="c4634" type="java.lang.String"/>
<attribute name="c4635" type="java.lang.String"/>
<attribute name="c4636" type="java.lang.String"/>
<attribute name="c4637" type="java.lang.String"/>
<attribute name="c4638" type="java.lang.String"/>
<attribute name="c4639" type="java.lang.String"/>
<attribute name="c4640" type="java.lang.String"/>
</outputs>
<project>
<attribute name="authors" type="java.lang.String"/>
<attribute name="document_chembl_id" type="java.lang.String"/>
<attribute name="doi" type="java.lang.String"/>
<attribute name="first_page" type="java.lang.String"/>
<attribute name="issue" type="java.lang.String"/>
<attribute name="journal" type="java.lang.String"/>
<attribute name="last_page" type="java.lang.String"/>
<attribute name="pubmed_id" type="java.lang.String"/>
<attribute name="title" type="java.lang.String"/>
<attribute name="volume" type="java.lang.String"/>
</project>
<child>
<operator type="SELECT">
<outputs>
<attribute name="authors" type="java.lang.String"/>
<attribute name="doc_type" type="java.lang.String"/>
<attribute name="document_chembl_id" type="java.lang.String"/>
<attribute name="doi" type="java.lang.String"/>
<attribute name="first_page" type="java.lang.String"/>
<attribute name="issue" type="java.lang.String"/>
<attribute name="journal" type="java.lang.String"/>
<attribute name="last_page" type="java.lang.String"/>
<attribute name="pubmed_id" type="java.lang.String"/>
<attribute name="title" type="java.lang.String"/>
<attribute name="volume" type="java.lang.String"/>
<attribute name="year" type="java.lang.String"/>
</outputs>
<conjunction>
<predicate type="equality" left="1" value="PUBLICATION"/>
<predicate type="equality" left="11" value="2013"/>
</conjunction>
<child>
<operator type="ACCESS" relation="DocumentLimited" access-method="chembl_document_limited">
<outputs>
<attribute name="authors" type="java.lang.String"/>
<attribute name="doc_type" type="java.lang.String"/>
<attribute name="document_chembl_id" type="java.lang.String"/>
<attribute name="doi" type="java.lang.String"/>
<attribute name="first_page" type="java.lang.String"/>
<attribute name="issue" type="java.lang.String"/>
<attribute name="journal" type="java.lang.String"/>
<attribute name="last_page" type="java.lang.String"/>
<attribute name="pubmed_id" type="java.lang.String"/>
<attribute name="title" type="java.lang.String"/>
<attribute name="volume" type="java.lang.String"/>
<attribute name="year" type="java.lang.String"/>
</outputs>
</operator>
</child>
</operator>
</child>
</operator>
</children>
</operator>
</child>
</operator>
</plan>
