<?xml version="1.0" encoding="UTF-8"?>
<plan type="linear" cost="2.1022348704E7" control-flow="TOP_DOWN">
<command name="T1">
<operator type="CROSS_PRODUCT">
<outputs>
<attribute name="k4870" type="java.lang.String"/>
<attribute name="k4870" type="java.lang.String"/>
<attribute name="k4871" type="java.lang.String"/>
<attribute name="k4868" type="java.lang.String"/>
<attribute name="c4856" type="java.lang.String"/>
<attribute name="c4860" type="java.lang.String"/>
</outputs>
<children>
<operator type="PROJECT">
<outputs>
<attribute name="k4870" type="java.lang.String"/>
<attribute name="k4870" type="java.lang.String"/>
<attribute name="k4871" type="java.lang.String"/>
</outputs>
<project>
<attribute name="x0" type="java.lang.String"/>
<attribute name="x1" type="java.lang.String"/>
<attribute name="x2" type="java.lang.String"/>
</project>
<child>
<operator type="SELECT">
<outputs>
<attribute name="x0" type="java.lang.String"/>
<attribute name="x1" type="java.lang.String"/>
<attribute name="x2" type="java.lang.String"/>
</outputs>
<conjunction>
<predicate type="equality" left="0" right="1"/>
</conjunction>
<child>
<operator type="ACCESS" relation="R1" access-method="mt_3">
<outputs>
<attribute name="x0" type="java.lang.String"/>
<attribute name="x1" type="java.lang.String"/>
<attribute name="x2" type="java.lang.String"/>
</outputs>
</operator>
</child>
</operator>
</child>
</operator>
<operator type="PROJECT">
<outputs>
<attribute name="k4868" type="java.lang.String"/>
<attribute name="c4856" type="java.lang.String"/>
<attribute name="c4860" type="java.lang.String"/>
</outputs>
<project>
<attribute name="x0" type="java.lang.String"/>
<attribute name="x1" type="java.lang.String"/>
<attribute name="x2" type="java.lang.String"/>
</project>
<child>
<operator type="ACCESS" relation="R1" access-method="mt_3">
<outputs>
<attribute name="x0" type="java.lang.String"/>
<attribute name="x1" type="java.lang.String"/>
<attribute name="x2" type="java.lang.String"/>
</outputs>
</operator>
</child>
</operator>
</children>
</operator>
</command>
<command name="T2">
<operator type="DEPENDENT_JOIN" param="4">
<outputs>
<attribute name="k4870" type="java.lang.String"/>
<attribute name="k4870" type="java.lang.String"/>
<attribute name="k4871" type="java.lang.String"/>
<attribute name="k4868" type="java.lang.String"/>
<attribute name="c4856" type="java.lang.String"/>
<attribute name="c4860" type="java.lang.String"/>
<attribute name="c4859" type="java.lang.String"/>
<attribute name="c4856" type="java.lang.String"/>
<attribute name="c4860" type="java.lang.String"/>
</outputs>
<children>
<operator type="ALIAS" name="T1"/>
<operator type="PROJECT">
<outputs>
<attribute name="c4859" type="java.lang.String"/>
<attribute name="c4856" type="java.lang.String"/>
<attribute name="c4860" type="java.lang.String"/>
</outputs>
<project>
<attribute name="x0" type="java.lang.String"/>
<attribute name="x1" type="java.lang.String"/>
<attribute name="x2" type="java.lang.String"/>
</project>
<child>
<operator type="ACCESS" relation="R3" access-method="mt_6">
<outputs>
<attribute name="x0" type="java.lang.String"/>
<attribute name="x1" type="java.lang.String"/>
<attribute name="x2" type="java.lang.String"/>
</outputs>
</operator>
</child>
</operator>
</children>
</operator>
</command>
<command name="T3">
<operator type="DEPENDENT_JOIN" param="4">
<outputs>
<attribute name="k4870" type="java.lang.String"/>
<attribute name="k4870" type="java.lang.String"/>
<attribute name="k4871" type="java.lang.String"/>
<attribute name="k4868" type="java.lang.String"/>
<attribute name="c4856" type="java.lang.String"/>
<attribute name="c4860" type="java.lang.String"/>
<attribute name="c4859" type="java.lang.String"/>
<attribute name="c4856" type="java.lang.String"/>
<attribute name="c4860" type="java.lang.String"/>
<attribute name="c4856" type="java.lang.String"/>
<attribute name="c4857" type="java.lang.String"/>
<attribute name="c4858" type="java.lang.String"/>
</outputs>
<children>
<operator type="ALIAS" name="T2"/>
<operator type="PROJECT">
<outputs>
<attribute name="c4856" type="java.lang.String"/>
<attribute name="c4857" type="java.lang.String"/>
<attribute name="c4858" type="java.lang.String"/>
</outputs>
<project>
<attribute name="x0" type="java.lang.String"/>
<attribute name="x1" type="java.lang.String"/>
<attribute name="x2" type="java.lang.String"/>
</project>
<child>
<operator type="ACCESS" relation="R0" access-method="mt_0">
<outputs>
<attribute name="x0" type="java.lang.String"/>
<attribute name="x1" type="java.lang.String"/>
<attribute name="x2" type="java.lang.String"/>
</outputs>
</operator>
</child>
</operator>
</children>
</operator>
</command>
<command name="T4">
<operator type="PROJECT">
<outputs>
<attribute name="c4857" type="java.lang.String"/>
</outputs>
<project>
<attribute name="c4857" type="java.lang.String"/>
</project>
<child>
<operator type="JOIN" variant="SYMMETRIC_HASH">
<outputs>
<attribute name="k4870" type="java.lang.String"/>
<attribute name="k4870" type="java.lang.String"/>
<attribute name="k4871" type="java.lang.String"/>
<attribute name="k4868" type="java.lang.String"/>
<attribute name="c4856" type="java.lang.String"/>
<attribute name="c4860" type="java.lang.String"/>
<attribute name="c4859" type="java.lang.String"/>
<attribute name="c4856" type="java.lang.String"/>
<attribute name="c4860" type="java.lang.String"/>
<attribute name="c4856" type="java.lang.String"/>
<attribute name="c4857" type="java.lang.String"/>
<attribute name="c4858" type="java.lang.String"/>
<attribute name="c4861" type="java.lang.String"/>
<attribute name="c4862" type="java.lang.String"/>
<attribute name="c4858" type="java.lang.String"/>
</outputs>
<conjunction>
<predicate type="equality" left="11" right="14"/>
</conjunction>
<children>
<operator type="ALIAS" name="T3"/>
<operator type="PROJECT">
<outputs>
<attribute name="c4861" type="java.lang.String"/>
<attribute name="c4862" type="java.lang.String"/>
<attribute name="c4858" type="java.lang.String"/>
</outputs>
<project>
<attribute name="x0" type="java.lang.String"/>
<attribute name="x1" type="java.lang.String"/>
<attribute name="x2" type="java.lang.String"/>
</project>
<child>
<operator type="ACCESS" relation="R4" access-method="mt_9">
<outputs>
<attribute name="x0" type="java.lang.String"/>
<attribute name="x1" type="java.lang.String"/>
<attribute name="x2" type="java.lang.String"/>
</outputs>
</operator>
</child>
</operator>
</children>
</operator>
</child>
</operator>
</command>
</plan>
