<?xml version="1.0" encoding="UTF-8"?>
<query>
	<!-- Customer who have order the same parts in the same quantity -->
	<body>
		<atom name="orders">
			<variable name="x1" />
			<variable name="x3" />
			<variable />
			<variable />
			<variable />
			<variable />
			<variable />
			<variable />
			<variable />
		</atom>
		<atom name="lineitem">
			<variable name="x1" />
			<variable name="x5" />
			<variable name="x6" />
			<variable />
			<variable name="x7" />
			<variable />
			<variable />
			<variable />
			<variable />
			<variable />
			<variable />
			<variable />
			<variable />
			<variable />
			<variable />
			<variable />
		</atom>
		<atom name="orders">
			<variable name="x2" />
			<variable name="x4" />
			<variable />
			<variable />
			<variable />
			<variable />
			<variable />
			<variable />
			<variable />
		</atom>
		<atom name="lineitem">
			<variable name="x2" />
			<variable name="x5" />
			<variable name="x6" />
			<variable />
			<variable name="x7" />
			<variable />
			<variable />
			<variable />
			<variable />
			<variable />
			<variable />
			<variable />
			<variable />
			<variable />
			<variable />
			<variable />
		</atom>
		<atom name="customer">
			<variable name="x3" />
			<variable name="cname1" />
			<variable />
			<variable />
			<variable />
			<variable />
			<variable />
			<variable />
		</atom>
		<atom name="customer">
			<variable name="x4" />
			<variable name="cname2" />
			<variable />
			<variable />
			<variable />
			<variable />
			<variable />
			<variable />
		</atom>
	</body>
	<head name="Q">
		<variable name="cname1" />
		<variable name="cname2" />
	</head>
</query>
