<?xml version="1.0" encoding="UTF-8"?>
<plan type="dag" cost="1455646.6666666667" control-flow="TOP_DOWN">
<operator type="PROJECT">
<outputs>
<attribute name="c1494" type="java.lang.String"/>
<attribute name="c1509" type="java.math.BigDecimal"/>
<attribute name="c1510" type="java.math.BigDecimal"/>
</outputs>
<project>
<attribute name="c1494" type="java.lang.String"/>
<attribute name="c1509" type="java.math.BigDecimal"/>
<attribute name="c1510" type="java.math.BigDecimal"/>
</project>
<child>
<operator type="DEPENDENT_JOIN" param="29">
<outputs>
<attribute name="c1495" type="java.lang.Integer"/>
<attribute name="c1497" type="java.lang.String"/>
<attribute name="c1483" type="java.lang.Integer"/>
<attribute name="c1494" type="java.lang.String"/>
<attribute name="c1495" type="java.lang.Integer"/>
<attribute name="c1496" type="java.lang.String"/>
<attribute name="c1488" type="java.lang.Integer"/>
<attribute name="c1489" type="java.lang.String"/>
<attribute name="c1490" type="java.lang.String"/>
<attribute name="c1483" type="java.lang.Integer"/>
<attribute name="c1491" type="java.lang.String"/>
<attribute name="c1492" type="java.math.BigDecimal"/>
<attribute name="c1493" type="java.lang.String"/>
<attribute name="c1498" type="java.lang.Integer"/>
<attribute name="c1506" type="java.lang.Integer"/>
<attribute name="c1488" type="java.lang.Integer"/>
<attribute name="c1507" type="java.lang.Integer"/>
<attribute name="c1508" type="java.math.BigDecimal"/>
<attribute name="c1509" type="java.math.BigDecimal"/>
<attribute name="c1510" type="java.math.BigDecimal"/>
<attribute name="c1511" type="java.math.BigDecimal"/>
<attribute name="c1512" type="java.lang.String"/>
<attribute name="c1513" type="java.lang.String"/>
<attribute name="c1514" type="java.sql.Date"/>
<attribute name="c1515" type="java.sql.Date"/>
<attribute name="c1516" type="java.sql.Date"/>
<attribute name="c1517" type="java.lang.String"/>
<attribute name="c1518" type="java.lang.String"/>
<attribute name="c1519" type="java.lang.String"/>
<attribute name="c1480" type="java.lang.Integer"/>
<attribute name="c1481" type="java.lang.String"/>
<attribute name="c1482" type="java.lang.String"/>
<attribute name="c1483" type="java.lang.Integer"/>
<attribute name="c1484" type="java.lang.String"/>
<attribute name="c1485" type="java.math.BigDecimal"/>
<attribute name="c1486" type="java.lang.String"/>
<attribute name="c1487" type="java.lang.String"/>
<attribute name="c1498" type="java.lang.Integer"/>
<attribute name="c1480" type="java.lang.Integer"/>
<attribute name="c1499" type="java.lang.String"/>
<attribute name="c1500" type="java.math.BigDecimal"/>
<attribute name="c1501" type="java.sql.Date"/>
<attribute name="c1502" type="java.lang.String"/>
<attribute name="c1503" type="java.lang.String"/>
<attribute name="c1504" type="java.lang.Integer"/>
<attribute name="c1505" type="java.lang.String"/>
</outputs>
<children>
<operator type="DEPENDENT_JOIN" param="2">
<outputs>
<attribute name="c1495" type="java.lang.Integer"/>
<attribute name="c1497" type="java.lang.String"/>
<attribute name="c1483" type="java.lang.Integer"/>
<attribute name="c1494" type="java.lang.String"/>
<attribute name="c1495" type="java.lang.Integer"/>
<attribute name="c1496" type="java.lang.String"/>
<attribute name="c1488" type="java.lang.Integer"/>
<attribute name="c1489" type="java.lang.String"/>
<attribute name="c1490" type="java.lang.String"/>
<attribute name="c1483" type="java.lang.Integer"/>
<attribute name="c1491" type="java.lang.String"/>
<attribute name="c1492" type="java.math.BigDecimal"/>
<attribute name="c1493" type="java.lang.String"/>
<attribute name="c1498" type="java.lang.Integer"/>
<attribute name="c1506" type="java.lang.Integer"/>
<attribute name="c1488" type="java.lang.Integer"/>
<attribute name="c1507" type="java.lang.Integer"/>
<attribute name="c1508" type="java.math.BigDecimal"/>
<attribute name="c1509" type="java.math.BigDecimal"/>
<attribute name="c1510" type="java.math.BigDecimal"/>
<attribute name="c1511" type="java.math.BigDecimal"/>
<attribute name="c1512" type="java.lang.String"/>
<attribute name="c1513" type="java.lang.String"/>
<attribute name="c1514" type="java.sql.Date"/>
<attribute name="c1515" type="java.sql.Date"/>
<attribute name="c1516" type="java.sql.Date"/>
<attribute name="c1517" type="java.lang.String"/>
<attribute name="c1518" type="java.lang.String"/>
<attribute name="c1519" type="java.lang.String"/>
<attribute name="c1480" type="java.lang.Integer"/>
<attribute name="c1481" type="java.lang.String"/>
<attribute name="c1482" type="java.lang.String"/>
<attribute name="c1483" type="java.lang.Integer"/>
<attribute name="c1484" type="java.lang.String"/>
<attribute name="c1485" type="java.math.BigDecimal"/>
<attribute name="c1486" type="java.lang.String"/>
<attribute name="c1487" type="java.lang.String"/>
</outputs>
<children>
<operator type="DEPENDENT_JOIN" param="6">
<outputs>
<attribute name="c1495" type="java.lang.Integer"/>
<attribute name="c1497" type="java.lang.String"/>
<attribute name="c1483" type="java.lang.Integer"/>
<attribute name="c1494" type="java.lang.String"/>
<attribute name="c1495" type="java.lang.Integer"/>
<attribute name="c1496" type="java.lang.String"/>
<attribute name="c1488" type="java.lang.Integer"/>
<attribute name="c1489" type="java.lang.String"/>
<attribute name="c1490" type="java.lang.String"/>
<attribute name="c1483" type="java.lang.Integer"/>
<attribute name="c1491" type="java.lang.String"/>
<attribute name="c1492" type="java.math.BigDecimal"/>
<attribute name="c1493" type="java.lang.String"/>
<attribute name="c1498" type="java.lang.Integer"/>
<attribute name="c1506" type="java.lang.Integer"/>
<attribute name="c1488" type="java.lang.Integer"/>
<attribute name="c1507" type="java.lang.Integer"/>
<attribute name="c1508" type="java.math.BigDecimal"/>
<attribute name="c1509" type="java.math.BigDecimal"/>
<attribute name="c1510" type="java.math.BigDecimal"/>
<attribute name="c1511" type="java.math.BigDecimal"/>
<attribute name="c1512" type="java.lang.String"/>
<attribute name="c1513" type="java.lang.String"/>
<attribute name="c1514" type="java.sql.Date"/>
<attribute name="c1515" type="java.sql.Date"/>
<attribute name="c1516" type="java.sql.Date"/>
<attribute name="c1517" type="java.lang.String"/>
<attribute name="c1518" type="java.lang.String"/>
<attribute name="c1519" type="java.lang.String"/>
</outputs>
<children>
<operator type="DEPENDENT_JOIN" param="2">
<outputs>
<attribute name="c1495" type="java.lang.Integer"/>
<attribute name="c1497" type="java.lang.String"/>
<attribute name="c1483" type="java.lang.Integer"/>
<attribute name="c1494" type="java.lang.String"/>
<attribute name="c1495" type="java.lang.Integer"/>
<attribute name="c1496" type="java.lang.String"/>
<attribute name="c1488" type="java.lang.Integer"/>
<attribute name="c1489" type="java.lang.String"/>
<attribute name="c1490" type="java.lang.String"/>
<attribute name="c1483" type="java.lang.Integer"/>
<attribute name="c1491" type="java.lang.String"/>
<attribute name="c1492" type="java.math.BigDecimal"/>
<attribute name="c1493" type="java.lang.String"/>
</outputs>
<children>
<operator type="DEPENDENT_JOIN" param="0">
<outputs>
<attribute name="c1495" type="java.lang.Integer"/>
<attribute name="c1497" type="java.lang.String"/>
<attribute name="c1483" type="java.lang.Integer"/>
<attribute name="c1494" type="java.lang.String"/>
<attribute name="c1495" type="java.lang.Integer"/>
<attribute name="c1496" type="java.lang.String"/>
</outputs>
<children>
<operator type="PROJECT">
<outputs>
<attribute name="c1495" type="java.lang.Integer"/>
<attribute name="c1497" type="java.lang.String"/>
</outputs>
<project>
<attribute name="r_regionkey" type="java.lang.Integer"/>
<attribute name="r_comment" type="java.lang.String"/>
</project>
<child>
<operator type="SELECT">
<outputs>
<attribute name="r_regionkey" type="java.lang.Integer"/>
<attribute name="r_name" type="java.lang.String"/>
<attribute name="r_comment" type="java.lang.String"/>
</outputs>
<conjunction>
<predicate type="equality" left="1" value="AFRICA"/>
</conjunction>
<child>
<operator type="ACCESS" relation="region" access-method="m8">
<outputs>
<attribute name="r_regionkey" type="java.lang.Integer"/>
<attribute name="r_name" type="java.lang.String"/>
<attribute name="r_comment" type="java.lang.String"/>
</outputs>
</operator>
</child>
</operator>
</child>
</operator>
<operator type="PROJECT">
<outputs>
<attribute name="c1483" type="java.lang.Integer"/>
<attribute name="c1494" type="java.lang.String"/>
<attribute name="c1495" type="java.lang.Integer"/>
<attribute name="c1496" type="java.lang.String"/>
</outputs>
<project>
<attribute name="n_nationkey" type="java.lang.Integer"/>
<attribute name="n_name" type="java.lang.String"/>
<attribute name="n_regionkey" type="java.lang.Integer"/>
<attribute name="n_comment" type="java.lang.String"/>
</project>
<child>
<operator type="ACCESS" relation="nation" access-method="m7">
<outputs>
<attribute name="n_nationkey" type="java.lang.Integer"/>
<attribute name="n_name" type="java.lang.String"/>
<attribute name="n_regionkey" type="java.lang.Integer"/>
<attribute name="n_comment" type="java.lang.String"/>
</outputs>
</operator>
</child>
</operator>
</children>
</operator>
<operator type="PROJECT">
<outputs>
<attribute name="c1488" type="java.lang.Integer"/>
<attribute name="c1489" type="java.lang.String"/>
<attribute name="c1490" type="java.lang.String"/>
<attribute name="c1483" type="java.lang.Integer"/>
<attribute name="c1491" type="java.lang.String"/>
<attribute name="c1492" type="java.math.BigDecimal"/>
<attribute name="c1493" type="java.lang.String"/>
</outputs>
<project>
<attribute name="s_suppkey" type="java.lang.Integer"/>
<attribute name="s_name" type="java.lang.String"/>
<attribute name="s_address" type="java.lang.String"/>
<attribute name="s_nationkey" type="java.lang.Integer"/>
<attribute name="s_phone" type="java.lang.String"/>
<attribute name="s_acctbal" type="java.math.BigDecimal"/>
<attribute name="s_comment" type="java.lang.String"/>
</project>
<child>
<operator type="ACCESS" relation="supplier" access-method="m3">
<outputs>
<attribute name="s_suppkey" type="java.lang.Integer"/>
<attribute name="s_name" type="java.lang.String"/>
<attribute name="s_address" type="java.lang.String"/>
<attribute name="s_nationkey" type="java.lang.Integer"/>
<attribute name="s_phone" type="java.lang.String"/>
<attribute name="s_acctbal" type="java.math.BigDecimal"/>
<attribute name="s_comment" type="java.lang.String"/>
</outputs>
</operator>
</child>
</operator>
</children>
</operator>
<operator type="PROJECT">
<outputs>
<attribute name="c1498" type="java.lang.Integer"/>
<attribute name="c1506" type="java.lang.Integer"/>
<attribute name="c1488" type="java.lang.Integer"/>
<attribute name="c1507" type="java.lang.Integer"/>
<attribute name="c1508" type="java.math.BigDecimal"/>
<attribute name="c1509" type="java.math.BigDecimal"/>
<attribute name="c1510" type="java.math.BigDecimal"/>
<attribute name="c1511" type="java.math.BigDecimal"/>
<attribute name="c1512" type="java.lang.String"/>
<attribute name="c1513" type="java.lang.String"/>
<attribute name="c1514" type="java.sql.Date"/>
<attribute name="c1515" type="java.sql.Date"/>
<attribute name="c1516" type="java.sql.Date"/>
<attribute name="c1517" type="java.lang.String"/>
<attribute name="c1518" type="java.lang.String"/>
<attribute name="c1519" type="java.lang.String"/>
</outputs>
<project>
<attribute name="l_orderkey" type="java.lang.Integer"/>
<attribute name="l_partkey" type="java.lang.Integer"/>
<attribute name="l_suppkey" type="java.lang.Integer"/>
<attribute name="l_linenumber" type="java.lang.Integer"/>
<attribute name="l_quantity" type="java.math.BigDecimal"/>
<attribute name="l_extendedprice" type="java.math.BigDecimal"/>
<attribute name="l_discount" type="java.math.BigDecimal"/>
<attribute name="l_tax" type="java.math.BigDecimal"/>
<attribute name="l_returnflag" type="java.lang.String"/>
<attribute name="l_linestatus" type="java.lang.String"/>
<attribute name="l_shipdate" type="java.sql.Date"/>
<attribute name="l_commitdate" type="java.sql.Date"/>
<attribute name="l_receiptdate" type="java.sql.Date"/>
<attribute name="l_shipinstruct" type="java.lang.String"/>
<attribute name="l_shipmode" type="java.lang.String"/>
<attribute name="l_comment" type="java.lang.String"/>
</project>
<child>
<operator type="ACCESS" relation="lineitem" access-method="m11">
<outputs>
<attribute name="l_orderkey" type="java.lang.Integer"/>
<attribute name="l_partkey" type="java.lang.Integer"/>
<attribute name="l_suppkey" type="java.lang.Integer"/>
<attribute name="l_linenumber" type="java.lang.Integer"/>
<attribute name="l_quantity" type="java.math.BigDecimal"/>
<attribute name="l_extendedprice" type="java.math.BigDecimal"/>
<attribute name="l_discount" type="java.math.BigDecimal"/>
<attribute name="l_tax" type="java.math.BigDecimal"/>
<attribute name="l_returnflag" type="java.lang.String"/>
<attribute name="l_linestatus" type="java.lang.String"/>
<attribute name="l_shipdate" type="java.sql.Date"/>
<attribute name="l_commitdate" type="java.sql.Date"/>
<attribute name="l_receiptdate" type="java.sql.Date"/>
<attribute name="l_shipinstruct" type="java.lang.String"/>
<attribute name="l_shipmode" type="java.lang.String"/>
<attribute name="l_comment" type="java.lang.String"/>
</outputs>
</operator>
</child>
</operator>
</children>
</operator>
<operator type="PROJECT">
<outputs>
<attribute name="c1480" type="java.lang.Integer"/>
<attribute name="c1481" type="java.lang.String"/>
<attribute name="c1482" type="java.lang.String"/>
<attribute name="c1483" type="java.lang.Integer"/>
<attribute name="c1484" type="java.lang.String"/>
<attribute name="c1485" type="java.math.BigDecimal"/>
<attribute name="c1486" type="java.lang.String"/>
<attribute name="c1487" type="java.lang.String"/>
</outputs>
<project>
<attribute name="c_custkey" type="java.lang.Integer"/>
<attribute name="c_name" type="java.lang.String"/>
<attribute name="c_address" type="java.lang.String"/>
<attribute name="c_nationkey" type="java.lang.Integer"/>
<attribute name="c_phone" type="java.lang.String"/>
<attribute name="c_acctbal" type="java.math.BigDecimal"/>
<attribute name="c_mktsegment" type="java.lang.String"/>
<attribute name="c_comment" type="java.lang.String"/>
</project>
<child>
<operator type="ACCESS" relation="customer" access-method="m1">
<outputs>
<attribute name="c_custkey" type="java.lang.Integer"/>
<attribute name="c_name" type="java.lang.String"/>
<attribute name="c_address" type="java.lang.String"/>
<attribute name="c_nationkey" type="java.lang.Integer"/>
<attribute name="c_phone" type="java.lang.String"/>
<attribute name="c_acctbal" type="java.math.BigDecimal"/>
<attribute name="c_mktsegment" type="java.lang.String"/>
<attribute name="c_comment" type="java.lang.String"/>
</outputs>
</operator>
</child>
</operator>
</children>
</operator>
<operator type="PROJECT">
<outputs>
<attribute name="c1498" type="java.lang.Integer"/>
<attribute name="c1480" type="java.lang.Integer"/>
<attribute name="c1499" type="java.lang.String"/>
<attribute name="c1500" type="java.math.BigDecimal"/>
<attribute name="c1501" type="java.sql.Date"/>
<attribute name="c1502" type="java.lang.String"/>
<attribute name="c1503" type="java.lang.String"/>
<attribute name="c1504" type="java.lang.Integer"/>
<attribute name="c1505" type="java.lang.String"/>
</outputs>
<project>
<attribute name="o_orderkey" type="java.lang.Integer"/>
<attribute name="o_custkey" type="java.lang.Integer"/>
<attribute name="o_orderstatus" type="java.lang.String"/>
<attribute name="o_totalprice" type="java.math.BigDecimal"/>
<attribute name="o_orderdate" type="java.sql.Date"/>
<attribute name="o_orderpriority" type="java.lang.String"/>
<attribute name="o_clerk" type="java.lang.String"/>
<attribute name="o_shippriority" type="java.lang.Integer"/>
<attribute name="o_comment" type="java.lang.String"/>
</project>
<child>
<operator type="ACCESS" relation="orders" access-method="m9">
<outputs>
<attribute name="o_orderkey" type="java.lang.Integer"/>
<attribute name="o_custkey" type="java.lang.Integer"/>
<attribute name="o_orderstatus" type="java.lang.String"/>
<attribute name="o_totalprice" type="java.math.BigDecimal"/>
<attribute name="o_orderdate" type="java.sql.Date"/>
<attribute name="o_orderpriority" type="java.lang.String"/>
<attribute name="o_clerk" type="java.lang.String"/>
<attribute name="o_shippriority" type="java.lang.Integer"/>
<attribute name="o_comment" type="java.lang.String"/>
</outputs>
</operator>
</child>
</operator>
</children>
</operator>
</child>
</operator>
</plan>
