<?xml version="1.0" encoding="UTF-8"?>
<!--
	SELECT n_name, sum(l_extendedprice * (1 - l_discount)) AS revenue
	FROM  customer, orders, lineitem, supplier, nation, region
	WHERE c_custkey = o_custkey
	AND l_orderkey = o_orderkey
	AND l_suppkey = s_suppkey
	AND c_nationkey = s_nationkey
	AND s_nationkey = n_nationkey
	AND n_regionkey = r_regionkey
	AND r_name = 'AFRICA'
	AND o_orderdate >= date ''
	AND o_orderdate < date '' + interval '1' year
	GROUP BY n_name
	ORDER BY revenue DESC;
 -->
<query>
	<body>
		<atom name="customer">
			<variable name="c_custkey" />
			<variable name="c_name" />
			<variable name="c_address" />
			<variable name="c_nation" />
			<variable name="c_phone" />
			<variable name="c_acctbal" />
			<variable name="c_mktsegment" />
			<variable name="c_comment" />
		</atom>
		<atom name="supplier">
			<variable name="s_suppkey" />
			<variable name="s_name" />
			<variable name="s_address" />
			<variable name="c_nation" />
			<variable name="s_phone" />
			<variable name="s_acctbal" />
			<variable name="s_comment" />
		</atom>
		<atom name="nation">
			<variable name="c_nation" />
			<variable name="n_name" />
			<variable name="n_regionkey" />
			<variable name="n_comment" />
		</atom>
		<atom name="region">
			<variable name="n_regionkey" />
			<constant value="AFRICA" />
			<variable name="r_comment" />
		</atom>
		<atom name="orders">
			<variable name="o_orderkey" />
			<variable name="c_custkey" />
			<variable name="o_orderstatus" />
			<variable name="o_totalprice" />
			<variable name="o_orderdate" />
			<variable name="o_orderpriority" />
			<variable name="o_clerk" />
			<variable name="o_shippriority" />
			<variable name="o_comment" />
		</atom>
		<atom name="lineitem">
			<variable name="o_orderkey" />
			<variable name="l_partkey" />
			<variable name="s_suppkey" />
			<variable name="l_linenumber" />
			<variable name="l_quantity" />
			<variable name="l_extendedprice" />
			<variable name="l_discount" />
			<variable name="l_tax" />
			<variable name="l_returnflag" />
			<variable name="l_linestatus" />
			<variable name="l_shipdate" />
			<variable name="l_commitdate" />
			<variable name="l_receiptdate" />
			<variable name="l_shipinstruct" />
			<variable name="l_shipmode" />
			<variable name="l_comment" />
		</atom>

	</body>
	<head name="Q">
		<variable name="n_name" />
		<variable name="l_extendedprice" />
		<variable name="l_discount" />
	</head>
</query>
