<?xml version="1.0" encoding="UTF-8"?>
<plan type="dag" cost="10889.8942" control-flow="TOP_DOWN">
<operator type="DEPENDENT_JOIN" param="23">
<outputs>
<attribute name="c1036" type="java.lang.String"/>
<attribute name="c1037" type="java.lang.String"/>
<attribute name="c1038" type="java.lang.String"/>
<attribute name="c1026" type="java.lang.String"/>
<attribute name="c1039" type="java.lang.String"/>
<attribute name="c1040" type="java.lang.String"/>
<attribute name="c1041" type="java.lang.String"/>
<attribute name="c1005" type="java.lang.String"/>
<attribute name="c1006" type="java.lang.String"/>
<attribute name="c1007" type="java.lang.String"/>
<attribute name="c1008" type="java.lang.String"/>
<attribute name="c1009" type="java.lang.String"/>
<attribute name="c1010" type="java.lang.String"/>
<attribute name="c1011" type="java.lang.String"/>
<attribute name="c1012" type="java.lang.String"/>
<attribute name="c1013" type="java.lang.String"/>
<attribute name="c1014" type="java.lang.String"/>
<attribute name="c1015" type="java.lang.String"/>
<attribute name="c1016" type="java.lang.String"/>
<attribute name="c1017" type="java.lang.String"/>
<attribute name="c1018" type="java.lang.String"/>
<attribute name="c1019" type="java.lang.String"/>
<attribute name="c1020" type="java.lang.String"/>
<attribute name="c1021" type="java.lang.String"/>
<attribute name="c1022" type="java.lang.String"/>
<attribute name="c1023" type="java.lang.String"/>
<attribute name="c1024" type="java.lang.String"/>
<attribute name="c1025" type="java.lang.String"/>
<attribute name="c1026" type="java.lang.String"/>
<attribute name="c1027" type="java.lang.String"/>
<attribute name="c1021" type="java.lang.String"/>
<attribute name="c1028" type="java.lang.String"/>
<attribute name="c1029" type="java.lang.String"/>
<attribute name="c1030" type="java.lang.String"/>
<attribute name="c1031" type="java.lang.String"/>
<attribute name="c1032" type="java.lang.String"/>
<attribute name="c1033" type="java.lang.String"/>
<attribute name="c1034" type="java.lang.String"/>
<attribute name="c1035" type="java.lang.String"/>
</outputs>
<children>
<operator type="DEPENDENT_JOIN" param="3">
<outputs>
<attribute name="c1036" type="java.lang.String"/>
<attribute name="c1037" type="java.lang.String"/>
<attribute name="c1038" type="java.lang.String"/>
<attribute name="c1026" type="java.lang.String"/>
<attribute name="c1039" type="java.lang.String"/>
<attribute name="c1040" type="java.lang.String"/>
<attribute name="c1041" type="java.lang.String"/>
<attribute name="c1005" type="java.lang.String"/>
<attribute name="c1006" type="java.lang.String"/>
<attribute name="c1007" type="java.lang.String"/>
<attribute name="c1008" type="java.lang.String"/>
<attribute name="c1009" type="java.lang.String"/>
<attribute name="c1010" type="java.lang.String"/>
<attribute name="c1011" type="java.lang.String"/>
<attribute name="c1012" type="java.lang.String"/>
<attribute name="c1013" type="java.lang.String"/>
<attribute name="c1014" type="java.lang.String"/>
<attribute name="c1015" type="java.lang.String"/>
<attribute name="c1016" type="java.lang.String"/>
<attribute name="c1017" type="java.lang.String"/>
<attribute name="c1018" type="java.lang.String"/>
<attribute name="c1019" type="java.lang.String"/>
<attribute name="c1020" type="java.lang.String"/>
<attribute name="c1021" type="java.lang.String"/>
<attribute name="c1022" type="java.lang.String"/>
<attribute name="c1023" type="java.lang.String"/>
<attribute name="c1024" type="java.lang.String"/>
<attribute name="c1025" type="java.lang.String"/>
<attribute name="c1026" type="java.lang.String"/>
</outputs>
<children>
<operator type="PROJECT">
<outputs>
<attribute name="c1036" type="java.lang.String"/>
<attribute name="c1037" type="java.lang.String"/>
<attribute name="c1038" type="java.lang.String"/>
<attribute name="c1026" type="java.lang.String"/>
<attribute name="c1039" type="java.lang.String"/>
<attribute name="c1040" type="java.lang.String"/>
<attribute name="c1041" type="java.lang.String"/>
</outputs>
<project>
<attribute name="organism" type="java.lang.String"/>
<attribute name="pref_name" type="java.lang.String"/>
<attribute name="species_group_flag" type="java.lang.String"/>
<attribute name="target_chembl_id" type="java.lang.String"/>
<attribute name="target_component_accession" type="java.lang.String"/>
<attribute name="target_component_id" type="java.lang.String"/>
<attribute name="target_component_type" type="java.lang.String"/>
</project>
<child>
<operator type="SELECT">
<outputs>
<attribute name="organism" type="java.lang.String"/>
<attribute name="pref_name" type="java.lang.String"/>
<attribute name="species_group_flag" type="java.lang.String"/>
<attribute name="target_chembl_id" type="java.lang.String"/>
<attribute name="target_component_accession" type="java.lang.String"/>
<attribute name="target_component_id" type="java.lang.String"/>
<attribute name="target_component_type" type="java.lang.String"/>
<attribute name="target_type" type="java.lang.String"/>
</outputs>
<conjunction>
<predicate type="equality" left="7" value="SINGLE PROTEIN"/>
</conjunction>
<child>
<operator type="ACCESS" relation="TargetFree" access-method="chembl_target_free">
<outputs>
<attribute name="organism" type="java.lang.String"/>
<attribute name="pref_name" type="java.lang.String"/>
<attribute name="species_group_flag" type="java.lang.String"/>
<attribute name="target_chembl_id" type="java.lang.String"/>
<attribute name="target_component_accession" type="java.lang.String"/>
<attribute name="target_component_id" type="java.lang.String"/>
<attribute name="target_component_type" type="java.lang.String"/>
<attribute name="target_type" type="java.lang.String"/>
</outputs>
</operator>
</child>
</operator>
</child>
</operator>
<operator type="PROJECT">
<outputs>
<attribute name="c1005" type="java.lang.String"/>
<attribute name="c1006" type="java.lang.String"/>
<attribute name="c1007" type="java.lang.String"/>
<attribute name="c1008" type="java.lang.String"/>
<attribute name="c1009" type="java.lang.String"/>
<attribute name="c1010" type="java.lang.String"/>
<attribute name="c1011" type="java.lang.String"/>
<attribute name="c1012" type="java.lang.String"/>
<attribute name="c1013" type="java.lang.String"/>
<attribute name="c1014" type="java.lang.String"/>
<attribute name="c1015" type="java.lang.String"/>
<attribute name="c1016" type="java.lang.String"/>
<attribute name="c1017" type="java.lang.String"/>
<attribute name="c1018" type="java.lang.String"/>
<attribute name="c1019" type="java.lang.String"/>
<attribute name="c1020" type="java.lang.String"/>
<attribute name="c1021" type="java.lang.String"/>
<attribute name="c1022" type="java.lang.String"/>
<attribute name="c1023" type="java.lang.String"/>
<attribute name="c1024" type="java.lang.String"/>
<attribute name="c1025" type="java.lang.String"/>
<attribute name="c1026" type="java.lang.String"/>
</outputs>
<project>
<attribute name="assay_category" type="java.lang.String"/>
<attribute name="assay_cell_type" type="java.lang.String"/>
<attribute name="assay_chembl_id" type="java.lang.String"/>
<attribute name="assay_organism" type="java.lang.String"/>
<attribute name="assay_strain" type="java.lang.String"/>
<attribute name="assay_subcellular_fraction" type="java.lang.String"/>
<attribute name="assay_tax_id" type="java.lang.String"/>
<attribute name="assay_test_type" type="java.lang.String"/>
<attribute name="assay_tissue" type="java.lang.String"/>
<attribute name="assay_type" type="java.lang.String"/>
<attribute name="assay_type_description" type="java.lang.String"/>
<attribute name="bao_format" type="java.lang.String"/>
<attribute name="cell_chembl_id" type="java.lang.String"/>
<attribute name="confidence_description" type="java.lang.String"/>
<attribute name="confidence_score" type="java.lang.String"/>
<attribute name="description" type="java.lang.String"/>
<attribute name="document_chembl_id" type="java.lang.String"/>
<attribute name="relationship_description" type="java.lang.String"/>
<attribute name="relationship_type" type="java.lang.String"/>
<attribute name="src_assay_id" type="java.lang.String"/>
<attribute name="src_id" type="java.lang.String"/>
<attribute name="target_chembl_id" type="java.lang.String"/>
</project>
<child>
<operator type="ACCESS" relation="AssayLimited" access-method="chembl_assay_limited_3">
<outputs>
<attribute name="assay_category" type="java.lang.String"/>
<attribute name="assay_cell_type" type="java.lang.String"/>
<attribute name="assay_chembl_id" type="java.lang.String"/>
<attribute name="assay_organism" type="java.lang.String"/>
<attribute name="assay_strain" type="java.lang.String"/>
<attribute name="assay_subcellular_fraction" type="java.lang.String"/>
<attribute name="assay_tax_id" type="java.lang.String"/>
<attribute name="assay_test_type" type="java.lang.String"/>
<attribute name="assay_tissue" type="java.lang.String"/>
<attribute name="assay_type" type="java.lang.String"/>
<attribute name="assay_type_description" type="java.lang.String"/>
<attribute name="bao_format" type="java.lang.String"/>
<attribute name="cell_chembl_id" type="java.lang.String"/>
<attribute name="confidence_description" type="java.lang.String"/>
<attribute name="confidence_score" type="java.lang.String"/>
<attribute name="description" type="java.lang.String"/>
<attribute name="document_chembl_id" type="java.lang.String"/>
<attribute name="relationship_description" type="java.lang.String"/>
<attribute name="relationship_type" type="java.lang.String"/>
<attribute name="src_assay_id" type="java.lang.String"/>
<attribute name="src_id" type="java.lang.String"/>
<attribute name="target_chembl_id" type="java.lang.String"/>
</outputs>
</operator>
</child>
</operator>
</children>
</operator>
<operator type="PROJECT">
<outputs>
<attribute name="c1027" type="java.lang.String"/>
<attribute name="c1021" type="java.lang.String"/>
<attribute name="c1028" type="java.lang.String"/>
<attribute name="c1029" type="java.lang.String"/>
<attribute name="c1030" type="java.lang.String"/>
<attribute name="c1031" type="java.lang.String"/>
<attribute name="c1032" type="java.lang.String"/>
<attribute name="c1033" type="java.lang.String"/>
<attribute name="c1034" type="java.lang.String"/>
<attribute name="c1035" type="java.lang.String"/>
</outputs>
<project>
<attribute name="authors" type="java.lang.String"/>
<attribute name="document_chembl_id" type="java.lang.String"/>
<attribute name="doi" type="java.lang.String"/>
<attribute name="first_page" type="java.lang.String"/>
<attribute name="issue" type="java.lang.String"/>
<attribute name="journal" type="java.lang.String"/>
<attribute name="last_page" type="java.lang.String"/>
<attribute name="pubmed_id" type="java.lang.String"/>
<attribute name="title" type="java.lang.String"/>
<attribute name="volume" type="java.lang.String"/>
</project>
<child>
<operator type="SELECT">
<outputs>
<attribute name="authors" type="java.lang.String"/>
<attribute name="doc_type" type="java.lang.String"/>
<attribute name="document_chembl_id" type="java.lang.String"/>
<attribute name="doi" type="java.lang.String"/>
<attribute name="first_page" type="java.lang.String"/>
<attribute name="issue" type="java.lang.String"/>
<attribute name="journal" type="java.lang.String"/>
<attribute name="last_page" type="java.lang.String"/>
<attribute name="pubmed_id" type="java.lang.String"/>
<attribute name="title" type="java.lang.String"/>
<attribute name="volume" type="java.lang.String"/>
<attribute name="year" type="java.lang.String"/>
</outputs>
<conjunction>
<predicate type="equality" left="1" value="PUBLICATION"/>
<predicate type="equality" left="11" value="2015"/>
</conjunction>
<child>
<operator type="ACCESS" relation="DocumentLimited" access-method="chembl_document_limited">
<outputs>
<attribute name="authors" type="java.lang.String"/>
<attribute name="doc_type" type="java.lang.String"/>
<attribute name="document_chembl_id" type="java.lang.String"/>
<attribute name="doi" type="java.lang.String"/>
<attribute name="first_page" type="java.lang.String"/>
<attribute name="issue" type="java.lang.String"/>
<attribute name="journal" type="java.lang.String"/>
<attribute name="last_page" type="java.lang.String"/>
<attribute name="pubmed_id" type="java.lang.String"/>
<attribute name="title" type="java.lang.String"/>
<attribute name="volume" type="java.lang.String"/>
<attribute name="year" type="java.lang.String"/>
</outputs>
</operator>
</child>
</operator>
</child>
</operator>
</children>
</operator>
</plan>
