<?xml version="1.0" encoding="UTF-8"?>
<plan type="linear" cost="43.67" control-flow="BOTTOM_UP">
<command name="T1">
<operator type="PROJECT">
<outputs>
<attribute name="c5627" type="java.lang.Integer"/>
<attribute name="c5631" type="java.lang.String"/>
<attribute name="c5632" type="java.lang.Integer"/>
<attribute name="c5633" type="java.lang.String"/>
</outputs>
<project>
<attribute name="n_nationkey" type="java.lang.Integer"/>
<attribute name="n_name" type="java.lang.String"/>
<attribute name="n_regionkey" type="java.lang.Integer"/>
<attribute name="n_comment" type="java.lang.String"/>
</project>
<child>
<operator type="ACCESS" relation="nation" access-method="m10">
<outputs>
<attribute name="n_nationkey" type="java.lang.Integer"/>
<attribute name="n_name" type="java.lang.String"/>
<attribute name="n_regionkey" type="java.lang.Integer"/>
<attribute name="n_comment" type="java.lang.String"/>
</outputs>
</operator>
</child>
</operator>
</command>
<command name="T2">
<operator type="JOIN" variant="SYMMETRIC_HASH">
<outputs>
<attribute name="c5627" type="java.lang.Integer"/>
<attribute name="c5631" type="java.lang.String"/>
<attribute name="c5632" type="java.lang.Integer"/>
<attribute name="c5633" type="java.lang.String"/>
<attribute name="c5621" type="java.lang.Integer"/>
<attribute name="c5625" type="java.lang.String"/>
<attribute name="c5626" type="java.lang.String"/>
<attribute name="c5627" type="java.lang.Integer"/>
<attribute name="c5628" type="java.lang.String"/>
<attribute name="c5629" type="java.math.BigDecimal"/>
<attribute name="c5630" type="java.lang.String"/>
</outputs>
<conjunction>
<predicate type="equality" left="0" right="7"/>
</conjunction>
<children>
<operator type="ALIAS" name="T1"/>
<operator type="PROJECT">
<outputs>
<attribute name="c5621" type="java.lang.Integer"/>
<attribute name="c5625" type="java.lang.String"/>
<attribute name="c5626" type="java.lang.String"/>
<attribute name="c5627" type="java.lang.Integer"/>
<attribute name="c5628" type="java.lang.String"/>
<attribute name="c5629" type="java.math.BigDecimal"/>
<attribute name="c5630" type="java.lang.String"/>
</outputs>
<project>
<attribute name="s_suppkey" type="java.lang.Integer"/>
<attribute name="s_name" type="java.lang.String"/>
<attribute name="s_address" type="java.lang.String"/>
<attribute name="s_nationkey" type="java.lang.Integer"/>
<attribute name="s_phone" type="java.lang.String"/>
<attribute name="s_acctbal" type="java.math.BigDecimal"/>
<attribute name="s_comment" type="java.lang.String"/>
</project>
<child>
<operator type="ACCESS" relation="supplier" access-method="m6">
<outputs>
<attribute name="s_suppkey" type="java.lang.Integer"/>
<attribute name="s_name" type="java.lang.String"/>
<attribute name="s_address" type="java.lang.String"/>
<attribute name="s_nationkey" type="java.lang.Integer"/>
<attribute name="s_phone" type="java.lang.String"/>
<attribute name="s_acctbal" type="java.math.BigDecimal"/>
<attribute name="s_comment" type="java.lang.String"/>
</outputs>
</operator>
</child>
</operator>
</children>
</operator>
</command>
<command name="T3">
<operator type="PROJECT">
<outputs>
<attribute name="c5629" type="java.math.BigDecimal"/>
<attribute name="c5625" type="java.lang.String"/>
<attribute name="c5623" type="java.math.BigDecimal"/>
<attribute name="c5632" type="java.lang.Integer"/>
</outputs>
<project>
<attribute name="c5629" type="java.math.BigDecimal"/>
<attribute name="c5625" type="java.lang.String"/>
<attribute name="c5623" type="java.math.BigDecimal"/>
<attribute name="c5632" type="java.lang.Integer"/>
</project>
<child>
<operator type="JOIN" variant="SYMMETRIC_HASH">
<outputs>
<attribute name="c5627" type="java.lang.Integer"/>
<attribute name="c5631" type="java.lang.String"/>
<attribute name="c5632" type="java.lang.Integer"/>
<attribute name="c5633" type="java.lang.String"/>
<attribute name="c5621" type="java.lang.Integer"/>
<attribute name="c5625" type="java.lang.String"/>
<attribute name="c5626" type="java.lang.String"/>
<attribute name="c5627" type="java.lang.Integer"/>
<attribute name="c5628" type="java.lang.String"/>
<attribute name="c5629" type="java.math.BigDecimal"/>
<attribute name="c5630" type="java.lang.String"/>
<attribute name="c5620" type="java.lang.Integer"/>
<attribute name="c5621" type="java.lang.Integer"/>
<attribute name="c5622" type="java.lang.Integer"/>
<attribute name="c5623" type="java.math.BigDecimal"/>
<attribute name="c5624" type="java.lang.String"/>
</outputs>
<conjunction>
<predicate type="equality" left="4" right="12"/>
</conjunction>
<children>
<operator type="ALIAS" name="T2"/>
<operator type="PROJECT">
<outputs>
<attribute name="c5620" type="java.lang.Integer"/>
<attribute name="c5621" type="java.lang.Integer"/>
<attribute name="c5622" type="java.lang.Integer"/>
<attribute name="c5623" type="java.math.BigDecimal"/>
<attribute name="c5624" type="java.lang.String"/>
</outputs>
<project>
<attribute name="ps_partkey" type="java.lang.Integer"/>
<attribute name="ps_suppkey" type="java.lang.Integer"/>
<attribute name="ps_availqty" type="java.lang.Integer"/>
<attribute name="ps_supplycost" type="java.math.BigDecimal"/>
<attribute name="ps_comment" type="java.lang.String"/>
</project>
<child>
<operator type="ACCESS" relation="partsupp" access-method="m8">
<outputs>
<attribute name="ps_partkey" type="java.lang.Integer"/>
<attribute name="ps_suppkey" type="java.lang.Integer"/>
<attribute name="ps_availqty" type="java.lang.Integer"/>
<attribute name="ps_supplycost" type="java.math.BigDecimal"/>
<attribute name="ps_comment" type="java.lang.String"/>
</outputs>
</operator>
</child>
</operator>
</children>
</operator>
</child>
</operator>
</command>
</plan>
