<?xml version="1.0" encoding="UTF-8"?>
<plan type="dag" cost="1050.0" control-flow="TOP_DOWN">
<operator type="DEPENDENT_JOIN" param="2">
<outputs>
<attribute name="c15443" type="java.lang.String"/>
<attribute name="c15441" type="java.lang.String"/>
<attribute name="c15442" type="java.lang.String"/>
<attribute name="c15441" type="java.lang.String"/>
<attribute name="c15441" type="java.lang.String"/>
<attribute name="c15442" type="java.lang.String"/>
<attribute name="c15442" type="java.lang.String"/>
<attribute name="c15441" type="java.lang.String"/>
</outputs>
<children>
<operator type="DEPENDENT_JOIN" param="1,2">
<outputs>
<attribute name="c15443" type="java.lang.String"/>
<attribute name="c15441" type="java.lang.String"/>
<attribute name="c15442" type="java.lang.String"/>
<attribute name="c15441" type="java.lang.String"/>
<attribute name="c15441" type="java.lang.String"/>
<attribute name="c15442" type="java.lang.String"/>
</outputs>
<children>
<operator type="PROJECT">
<outputs>
<attribute name="c15443" type="java.lang.String"/>
<attribute name="c15441" type="java.lang.String"/>
<attribute name="c15442" type="java.lang.String"/>
</outputs>
<project>
<attribute name="x0" type="java.lang.String"/>
<attribute name="x1" type="java.lang.String"/>
<attribute name="x2" type="java.lang.String"/>
</project>
<child>
<operator type="ACCESS" relation="R4" access-method="mt_9">
<outputs>
<attribute name="x0" type="java.lang.String"/>
<attribute name="x1" type="java.lang.String"/>
<attribute name="x2" type="java.lang.String"/>
</outputs>
</operator>
</child>
</operator>
<operator type="PROJECT">
<outputs>
<attribute name="c15441" type="java.lang.String"/>
<attribute name="c15441" type="java.lang.String"/>
<attribute name="c15442" type="java.lang.String"/>
</outputs>
<project>
<attribute name="x0" type="java.lang.String"/>
<attribute name="x1" type="java.lang.String"/>
<attribute name="x2" type="java.lang.String"/>
</project>
<child>
<operator type="SELECT">
<outputs>
<attribute name="x0" type="java.lang.String"/>
<attribute name="x1" type="java.lang.String"/>
<attribute name="x2" type="java.lang.String"/>
</outputs>
<conjunction>
<predicate type="equality" left="0" right="1"/>
</conjunction>
<child>
<operator type="ACCESS" relation="R3" access-method="mt_6">
<outputs>
<attribute name="x0" type="java.lang.String"/>
<attribute name="x1" type="java.lang.String"/>
<attribute name="x2" type="java.lang.String"/>
</outputs>
</operator>
</child>
</operator>
</child>
</operator>
</children>
</operator>
<operator type="PROJECT">
<outputs>
<attribute name="c15442" type="java.lang.String"/>
<attribute name="c15441" type="java.lang.String"/>
</outputs>
<project>
<attribute name="x0" type="java.lang.String"/>
<attribute name="x1" type="java.lang.String"/>
</project>
<child>
<operator type="ACCESS" relation="R1" access-method="mt_2">
<outputs>
<attribute name="x0" type="java.lang.String"/>
<attribute name="x1" type="java.lang.String"/>
</outputs>
</operator>
</child>
</operator>
</children>
</operator>
</plan>
