<?xml version="1.0" encoding="UTF-8"?>
<plan type="linear" cost="5.0" control-flow="TOP_DOWN">
<command name="T1">
<operator type="PROJECT">
<outputs>
<attribute name="c180" type="java.lang.String"/>
<attribute name="c181" type="java.lang.String"/>
</outputs>
<project>
<attribute name="c180" type="java.lang.String"/>
<attribute name="c181" type="java.lang.String"/>
</project>
<child>
<operator type="PROJECT">
<outputs>
<attribute name="c180" type="java.lang.String"/>
<attribute name="c181" type="java.lang.String"/>
</outputs>
<project>
<attribute name="a0" type="java.lang.String"/>
<attribute name="a1" type="java.lang.String"/>
</project>
<child>
<operator type="ACCESS" relation="V3" access-method="m1">
<outputs>
<attribute name="a0" type="java.lang.String"/>
<attribute name="a1" type="java.lang.String"/>
</outputs>
</operator>
</child>
</operator>
</child>
</operator>
</command>
</plan>
