<?xml version="1.0" encoding="UTF-8"?>
<schema>
	<relations>
		<relation name="R0">
			<attribute name="x0" type="java.lang.String" />
			<access-method access-method="LIMITED" inputs="1" cost="5.0" />
			<access-method access-method="FREE" cost="5.0" />
		</relation>
		<relation name="R11">
			<attribute name="x0" type="java.lang.String" />
			<access-method access-method="LIMITED" inputs="1" cost="5.0" />
			<access-method access-method="FREE" cost="5.0" />
		</relation>
		<relation name="R15">
			<attribute name="x0" type="java.lang.String" />
			<access-method access-method="LIMITED" inputs="1" cost="5.0" />
			<access-method access-method="FREE" cost="5.0" />
		</relation>
		<relation name="R16">
			<attribute name="x0" type="java.lang.String" />
			<access-method access-method="LIMITED" inputs="1" cost="5.0" />
			<access-method access-method="FREE" cost="5.0" />
		</relation>
		<relation name="R19">
			<attribute name="x0" type="java.lang.String" />
			<access-method access-method="LIMITED" inputs="1" cost="5.0" />
			<access-method access-method="FREE" cost="5.0" />
		</relation>
		<relation name="R9">
			<attribute name="x0" type="java.lang.String" />
			<attribute name="x1" type="java.lang.String" />
			<access-method access-method="LIMITED" inputs="1" cost="5.0" />
			<access-method access-method="LIMITED" inputs="2" cost="5.0" />
			<access-method access-method="FREE" cost="5.0" />
		</relation>
		<relation name="R10">
			<attribute name="x0" type="java.lang.String" />
			<attribute name="x1" type="java.lang.String" />
			<access-method access-method="LIMITED" inputs="2" cost="5.0" />
			<access-method access-method="LIMITED" inputs="2" cost="5.0" />
			<access-method access-method="FREE" cost="5.0" />
		</relation>
		<relation name="R1">
			<attribute name="x0" type="java.lang.String" />
			<attribute name="x1" type="java.lang.String" />
			<attribute name="x2" type="java.lang.String" />
			<access-method access-method="LIMITED" inputs="1" cost="5.0" />
			<access-method access-method="LIMITED" inputs="2" cost="5.0" />
			<access-method access-method="LIMITED" inputs="2,3"
				cost="5.0" />
			<access-method access-method="FREE" cost="5.0" />
		</relation>
		<relation name="R6">
			<attribute name="x0" type="java.lang.String" />
			<attribute name="x1" type="java.lang.String" />
			<attribute name="x2" type="java.lang.String" />
			<access-method access-method="LIMITED" inputs="1" cost="5.0" />
			<access-method access-method="LIMITED" inputs="2,3"
				cost="5.0" />
			<access-method access-method="LIMITED" inputs="3" cost="5.0" />
			<access-method access-method="FREE" cost="5.0" />
		</relation>
		<relation name="R7">
			<attribute name="x0" type="java.lang.String" />
			<attribute name="x1" type="java.lang.String" />
			<attribute name="x2" type="java.lang.String" />
			<access-method access-method="LIMITED" inputs="1" cost="5.0" />
			<access-method access-method="LIMITED" inputs="2,3"
				cost="5.0" />
			<access-method access-method="LIMITED" inputs="3" cost="5.0" />
			<access-method access-method="FREE" cost="5.0" />
		</relation>
		<relation name="R8">
			<attribute name="x0" type="java.lang.String" />
			<attribute name="x1" type="java.lang.String" />
			<attribute name="x2" type="java.lang.String" />
			<access-method access-method="LIMITED" inputs="1" cost="5.0" />
			<access-method access-method="LIMITED" inputs="3" cost="5.0" />
			<access-method access-method="LIMITED" inputs="2" cost="5.0" />
			<access-method access-method="FREE" cost="5.0" />
		</relation>
		<relation name="R14">
			<attribute name="x0" type="java.lang.String" />
			<attribute name="x1" type="java.lang.String" />
			<attribute name="x2" type="java.lang.String" />
			<access-method access-method="LIMITED" inputs="1" cost="5.0" />
			<access-method access-method="LIMITED" inputs="3" cost="5.0" />
			<access-method access-method="LIMITED" inputs="3" cost="5.0" />
			<access-method access-method="FREE" cost="5.0" />
		</relation>
		<relation name="R4">
			<attribute name="x0" type="java.lang.String" />
			<attribute name="x1" type="java.lang.String" />
			<attribute name="x2" type="java.lang.String" />
			<attribute name="x3" type="java.lang.String" />
			<access-method access-method="LIMITED" inputs="3,4"
				cost="5.0" />
			<access-method access-method="LIMITED" inputs="1" cost="5.0" />
			<access-method access-method="LIMITED" inputs="4" cost="5.0" />
			<access-method access-method="LIMITED" inputs="2,3,4"
				cost="5.0" />
			<access-method access-method="FREE" cost="5.0" />
		</relation>
		<relation name="R13">
			<attribute name="x0" type="java.lang.String" />
			<attribute name="x1" type="java.lang.String" />
			<attribute name="x2" type="java.lang.String" />
			<attribute name="x3" type="java.lang.String" />
			<access-method access-method="LIMITED" inputs="1" cost="5.0" />
			<access-method access-method="LIMITED" inputs="2,3"
				cost="5.0" />
			<access-method access-method="LIMITED" inputs="3,4"
				cost="5.0" />
			<access-method access-method="LIMITED" inputs="2,3,4"
				cost="5.0" />
			<access-method access-method="FREE" cost="5.0" />
		</relation>
		<relation name="R17">
			<attribute name="x0" type="java.lang.String" />
			<attribute name="x1" type="java.lang.String" />
			<attribute name="x2" type="java.lang.String" />
			<attribute name="x3" type="java.lang.String" />
			<access-method access-method="LIMITED" inputs="3" cost="5.0" />
			<access-method access-method="LIMITED" inputs="2,3,4"
				cost="5.0" />
			<access-method access-method="LIMITED" inputs="3" cost="5.0" />
			<access-method access-method="LIMITED" inputs="2,4"
				cost="5.0" />
			<access-method access-method="FREE" cost="5.0" />
		</relation>
		<relation name="R2">
			<attribute name="x0" type="java.lang.String" />
			<attribute name="x1" type="java.lang.String" />
			<attribute name="x2" type="java.lang.String" />
			<attribute name="x3" type="java.lang.String" />
			<attribute name="x4" type="java.lang.String" />
			<access-method access-method="LIMITED" inputs="2,3,4"
				cost="5.0" />
			<access-method access-method="LIMITED" inputs="2,3,5"
				cost="5.0" />
			<access-method access-method="LIMITED" inputs="4" cost="5.0" />
			<access-method access-method="LIMITED" inputs="2,5"
				cost="5.0" />
			<access-method access-method="FREE" cost="5.0" />
		</relation>
		<relation name="R3">
			<attribute name="x0" type="java.lang.String" />
			<attribute name="x1" type="java.lang.String" />
			<attribute name="x2" type="java.lang.String" />
			<attribute name="x3" type="java.lang.String" />
			<attribute name="x4" type="java.lang.String" />
			<access-method access-method="LIMITED" inputs="2,3,5"
				cost="5.0" />
			<access-method access-method="LIMITED" inputs="3,4"
				cost="5.0" />
			<access-method access-method="LIMITED" inputs="4,5"
				cost="5.0" />
			<access-method access-method="LIMITED" inputs="4,5"
				cost="5.0" />
			<access-method access-method="FREE" cost="5.0" />
		</relation>
		<relation name="R5">
			<attribute name="x0" type="java.lang.String" />
			<attribute name="x1" type="java.lang.String" />
			<attribute name="x2" type="java.lang.String" />
			<attribute name="x3" type="java.lang.String" />
			<attribute name="x4" type="java.lang.String" />
			<access-method access-method="LIMITED" inputs="2,4"
				cost="5.0" />
			<access-method access-method="LIMITED" inputs="2,3,4,5"
				cost="5.0" />
			<access-method access-method="LIMITED" inputs="4" cost="5.0" />
			<access-method access-method="LIMITED" inputs="2" cost="5.0" />
			<access-method access-method="FREE" cost="5.0" />
		</relation>
		<relation name="R12">
			<attribute name="x0" type="java.lang.String" />
			<attribute name="x1" type="java.lang.String" />
			<attribute name="x2" type="java.lang.String" />
			<attribute name="x3" type="java.lang.String" />
			<attribute name="x4" type="java.lang.String" />
			<access-method access-method="LIMITED" inputs="4,5"
				cost="5.0" />
			<access-method access-method="LIMITED" inputs="2,3,4,5"
				cost="5.0" />
			<access-method access-method="LIMITED" inputs="3,5"
				cost="5.0" />
			<access-method access-method="LIMITED" inputs="2,3,5"
				cost="5.0" />
			<access-method access-method="FREE" cost="5.0" />
		</relation>
		<relation name="R18">
			<attribute name="x0" type="java.lang.String" />
			<attribute name="x1" type="java.lang.String" />
			<attribute name="x2" type="java.lang.String" />
			<attribute name="x3" type="java.lang.String" />
			<attribute name="x4" type="java.lang.String" />
			<access-method access-method="LIMITED" inputs="4,5"
				cost="5.0" />
			<access-method access-method="LIMITED" inputs="3" cost="5.0" />
			<access-method access-method="LIMITED" inputs="2,5"
				cost="5.0" />
			<access-method access-method="LIMITED" inputs="3,5"
				cost="5.0" />
			<access-method access-method="FREE" cost="5.0" />
		</relation>
	</relations>
	<views>
	</views>
	<dependencies>
		<dependency>
			<body>
				<atom name="R10">
					<variable name="x0" />
					<variable name="x4" />
				</atom>
				<atom name="R17">
					<variable name="x3" />
					<variable name="x2" />
					<variable name="x4" />
					<variable name="x2" />
				</atom>
				<atom name="R2">
					<variable name="x0" />
					<variable name="x1" />
					<variable name="x2" />
					<variable name="x3" />
					<variable name="x4" />
				</atom>
				<atom name="R18">
					<variable name="x2" />
					<variable name="x1" />
					<variable name="x4" />
					<variable name="x1" />
					<variable name="x2" />
				</atom>
			</body>
			<head>
				<atom name="R13">
					<variable name="y9" />
					<variable name="y16" />
					<variable name="x3" />
					<variable name="x1" />
				</atom>
				<atom name="R16">
					<variable name="y22" />
				</atom>
				<atom name="R3">
					<variable name="x2" />
					<variable name="x2" />
					<variable name="x3" />
					<variable name="y1" />
					<variable name="y22" />
				</atom>
			</head>
		</dependency>
		<dependency>
			<body>
				<atom name="R10">
					<variable name="x0" />
					<variable name="x4" />
				</atom>
				<atom name="R2">
					<variable name="x0" />
					<variable name="x1" />
					<variable name="x2" />
					<variable name="x3" />
					<variable name="x4" />
				</atom>
				<atom name="R13">
					<variable name="x3" />
					<variable name="x4" />
					<variable name="x3" />
					<variable name="x2" />
				</atom>
			</body>
			<head>
				<atom name="R19">
					<variable name="x1" />
				</atom>
				<atom name="R15">
					<variable name="y19" />
				</atom>
				<atom name="R12">
					<variable name="x4" />
					<variable name="x2" />
					<variable name="x4" />
					<variable name="x3" />
					<variable name="x2" />
				</atom>
			</head>
		</dependency>
		<dependency>
			<body>
				<atom name="R10">
					<variable name="x0" />
					<variable name="x4" />
				</atom>
				<atom name="R2">
					<variable name="x0" />
					<variable name="x1" />
					<variable name="x2" />
					<variable name="x3" />
					<variable name="x4" />
				</atom>
			</body>
			<head>
				<atom name="R1">
					<variable name="y1" />
					<variable name="x4" />
					<variable name="y18" />
				</atom>
				<atom name="R13">
					<variable name="y16" />
					<variable name="y0" />
					<variable name="y0" />
					<variable name="y20" />
				</atom>
				<atom name="R18">
					<variable name="x4" />
					<variable name="y19" />
					<variable name="y14" />
					<variable name="x2" />
					<variable name="x0" />
				</atom>
			</head>
		</dependency>
		<dependency>
			<body>
				<atom name="R13">
					<variable name="x3" />
					<variable name="x4" />
					<variable name="x3" />
					<variable name="x2" />
				</atom>
				<atom name="R2">
					<variable name="x0" />
					<variable name="x1" />
					<variable name="x2" />
					<variable name="x3" />
					<variable name="x4" />
				</atom>
			</body>
			<head>
				<atom name="R10">
					<variable name="x1" />
					<variable name="x2" />
				</atom>
				<atom name="R12">
					<variable name="y4" />
					<variable name="x3" />
					<variable name="y13" />
					<variable name="x3" />
					<variable name="y6" />
				</atom>
				<atom name="R2">
					<variable name="x0" />
					<variable name="x3" />
					<variable name="y6" />
					<variable name="x0" />
					<variable name="x1" />
				</atom>
			</head>
		</dependency>
		<dependency>
			<body>
				<atom name="R10">
					<variable name="x0" />
					<variable name="x4" />
				</atom>
				<atom name="R2">
					<variable name="x0" />
					<variable name="x1" />
					<variable name="x2" />
					<variable name="x3" />
					<variable name="x4" />
				</atom>
				<atom name="R18">
					<variable name="x2" />
					<variable name="x1" />
					<variable name="x4" />
					<variable name="x1" />
					<variable name="x2" />
				</atom>
			</body>
			<head>
				<atom name="R17">
					<variable name="x3" />
					<variable name="y9" />
					<variable name="y7" />
					<variable name="x4" />
				</atom>
				<atom name="R13">
					<variable name="x0" />
					<variable name="x1" />
					<variable name="x2" />
					<variable name="x3" />
				</atom>
				<atom name="R18">
					<variable name="y23" />
					<variable name="x3" />
					<variable name="x2" />
					<variable name="y8" />
					<variable name="y23" />
				</atom>
			</head>
		</dependency>
		<dependency>
			<body>
				<atom name="R10">
					<variable name="x0" />
					<variable name="x4" />
				</atom>
				<atom name="R13">
					<variable name="x3" />
					<variable name="x4" />
					<variable name="x3" />
					<variable name="x2" />
				</atom>
				<atom name="R2">
					<variable name="x0" />
					<variable name="x1" />
					<variable name="x2" />
					<variable name="x3" />
					<variable name="x4" />
				</atom>
			</body>
			<head>
				<atom name="R19">
					<variable name="y15" />
				</atom>
				<atom name="R9">
					<variable name="x0" />
					<variable name="y1" />
				</atom>
				<atom name="R5">
					<variable name="x1" />
					<variable name="y17" />
					<variable name="y1" />
					<variable name="y11" />
					<variable name="y19" />
				</atom>
			</head>
		</dependency>
		<dependency>
			<body>
				<atom name="R17">
					<variable name="x3" />
					<variable name="x2" />
					<variable name="x4" />
					<variable name="x2" />
				</atom>
				<atom name="R2">
					<variable name="x0" />
					<variable name="x1" />
					<variable name="x2" />
					<variable name="x3" />
					<variable name="x4" />
				</atom>
				<atom name="R13">
					<variable name="x3" />
					<variable name="x4" />
					<variable name="x3" />
					<variable name="x2" />
				</atom>
			</body>
			<head>
				<atom name="R16">
					<variable name="y9" />
				</atom>
				<atom name="R4">
					<variable name="y7" />
					<variable name="y8" />
					<variable name="y16" />
					<variable name="y6" />
				</atom>
				<atom name="R2">
					<variable name="y9" />
					<variable name="y19" />
					<variable name="x1" />
					<variable name="x1" />
					<variable name="x0" />
				</atom>
			</head>
		</dependency>
		<dependency>
			<body>
				<atom name="R17">
					<variable name="x3" />
					<variable name="x2" />
					<variable name="x4" />
					<variable name="x2" />
				</atom>
				<atom name="R2">
					<variable name="x0" />
					<variable name="x1" />
					<variable name="x2" />
					<variable name="x3" />
					<variable name="x4" />
				</atom>
				<atom name="R18">
					<variable name="x2" />
					<variable name="x1" />
					<variable name="x4" />
					<variable name="x1" />
					<variable name="x2" />
				</atom>
			</body>
			<head>
				<atom name="R17">
					<variable name="y22" />
					<variable name="x3" />
					<variable name="y1" />
					<variable name="y2" />
				</atom>
				<atom name="R0">
					<variable name="y16" />
				</atom>
				<atom name="R12">
					<variable name="x2" />
					<variable name="y22" />
					<variable name="y0" />
					<variable name="x0" />
					<variable name="y20" />
				</atom>
			</head>
		</dependency>
	</dependencies>
</schema>
