<?xml version="1.0" encoding="UTF-8"?>
<plan type="dag" cost="10889.8942" control-flow="TOP_DOWN">
<operator type="PROJECT">
<outputs>
<attribute name="c7203" type="java.lang.String"/>
<attribute name="c7204" type="java.lang.String"/>
<attribute name="c7205" type="java.lang.String"/>
<attribute name="c7206" type="java.lang.String"/>
<attribute name="c7207" type="java.lang.String"/>
<attribute name="c7208" type="java.lang.String"/>
<attribute name="c7209" type="java.lang.String"/>
<attribute name="c7210" type="java.lang.String"/>
<attribute name="c7211" type="java.lang.String"/>
<attribute name="c7212" type="java.lang.String"/>
<attribute name="c7224" type="java.lang.String"/>
<attribute name="c7218" type="java.lang.String"/>
<attribute name="c7226" type="java.lang.String"/>
<attribute name="c7227" type="java.lang.String"/>
<attribute name="c7228" type="java.lang.String"/>
<attribute name="c7229" type="java.lang.String"/>
<attribute name="c7230" type="java.lang.String"/>
<attribute name="c7232" type="java.lang.String"/>
<attribute name="c7206" type="java.lang.String"/>
<attribute name="c7234" type="java.lang.String"/>
<attribute name="c7235" type="java.lang.String"/>
<attribute name="c7223" type="java.lang.String"/>
<attribute name="c7236" type="java.lang.String"/>
<attribute name="c7237" type="java.lang.String"/>
<attribute name="c7238" type="java.lang.String"/>
<attribute name="c7239" type="java.lang.String"/>
<attribute name="c7224" type="java.lang.String"/>
<attribute name="c7225" type="java.lang.String"/>
<attribute name="c7218" type="java.lang.String"/>
<attribute name="c7226" type="java.lang.String"/>
<attribute name="c7227" type="java.lang.String"/>
<attribute name="c7228" type="java.lang.String"/>
<attribute name="c7229" type="java.lang.String"/>
<attribute name="c7230" type="java.lang.String"/>
<attribute name="c7231" type="java.lang.String"/>
<attribute name="c7232" type="java.lang.String"/>
<attribute name="c7233" type="java.lang.String"/>
</outputs>
<project>
<attribute name="c7203" type="java.lang.String"/>
<attribute name="c7204" type="java.lang.String"/>
<attribute name="c7205" type="java.lang.String"/>
<attribute name="c7206" type="java.lang.String"/>
<attribute name="c7207" type="java.lang.String"/>
<attribute name="c7208" type="java.lang.String"/>
<attribute name="c7209" type="java.lang.String"/>
<attribute name="c7210" type="java.lang.String"/>
<attribute name="c7211" type="java.lang.String"/>
<attribute name="c7212" type="java.lang.String"/>
<attribute name="c7224" type="java.lang.String"/>
<attribute name="c7218" type="java.lang.String"/>
<attribute name="c7226" type="java.lang.String"/>
<attribute name="c7227" type="java.lang.String"/>
<attribute name="c7228" type="java.lang.String"/>
<attribute name="c7229" type="java.lang.String"/>
<attribute name="c7230" type="java.lang.String"/>
<attribute name="c7232" type="java.lang.String"/>
<attribute name="c7206" type="java.lang.String"/>
<attribute name="c7234" type="java.lang.String"/>
<attribute name="c7235" type="java.lang.String"/>
<attribute name="c7223" type="java.lang.String"/>
<attribute name="c7236" type="java.lang.String"/>
<attribute name="c7237" type="java.lang.String"/>
<attribute name="c7238" type="java.lang.String"/>
<attribute name="c7239" type="java.lang.String"/>
<attribute name="c7224" type="java.lang.String"/>
<attribute name="c7225" type="java.lang.String"/>
<attribute name="c7218" type="java.lang.String"/>
<attribute name="c7226" type="java.lang.String"/>
<attribute name="c7227" type="java.lang.String"/>
<attribute name="c7228" type="java.lang.String"/>
<attribute name="c7229" type="java.lang.String"/>
<attribute name="c7230" type="java.lang.String"/>
<attribute name="c7231" type="java.lang.String"/>
<attribute name="c7232" type="java.lang.String"/>
<attribute name="c7233" type="java.lang.String"/>
</project>
<child>
<operator type="DEPENDENT_JOIN" param="23">
<outputs>
<attribute name="c7206" type="java.lang.String"/>
<attribute name="c7234" type="java.lang.String"/>
<attribute name="c7235" type="java.lang.String"/>
<attribute name="c7223" type="java.lang.String"/>
<attribute name="c7236" type="java.lang.String"/>
<attribute name="c7237" type="java.lang.String"/>
<attribute name="c7238" type="java.lang.String"/>
<attribute name="c7239" type="java.lang.String"/>
<attribute name="c7203" type="java.lang.String"/>
<attribute name="c7204" type="java.lang.String"/>
<attribute name="c7205" type="java.lang.String"/>
<attribute name="c7206" type="java.lang.String"/>
<attribute name="c7207" type="java.lang.String"/>
<attribute name="c7208" type="java.lang.String"/>
<attribute name="c7209" type="java.lang.String"/>
<attribute name="c7210" type="java.lang.String"/>
<attribute name="c7211" type="java.lang.String"/>
<attribute name="c7212" type="java.lang.String"/>
<attribute name="c7213" type="java.lang.String"/>
<attribute name="c7214" type="java.lang.String"/>
<attribute name="c7215" type="java.lang.String"/>
<attribute name="c7216" type="java.lang.String"/>
<attribute name="c7217" type="java.lang.String"/>
<attribute name="c7218" type="java.lang.String"/>
<attribute name="c7219" type="java.lang.String"/>
<attribute name="c7220" type="java.lang.String"/>
<attribute name="c7221" type="java.lang.String"/>
<attribute name="c7222" type="java.lang.String"/>
<attribute name="c7223" type="java.lang.String"/>
<attribute name="c7224" type="java.lang.String"/>
<attribute name="c7225" type="java.lang.String"/>
<attribute name="c7218" type="java.lang.String"/>
<attribute name="c7226" type="java.lang.String"/>
<attribute name="c7227" type="java.lang.String"/>
<attribute name="c7228" type="java.lang.String"/>
<attribute name="c7229" type="java.lang.String"/>
<attribute name="c7230" type="java.lang.String"/>
<attribute name="c7231" type="java.lang.String"/>
<attribute name="c7232" type="java.lang.String"/>
<attribute name="c7233" type="java.lang.String"/>
</outputs>
<children>
<operator type="DEPENDENT_JOIN" param="3">
<outputs>
<attribute name="c7206" type="java.lang.String"/>
<attribute name="c7234" type="java.lang.String"/>
<attribute name="c7235" type="java.lang.String"/>
<attribute name="c7223" type="java.lang.String"/>
<attribute name="c7236" type="java.lang.String"/>
<attribute name="c7237" type="java.lang.String"/>
<attribute name="c7238" type="java.lang.String"/>
<attribute name="c7239" type="java.lang.String"/>
<attribute name="c7203" type="java.lang.String"/>
<attribute name="c7204" type="java.lang.String"/>
<attribute name="c7205" type="java.lang.String"/>
<attribute name="c7206" type="java.lang.String"/>
<attribute name="c7207" type="java.lang.String"/>
<attribute name="c7208" type="java.lang.String"/>
<attribute name="c7209" type="java.lang.String"/>
<attribute name="c7210" type="java.lang.String"/>
<attribute name="c7211" type="java.lang.String"/>
<attribute name="c7212" type="java.lang.String"/>
<attribute name="c7213" type="java.lang.String"/>
<attribute name="c7214" type="java.lang.String"/>
<attribute name="c7215" type="java.lang.String"/>
<attribute name="c7216" type="java.lang.String"/>
<attribute name="c7217" type="java.lang.String"/>
<attribute name="c7218" type="java.lang.String"/>
<attribute name="c7219" type="java.lang.String"/>
<attribute name="c7220" type="java.lang.String"/>
<attribute name="c7221" type="java.lang.String"/>
<attribute name="c7222" type="java.lang.String"/>
<attribute name="c7223" type="java.lang.String"/>
</outputs>
<children>
<operator type="PROJECT">
<outputs>
<attribute name="c7206" type="java.lang.String"/>
<attribute name="c7234" type="java.lang.String"/>
<attribute name="c7235" type="java.lang.String"/>
<attribute name="c7223" type="java.lang.String"/>
<attribute name="c7236" type="java.lang.String"/>
<attribute name="c7237" type="java.lang.String"/>
<attribute name="c7238" type="java.lang.String"/>
<attribute name="c7239" type="java.lang.String"/>
</outputs>
<project>
<attribute name="organism" type="java.lang.String"/>
<attribute name="pref_name" type="java.lang.String"/>
<attribute name="species_group_flag" type="java.lang.String"/>
<attribute name="target_chembl_id" type="java.lang.String"/>
<attribute name="target_component_accession" type="java.lang.String"/>
<attribute name="target_component_id" type="java.lang.String"/>
<attribute name="target_component_type" type="java.lang.String"/>
<attribute name="target_type" type="java.lang.String"/>
</project>
<child>
<operator type="ACCESS" relation="TargetFree" access-method="chembl_target_free">
<outputs>
<attribute name="organism" type="java.lang.String"/>
<attribute name="pref_name" type="java.lang.String"/>
<attribute name="species_group_flag" type="java.lang.String"/>
<attribute name="target_chembl_id" type="java.lang.String"/>
<attribute name="target_component_accession" type="java.lang.String"/>
<attribute name="target_component_id" type="java.lang.String"/>
<attribute name="target_component_type" type="java.lang.String"/>
<attribute name="target_type" type="java.lang.String"/>
</outputs>
</operator>
</child>
</operator>
<operator type="PROJECT">
<outputs>
<attribute name="c7203" type="java.lang.String"/>
<attribute name="c7204" type="java.lang.String"/>
<attribute name="c7205" type="java.lang.String"/>
<attribute name="c7206" type="java.lang.String"/>
<attribute name="c7207" type="java.lang.String"/>
<attribute name="c7208" type="java.lang.String"/>
<attribute name="c7209" type="java.lang.String"/>
<attribute name="c7210" type="java.lang.String"/>
<attribute name="c7211" type="java.lang.String"/>
<attribute name="c7212" type="java.lang.String"/>
<attribute name="c7213" type="java.lang.String"/>
<attribute name="c7214" type="java.lang.String"/>
<attribute name="c7215" type="java.lang.String"/>
<attribute name="c7216" type="java.lang.String"/>
<attribute name="c7217" type="java.lang.String"/>
<attribute name="c7218" type="java.lang.String"/>
<attribute name="c7219" type="java.lang.String"/>
<attribute name="c7220" type="java.lang.String"/>
<attribute name="c7221" type="java.lang.String"/>
<attribute name="c7222" type="java.lang.String"/>
<attribute name="c7223" type="java.lang.String"/>
</outputs>
<project>
<attribute name="assay_category" type="java.lang.String"/>
<attribute name="assay_cell_type" type="java.lang.String"/>
<attribute name="assay_chembl_id" type="java.lang.String"/>
<attribute name="assay_organism" type="java.lang.String"/>
<attribute name="assay_strain" type="java.lang.String"/>
<attribute name="assay_subcellular_fraction" type="java.lang.String"/>
<attribute name="assay_tax_id" type="java.lang.String"/>
<attribute name="assay_test_type" type="java.lang.String"/>
<attribute name="assay_type" type="java.lang.String"/>
<attribute name="assay_type_description" type="java.lang.String"/>
<attribute name="bao_format" type="java.lang.String"/>
<attribute name="cell_chembl_id" type="java.lang.String"/>
<attribute name="confidence_description" type="java.lang.String"/>
<attribute name="confidence_score" type="java.lang.String"/>
<attribute name="description" type="java.lang.String"/>
<attribute name="document_chembl_id" type="java.lang.String"/>
<attribute name="relationship_description" type="java.lang.String"/>
<attribute name="relationship_type" type="java.lang.String"/>
<attribute name="src_assay_id" type="java.lang.String"/>
<attribute name="src_id" type="java.lang.String"/>
<attribute name="target_chembl_id" type="java.lang.String"/>
</project>
<child>
<operator type="SELECT">
<outputs>
<attribute name="assay_category" type="java.lang.String"/>
<attribute name="assay_cell_type" type="java.lang.String"/>
<attribute name="assay_chembl_id" type="java.lang.String"/>
<attribute name="assay_organism" type="java.lang.String"/>
<attribute name="assay_strain" type="java.lang.String"/>
<attribute name="assay_subcellular_fraction" type="java.lang.String"/>
<attribute name="assay_tax_id" type="java.lang.String"/>
<attribute name="assay_test_type" type="java.lang.String"/>
<attribute name="assay_tissue" type="java.lang.String"/>
<attribute name="assay_type" type="java.lang.String"/>
<attribute name="assay_type_description" type="java.lang.String"/>
<attribute name="bao_format" type="java.lang.String"/>
<attribute name="cell_chembl_id" type="java.lang.String"/>
<attribute name="confidence_description" type="java.lang.String"/>
<attribute name="confidence_score" type="java.lang.String"/>
<attribute name="description" type="java.lang.String"/>
<attribute name="document_chembl_id" type="java.lang.String"/>
<attribute name="relationship_description" type="java.lang.String"/>
<attribute name="relationship_type" type="java.lang.String"/>
<attribute name="src_assay_id" type="java.lang.String"/>
<attribute name="src_id" type="java.lang.String"/>
<attribute name="target_chembl_id" type="java.lang.String"/>
</outputs>
<conjunction>
<predicate type="equality" left="8" value="Liver"/>
</conjunction>
<child>
<operator type="ACCESS" relation="AssayLimited" access-method="chembl_assay_limited_3">
<outputs>
<attribute name="assay_category" type="java.lang.String"/>
<attribute name="assay_cell_type" type="java.lang.String"/>
<attribute name="assay_chembl_id" type="java.lang.String"/>
<attribute name="assay_organism" type="java.lang.String"/>
<attribute name="assay_strain" type="java.lang.String"/>
<attribute name="assay_subcellular_fraction" type="java.lang.String"/>
<attribute name="assay_tax_id" type="java.lang.String"/>
<attribute name="assay_test_type" type="java.lang.String"/>
<attribute name="assay_tissue" type="java.lang.String"/>
<attribute name="assay_type" type="java.lang.String"/>
<attribute name="assay_type_description" type="java.lang.String"/>
<attribute name="bao_format" type="java.lang.String"/>
<attribute name="cell_chembl_id" type="java.lang.String"/>
<attribute name="confidence_description" type="java.lang.String"/>
<attribute name="confidence_score" type="java.lang.String"/>
<attribute name="description" type="java.lang.String"/>
<attribute name="document_chembl_id" type="java.lang.String"/>
<attribute name="relationship_description" type="java.lang.String"/>
<attribute name="relationship_type" type="java.lang.String"/>
<attribute name="src_assay_id" type="java.lang.String"/>
<attribute name="src_id" type="java.lang.String"/>
<attribute name="target_chembl_id" type="java.lang.String"/>
</outputs>
</operator>
</child>
</operator>
</child>
</operator>
</children>
</operator>
<operator type="PROJECT">
<outputs>
<attribute name="c7224" type="java.lang.String"/>
<attribute name="c7225" type="java.lang.String"/>
<attribute name="c7218" type="java.lang.String"/>
<attribute name="c7226" type="java.lang.String"/>
<attribute name="c7227" type="java.lang.String"/>
<attribute name="c7228" type="java.lang.String"/>
<attribute name="c7229" type="java.lang.String"/>
<attribute name="c7230" type="java.lang.String"/>
<attribute name="c7231" type="java.lang.String"/>
<attribute name="c7232" type="java.lang.String"/>
<attribute name="c7233" type="java.lang.String"/>
</outputs>
<project>
<attribute name="authors" type="java.lang.String"/>
<attribute name="doc_type" type="java.lang.String"/>
<attribute name="document_chembl_id" type="java.lang.String"/>
<attribute name="doi" type="java.lang.String"/>
<attribute name="first_page" type="java.lang.String"/>
<attribute name="issue" type="java.lang.String"/>
<attribute name="journal" type="java.lang.String"/>
<attribute name="last_page" type="java.lang.String"/>
<attribute name="pubmed_id" type="java.lang.String"/>
<attribute name="title" type="java.lang.String"/>
<attribute name="volume" type="java.lang.String"/>
</project>
<child>
<operator type="SELECT">
<outputs>
<attribute name="authors" type="java.lang.String"/>
<attribute name="doc_type" type="java.lang.String"/>
<attribute name="document_chembl_id" type="java.lang.String"/>
<attribute name="doi" type="java.lang.String"/>
<attribute name="first_page" type="java.lang.String"/>
<attribute name="issue" type="java.lang.String"/>
<attribute name="journal" type="java.lang.String"/>
<attribute name="last_page" type="java.lang.String"/>
<attribute name="pubmed_id" type="java.lang.String"/>
<attribute name="title" type="java.lang.String"/>
<attribute name="volume" type="java.lang.String"/>
<attribute name="year" type="java.lang.String"/>
</outputs>
<conjunction>
<predicate type="equality" left="11" value="2007"/>
</conjunction>
<child>
<operator type="ACCESS" relation="DocumentLimited" access-method="chembl_document_limited">
<outputs>
<attribute name="authors" type="java.lang.String"/>
<attribute name="doc_type" type="java.lang.String"/>
<attribute name="document_chembl_id" type="java.lang.String"/>
<attribute name="doi" type="java.lang.String"/>
<attribute name="first_page" type="java.lang.String"/>
<attribute name="issue" type="java.lang.String"/>
<attribute name="journal" type="java.lang.String"/>
<attribute name="last_page" type="java.lang.String"/>
<attribute name="pubmed_id" type="java.lang.String"/>
<attribute name="title" type="java.lang.String"/>
<attribute name="volume" type="java.lang.String"/>
<attribute name="year" type="java.lang.String"/>
</outputs>
</operator>
</child>
</operator>
</child>
</operator>
</children>
</operator>
</child>
</operator>
</plan>
