<?xml version="1.0" encoding="UTF-8"?>
<plan type="dag" cost="200.0" control-flow="TOP_DOWN">
<operator type="DEPENDENT_JOIN" param="24">
<outputs>
<attribute name="k470" type="java.lang.Integer"/>
<attribute name="k482" type="java.lang.String"/>
<attribute name="k483" type="java.lang.Integer"/>
<attribute name="k488" type="java.lang.String"/>
<attribute name="k477" type="java.lang.Integer"/>
<attribute name="k485" type="java.lang.String"/>
<attribute name="k486" type="java.lang.Integer"/>
<attribute name="k490" type="java.lang.String"/>
<attribute name="c464" type="java.lang.Integer"/>
<attribute name="k468" type="java.lang.String"/>
<attribute name="k469" type="java.lang.String"/>
<attribute name="k470" type="java.lang.Integer"/>
<attribute name="k471" type="java.lang.String"/>
<attribute name="k472" type="java.math.BigDecimal"/>
<attribute name="k473" type="java.lang.String"/>
<attribute name="k474" type="java.lang.String"/>
<attribute name="c463" type="java.lang.Integer"/>
<attribute name="c464" type="java.lang.Integer"/>
<attribute name="c457" type="java.lang.String"/>
<attribute name="c458" type="java.math.BigDecimal"/>
<attribute name="c465" type="java.sql.Date"/>
<attribute name="c466" type="java.lang.String"/>
<attribute name="c461" type="java.lang.Integer"/>
<attribute name="c467" type="java.lang.String"/>
<attribute name="c456" type="java.lang.Integer"/>
<attribute name="k475" type="java.lang.String"/>
<attribute name="k476" type="java.lang.String"/>
<attribute name="k477" type="java.lang.Integer"/>
<attribute name="k478" type="java.lang.String"/>
<attribute name="k479" type="java.math.BigDecimal"/>
<attribute name="k480" type="java.lang.String"/>
<attribute name="k481" type="java.lang.String"/>
<attribute name="c455" type="java.lang.Integer"/>
<attribute name="c456" type="java.lang.Integer"/>
<attribute name="c457" type="java.lang.String"/>
<attribute name="c458" type="java.math.BigDecimal"/>
<attribute name="c459" type="java.sql.Date"/>
<attribute name="c460" type="java.lang.String"/>
<attribute name="c461" type="java.lang.Integer"/>
<attribute name="c462" type="java.lang.String"/>
</outputs>
<children>
<operator type="DEPENDENT_JOIN" param="4">
<outputs>
<attribute name="k470" type="java.lang.Integer"/>
<attribute name="k482" type="java.lang.String"/>
<attribute name="k483" type="java.lang.Integer"/>
<attribute name="k488" type="java.lang.String"/>
<attribute name="k477" type="java.lang.Integer"/>
<attribute name="k485" type="java.lang.String"/>
<attribute name="k486" type="java.lang.Integer"/>
<attribute name="k490" type="java.lang.String"/>
<attribute name="c464" type="java.lang.Integer"/>
<attribute name="k468" type="java.lang.String"/>
<attribute name="k469" type="java.lang.String"/>
<attribute name="k470" type="java.lang.Integer"/>
<attribute name="k471" type="java.lang.String"/>
<attribute name="k472" type="java.math.BigDecimal"/>
<attribute name="k473" type="java.lang.String"/>
<attribute name="k474" type="java.lang.String"/>
<attribute name="c463" type="java.lang.Integer"/>
<attribute name="c464" type="java.lang.Integer"/>
<attribute name="c457" type="java.lang.String"/>
<attribute name="c458" type="java.math.BigDecimal"/>
<attribute name="c465" type="java.sql.Date"/>
<attribute name="c466" type="java.lang.String"/>
<attribute name="c461" type="java.lang.Integer"/>
<attribute name="c467" type="java.lang.String"/>
<attribute name="c456" type="java.lang.Integer"/>
<attribute name="k475" type="java.lang.String"/>
<attribute name="k476" type="java.lang.String"/>
<attribute name="k477" type="java.lang.Integer"/>
<attribute name="k478" type="java.lang.String"/>
<attribute name="k479" type="java.math.BigDecimal"/>
<attribute name="k480" type="java.lang.String"/>
<attribute name="k481" type="java.lang.String"/>
</outputs>
<children>
<operator type="DEPENDENT_JOIN" param="8">
<outputs>
<attribute name="k470" type="java.lang.Integer"/>
<attribute name="k482" type="java.lang.String"/>
<attribute name="k483" type="java.lang.Integer"/>
<attribute name="k488" type="java.lang.String"/>
<attribute name="k477" type="java.lang.Integer"/>
<attribute name="k485" type="java.lang.String"/>
<attribute name="k486" type="java.lang.Integer"/>
<attribute name="k490" type="java.lang.String"/>
<attribute name="c464" type="java.lang.Integer"/>
<attribute name="k468" type="java.lang.String"/>
<attribute name="k469" type="java.lang.String"/>
<attribute name="k470" type="java.lang.Integer"/>
<attribute name="k471" type="java.lang.String"/>
<attribute name="k472" type="java.math.BigDecimal"/>
<attribute name="k473" type="java.lang.String"/>
<attribute name="k474" type="java.lang.String"/>
<attribute name="c463" type="java.lang.Integer"/>
<attribute name="c464" type="java.lang.Integer"/>
<attribute name="c457" type="java.lang.String"/>
<attribute name="c458" type="java.math.BigDecimal"/>
<attribute name="c465" type="java.sql.Date"/>
<attribute name="c466" type="java.lang.String"/>
<attribute name="c461" type="java.lang.Integer"/>
<attribute name="c467" type="java.lang.String"/>
</outputs>
<children>
<operator type="DEPENDENT_JOIN" param="0">
<outputs>
<attribute name="k470" type="java.lang.Integer"/>
<attribute name="k482" type="java.lang.String"/>
<attribute name="k483" type="java.lang.Integer"/>
<attribute name="k488" type="java.lang.String"/>
<attribute name="k477" type="java.lang.Integer"/>
<attribute name="k485" type="java.lang.String"/>
<attribute name="k486" type="java.lang.Integer"/>
<attribute name="k490" type="java.lang.String"/>
<attribute name="c464" type="java.lang.Integer"/>
<attribute name="k468" type="java.lang.String"/>
<attribute name="k469" type="java.lang.String"/>
<attribute name="k470" type="java.lang.Integer"/>
<attribute name="k471" type="java.lang.String"/>
<attribute name="k472" type="java.math.BigDecimal"/>
<attribute name="k473" type="java.lang.String"/>
<attribute name="k474" type="java.lang.String"/>
</outputs>
<children>
<operator type="CROSS_PRODUCT">
<outputs>
<attribute name="k470" type="java.lang.Integer"/>
<attribute name="k482" type="java.lang.String"/>
<attribute name="k483" type="java.lang.Integer"/>
<attribute name="k488" type="java.lang.String"/>
<attribute name="k477" type="java.lang.Integer"/>
<attribute name="k485" type="java.lang.String"/>
<attribute name="k486" type="java.lang.Integer"/>
<attribute name="k490" type="java.lang.String"/>
</outputs>
<children>
<operator type="PROJECT">
<outputs>
<attribute name="k470" type="java.lang.Integer"/>
<attribute name="k482" type="java.lang.String"/>
<attribute name="k483" type="java.lang.Integer"/>
<attribute name="k488" type="java.lang.String"/>
</outputs>
<project>
<attribute name="nation_key" type="java.lang.Integer"/>
<attribute name="nation_name" type="java.lang.String"/>
<attribute name="region_key" type="java.lang.Integer"/>
<attribute name="region_name" type="java.lang.String"/>
</project>
<child>
<operator type="ACCESS" relation="region_nation" access-method="m13">
<outputs>
<attribute name="nation_key" type="java.lang.Integer"/>
<attribute name="nation_name" type="java.lang.String"/>
<attribute name="region_key" type="java.lang.Integer"/>
<attribute name="region_name" type="java.lang.String"/>
</outputs>
</operator>
</child>
</operator>
<operator type="PROJECT">
<outputs>
<attribute name="k477" type="java.lang.Integer"/>
<attribute name="k485" type="java.lang.String"/>
<attribute name="k486" type="java.lang.Integer"/>
<attribute name="k490" type="java.lang.String"/>
</outputs>
<project>
<attribute name="nation_key" type="java.lang.Integer"/>
<attribute name="nation_name" type="java.lang.String"/>
<attribute name="region_key" type="java.lang.Integer"/>
<attribute name="region_name" type="java.lang.String"/>
</project>
<child>
<operator type="ACCESS" relation="region_nation" access-method="m13">
<outputs>
<attribute name="nation_key" type="java.lang.Integer"/>
<attribute name="nation_name" type="java.lang.String"/>
<attribute name="region_key" type="java.lang.Integer"/>
<attribute name="region_name" type="java.lang.String"/>
</outputs>
</operator>
</child>
</operator>
</children>
</operator>
<operator type="PROJECT">
<outputs>
<attribute name="c464" type="java.lang.Integer"/>
<attribute name="k468" type="java.lang.String"/>
<attribute name="k469" type="java.lang.String"/>
<attribute name="k470" type="java.lang.Integer"/>
<attribute name="k471" type="java.lang.String"/>
<attribute name="k472" type="java.math.BigDecimal"/>
<attribute name="k473" type="java.lang.String"/>
<attribute name="k474" type="java.lang.String"/>
</outputs>
<project>
<attribute name="c_custkey" type="java.lang.Integer"/>
<attribute name="c_name" type="java.lang.String"/>
<attribute name="c_address" type="java.lang.String"/>
<attribute name="c_nationkey" type="java.lang.Integer"/>
<attribute name="c_phone" type="java.lang.String"/>
<attribute name="c_acctbal" type="java.math.BigDecimal"/>
<attribute name="c_mktsegment" type="java.lang.String"/>
<attribute name="c_comment" type="java.lang.String"/>
</project>
<child>
<operator type="ACCESS" relation="customer" access-method="m1">
<outputs>
<attribute name="c_custkey" type="java.lang.Integer"/>
<attribute name="c_name" type="java.lang.String"/>
<attribute name="c_address" type="java.lang.String"/>
<attribute name="c_nationkey" type="java.lang.Integer"/>
<attribute name="c_phone" type="java.lang.String"/>
<attribute name="c_acctbal" type="java.math.BigDecimal"/>
<attribute name="c_mktsegment" type="java.lang.String"/>
<attribute name="c_comment" type="java.lang.String"/>
</outputs>
</operator>
</child>
</operator>
</children>
</operator>
<operator type="PROJECT">
<outputs>
<attribute name="c463" type="java.lang.Integer"/>
<attribute name="c464" type="java.lang.Integer"/>
<attribute name="c457" type="java.lang.String"/>
<attribute name="c458" type="java.math.BigDecimal"/>
<attribute name="c465" type="java.sql.Date"/>
<attribute name="c466" type="java.lang.String"/>
<attribute name="c461" type="java.lang.Integer"/>
<attribute name="c467" type="java.lang.String"/>
</outputs>
<project>
<attribute name="o_orderkey" type="java.lang.Integer"/>
<attribute name="o_custkey" type="java.lang.Integer"/>
<attribute name="o_orderstatus" type="java.lang.String"/>
<attribute name="o_totalprice" type="java.math.BigDecimal"/>
<attribute name="o_orderdate" type="java.sql.Date"/>
<attribute name="o_clerk" type="java.lang.String"/>
<attribute name="o_shippriority" type="java.lang.Integer"/>
<attribute name="o_comment" type="java.lang.String"/>
</project>
<child>
<operator type="SELECT">
<outputs>
<attribute name="o_orderkey" type="java.lang.Integer"/>
<attribute name="o_custkey" type="java.lang.Integer"/>
<attribute name="o_orderstatus" type="java.lang.String"/>
<attribute name="o_totalprice" type="java.math.BigDecimal"/>
<attribute name="o_orderdate" type="java.sql.Date"/>
<attribute name="o_orderpriority" type="java.lang.String"/>
<attribute name="o_clerk" type="java.lang.String"/>
<attribute name="o_shippriority" type="java.lang.Integer"/>
<attribute name="o_comment" type="java.lang.String"/>
</outputs>
<conjunction>
<predicate type="equality" left="5" value="5-LOW"/>
</conjunction>
<child>
<operator type="ACCESS" relation="orders" access-method="m9">
<outputs>
<attribute name="o_orderkey" type="java.lang.Integer"/>
<attribute name="o_custkey" type="java.lang.Integer"/>
<attribute name="o_orderstatus" type="java.lang.String"/>
<attribute name="o_totalprice" type="java.math.BigDecimal"/>
<attribute name="o_orderdate" type="java.sql.Date"/>
<attribute name="o_orderpriority" type="java.lang.String"/>
<attribute name="o_clerk" type="java.lang.String"/>
<attribute name="o_shippriority" type="java.lang.Integer"/>
<attribute name="o_comment" type="java.lang.String"/>
</outputs>
</operator>
</child>
</operator>
</child>
</operator>
</children>
</operator>
<operator type="PROJECT">
<outputs>
<attribute name="c456" type="java.lang.Integer"/>
<attribute name="k475" type="java.lang.String"/>
<attribute name="k476" type="java.lang.String"/>
<attribute name="k477" type="java.lang.Integer"/>
<attribute name="k478" type="java.lang.String"/>
<attribute name="k479" type="java.math.BigDecimal"/>
<attribute name="k480" type="java.lang.String"/>
<attribute name="k481" type="java.lang.String"/>
</outputs>
<project>
<attribute name="c_custkey" type="java.lang.Integer"/>
<attribute name="c_name" type="java.lang.String"/>
<attribute name="c_address" type="java.lang.String"/>
<attribute name="c_nationkey" type="java.lang.Integer"/>
<attribute name="c_phone" type="java.lang.String"/>
<attribute name="c_acctbal" type="java.math.BigDecimal"/>
<attribute name="c_mktsegment" type="java.lang.String"/>
<attribute name="c_comment" type="java.lang.String"/>
</project>
<child>
<operator type="ACCESS" relation="customer" access-method="m1">
<outputs>
<attribute name="c_custkey" type="java.lang.Integer"/>
<attribute name="c_name" type="java.lang.String"/>
<attribute name="c_address" type="java.lang.String"/>
<attribute name="c_nationkey" type="java.lang.Integer"/>
<attribute name="c_phone" type="java.lang.String"/>
<attribute name="c_acctbal" type="java.math.BigDecimal"/>
<attribute name="c_mktsegment" type="java.lang.String"/>
<attribute name="c_comment" type="java.lang.String"/>
</outputs>
</operator>
</child>
</operator>
</children>
</operator>
<operator type="PROJECT">
<outputs>
<attribute name="c455" type="java.lang.Integer"/>
<attribute name="c456" type="java.lang.Integer"/>
<attribute name="c457" type="java.lang.String"/>
<attribute name="c458" type="java.math.BigDecimal"/>
<attribute name="c459" type="java.sql.Date"/>
<attribute name="c460" type="java.lang.String"/>
<attribute name="c461" type="java.lang.Integer"/>
<attribute name="c462" type="java.lang.String"/>
</outputs>
<project>
<attribute name="o_orderkey" type="java.lang.Integer"/>
<attribute name="o_custkey" type="java.lang.Integer"/>
<attribute name="o_orderstatus" type="java.lang.String"/>
<attribute name="o_totalprice" type="java.math.BigDecimal"/>
<attribute name="o_orderdate" type="java.sql.Date"/>
<attribute name="o_clerk" type="java.lang.String"/>
<attribute name="o_shippriority" type="java.lang.Integer"/>
<attribute name="o_comment" type="java.lang.String"/>
</project>
<child>
<operator type="SELECT">
<outputs>
<attribute name="o_orderkey" type="java.lang.Integer"/>
<attribute name="o_custkey" type="java.lang.Integer"/>
<attribute name="o_orderstatus" type="java.lang.String"/>
<attribute name="o_totalprice" type="java.math.BigDecimal"/>
<attribute name="o_orderdate" type="java.sql.Date"/>
<attribute name="o_orderpriority" type="java.lang.String"/>
<attribute name="o_clerk" type="java.lang.String"/>
<attribute name="o_shippriority" type="java.lang.Integer"/>
<attribute name="o_comment" type="java.lang.String"/>
</outputs>
<conjunction>
<predicate type="equality" left="5" value="1-URGENT"/>
</conjunction>
<child>
<operator type="ACCESS" relation="orders" access-method="m9">
<outputs>
<attribute name="o_orderkey" type="java.lang.Integer"/>
<attribute name="o_custkey" type="java.lang.Integer"/>
<attribute name="o_orderstatus" type="java.lang.String"/>
<attribute name="o_totalprice" type="java.math.BigDecimal"/>
<attribute name="o_orderdate" type="java.sql.Date"/>
<attribute name="o_orderpriority" type="java.lang.String"/>
<attribute name="o_clerk" type="java.lang.String"/>
<attribute name="o_shippriority" type="java.lang.Integer"/>
<attribute name="o_comment" type="java.lang.String"/>
</outputs>
</operator>
</child>
</operator>
</child>
</operator>
</children>
</operator>
</plan>
