<?xml version="1.0" encoding="UTF-8"?>
<schema>
	<sources>
		<source name="tpch"
			discoverer="uk.ac.ox.cs.pdq.sql.PostgresqlSchemaDiscoverer"
			url="jdbc:postgresql://localhost/" database="tpch_0001" username="root"
			password="root" />
	</sources>
	<relations>
		<relation name="customer" source="tpch" />
		<relation name="part" source="tpch" />
		<relation name="supplier" source="tpch" />
		<relation name="partsupp" source="tpch" />
		<relation name="nation" source="tpch" />
		<relation name="region" source="tpch" />
		<relation name="orders" source="tpch" />
		<relation name="lineitem" source="tpch" />
		<!-- CREATE VIEW region_nation AS SELECT n.n_nationkey as nation_key, n_name 
			as nation_name, r.r_regionkey as region_key, r_name as region_name FROM nation 
			as n, region as r WHERE n.n_regionkey = r.r_regionkey -->
		<view name="region_nation" source="tpch">
			<access-method type="FREE" name="m1" cost="5.0" />
		</view>
	</relations>
	<dependencies>
	</dependencies>
</schema>
