	<service
		name="m20"
		protocol="REST"
		url="http://pdq-webapp.cs.ox.ac.uk:8080/webapp/servlets/servlet/m20" 
		media-type="application/xml"
		documentation=""
		result-delimiter="country"
		service-group="service-group-1">

		<policy name="1000_items_per_page" />

		<access-method type="FREE" name="m20" cost="1000.0" relation-name="supplier">
	        <attribute name="s_suppkey" output="true" type="Integer" relation-attribute="s_suppkey" path="s_suppkey"/>
            <attribute name="s_name" output="true" type="String"    	relation-attribute="s_name" path="s_name"/>
            <attribute name="s_address" output="true" type="String"    	relation-attribute="s_address" path="s_address"/>
            <attribute name="s_nationkey" output="true" type="Integer"    	relation-attribute="s_nationkey" path="s_nationkey"/>
            <attribute name="s_phone" output="true" type="String"    	relation-attribute="s_phone" path="s_phone"/>
            <attribute name="s_acctbal" output="true" type="String"    	relation-attribute="s_acctbal" path="s_acctbal"/>
            <attribute name="s_comment" output="true" type="String"    	relation-attribute="s_comment" path="s_comment"/>
		</access-method>
	</service>