	<service
		name="yh_geo_rel"
		protocol="REST"
		url="http://pdq-webapp.cs.ox.ac.uk:8080/webapp/servlets/servlet/yh_geo_rel" 
		media-type="application/xml"
		documentation=""
		result-delimiter="country"
		service-group="service-group-1">

		<policy name="1000_items_per_page" />

		<access-method type="LIMITED" 						name="yh_geo_rel" cost="1000.0" relation-name="YahooPlaceRelationship">
		<attribute name="relation"      input="true" output="true" type="String"    	relation-attribute="relation" path="relation"/>
		<attribute name="of"            input="true" output="true" type="Integer"    	relation-attribute="of" path="of" />
		<attribute name="woeid"                      output="true" type="Integer"    	relation-attribute="woeid" path="woeid"/>
		<attribute name="placeTypeName4"              output="true" type="String"    	relation-attribute="placeTypeName4" path="placeTypeName4"/>
		<attribute name="name4"                       output="true" type="String"    	relation-attribute="name4" path="name4"/>
		<attribute name="uri4"                        output="true" type="String"    	relation-attribute="uri4" path="uri4"/>
		</access-method>
	</service>