<?xml version="1.0" encoding="UTF-8"?>
<plan type="linear" cost="15.0" control-flow="TOP_DOWN">
<command name="T1">
<operator type="JOIN" variant="SYMMETRIC_HASH">
<outputs>
<attribute name="k4965" type="java.lang.String"/>
<attribute name="k4965" type="java.lang.String"/>
<attribute name="c4958" type="java.lang.String"/>
<attribute name="k4964" type="java.lang.String"/>
<attribute name="c4955" type="java.lang.String"/>
<attribute name="k4963" type="java.lang.String"/>
<attribute name="c4959" type="java.lang.String"/>
<attribute name="c4959" type="java.lang.String"/>
<attribute name="k4970" type="java.lang.String"/>
<attribute name="c4957" type="java.lang.String"/>
<attribute name="c4954" type="java.lang.String"/>
<attribute name="c4958" type="java.lang.String"/>
</outputs>
<conjunction>
<predicate type="equality" left="2" right="11"/>
</conjunction>
<children>
<operator type="CROSS_PRODUCT">
<outputs>
<attribute name="k4965" type="java.lang.String"/>
<attribute name="k4965" type="java.lang.String"/>
<attribute name="c4958" type="java.lang.String"/>
<attribute name="k4964" type="java.lang.String"/>
<attribute name="c4955" type="java.lang.String"/>
<attribute name="k4963" type="java.lang.String"/>
<attribute name="c4959" type="java.lang.String"/>
<attribute name="c4959" type="java.lang.String"/>
<attribute name="k4970" type="java.lang.String"/>
</outputs>
<children>
<operator type="CROSS_PRODUCT">
<outputs>
<attribute name="k4965" type="java.lang.String"/>
<attribute name="k4965" type="java.lang.String"/>
<attribute name="c4958" type="java.lang.String"/>
<attribute name="k4964" type="java.lang.String"/>
<attribute name="c4955" type="java.lang.String"/>
<attribute name="k4963" type="java.lang.String"/>
</outputs>
<children>
<operator type="PROJECT">
<outputs>
<attribute name="k4965" type="java.lang.String"/>
<attribute name="k4965" type="java.lang.String"/>
<attribute name="c4958" type="java.lang.String"/>
</outputs>
<project>
<attribute name="x0" type="java.lang.String"/>
<attribute name="x1" type="java.lang.String"/>
<attribute name="x2" type="java.lang.String"/>
</project>
<child>
<operator type="SELECT">
<outputs>
<attribute name="x0" type="java.lang.String"/>
<attribute name="x1" type="java.lang.String"/>
<attribute name="x2" type="java.lang.String"/>
</outputs>
<conjunction>
<predicate type="equality" left="0" right="1"/>
</conjunction>
<child>
<operator type="ACCESS" relation="R3" access-method="mt_7">
<outputs>
<attribute name="x0" type="java.lang.String"/>
<attribute name="x1" type="java.lang.String"/>
<attribute name="x2" type="java.lang.String"/>
</outputs>
</operator>
</child>
</operator>
</child>
</operator>
<operator type="PROJECT">
<outputs>
<attribute name="k4964" type="java.lang.String"/>
<attribute name="c4955" type="java.lang.String"/>
<attribute name="k4963" type="java.lang.String"/>
</outputs>
<project>
<attribute name="x0" type="java.lang.String"/>
<attribute name="x1" type="java.lang.String"/>
<attribute name="x2" type="java.lang.String"/>
</project>
<child>
<operator type="ACCESS" relation="R3" access-method="mt_7">
<outputs>
<attribute name="x0" type="java.lang.String"/>
<attribute name="x1" type="java.lang.String"/>
<attribute name="x2" type="java.lang.String"/>
</outputs>
</operator>
</child>
</operator>
</children>
</operator>
<operator type="PROJECT">
<outputs>
<attribute name="c4959" type="java.lang.String"/>
<attribute name="c4959" type="java.lang.String"/>
<attribute name="k4970" type="java.lang.String"/>
</outputs>
<project>
<attribute name="x0" type="java.lang.String"/>
<attribute name="x1" type="java.lang.String"/>
<attribute name="x2" type="java.lang.String"/>
</project>
<child>
<operator type="SELECT">
<outputs>
<attribute name="x0" type="java.lang.String"/>
<attribute name="x1" type="java.lang.String"/>
<attribute name="x2" type="java.lang.String"/>
</outputs>
<conjunction>
<predicate type="equality" left="0" right="1"/>
</conjunction>
<child>
<operator type="ACCESS" relation="R3" access-method="mt_7">
<outputs>
<attribute name="x0" type="java.lang.String"/>
<attribute name="x1" type="java.lang.String"/>
<attribute name="x2" type="java.lang.String"/>
</outputs>
</operator>
</child>
</operator>
</child>
</operator>
</children>
</operator>
<operator type="PROJECT">
<outputs>
<attribute name="c4957" type="java.lang.String"/>
<attribute name="c4954" type="java.lang.String"/>
<attribute name="c4958" type="java.lang.String"/>
</outputs>
<project>
<attribute name="x0" type="java.lang.String"/>
<attribute name="x1" type="java.lang.String"/>
<attribute name="x2" type="java.lang.String"/>
</project>
<child>
<operator type="ACCESS" relation="R3" access-method="mt_7">
<outputs>
<attribute name="x0" type="java.lang.String"/>
<attribute name="x1" type="java.lang.String"/>
<attribute name="x2" type="java.lang.String"/>
</outputs>
</operator>
</child>
</operator>
</children>
</operator>
</command>
<command name="T2">
<operator type="JOIN" variant="SYMMETRIC_HASH">
<outputs>
<attribute name="k4965" type="java.lang.String"/>
<attribute name="k4965" type="java.lang.String"/>
<attribute name="c4958" type="java.lang.String"/>
<attribute name="k4964" type="java.lang.String"/>
<attribute name="c4955" type="java.lang.String"/>
<attribute name="k4963" type="java.lang.String"/>
<attribute name="c4959" type="java.lang.String"/>
<attribute name="c4959" type="java.lang.String"/>
<attribute name="k4970" type="java.lang.String"/>
<attribute name="c4957" type="java.lang.String"/>
<attribute name="c4954" type="java.lang.String"/>
<attribute name="c4958" type="java.lang.String"/>
<attribute name="c4954" type="java.lang.String"/>
<attribute name="c4955" type="java.lang.String"/>
<attribute name="c4956" type="java.lang.String"/>
<attribute name="k4963" type="java.lang.String"/>
<attribute name="k4962" type="java.lang.String"/>
<attribute name="k4964" type="java.lang.String"/>
</outputs>
<conjunction>
<predicate type="equality" left="3" right="17"/>
<predicate type="equality" left="4" right="13"/>
<predicate type="equality" left="5" right="15"/>
<predicate type="equality" left="10" right="12"/>
</conjunction>
<children>
<operator type="ALIAS" name="T1"/>
<operator type="CROSS_PRODUCT">
<outputs>
<attribute name="c4954" type="java.lang.String"/>
<attribute name="c4955" type="java.lang.String"/>
<attribute name="c4956" type="java.lang.String"/>
<attribute name="k4963" type="java.lang.String"/>
<attribute name="k4962" type="java.lang.String"/>
<attribute name="k4964" type="java.lang.String"/>
</outputs>
<children>
<operator type="PROJECT">
<outputs>
<attribute name="c4954" type="java.lang.String"/>
<attribute name="c4955" type="java.lang.String"/>
<attribute name="c4956" type="java.lang.String"/>
</outputs>
<project>
<attribute name="x0" type="java.lang.String"/>
<attribute name="x1" type="java.lang.String"/>
<attribute name="x2" type="java.lang.String"/>
</project>
<child>
<operator type="ACCESS" relation="R0" access-method="mt_1">
<outputs>
<attribute name="x0" type="java.lang.String"/>
<attribute name="x1" type="java.lang.String"/>
<attribute name="x2" type="java.lang.String"/>
</outputs>
</operator>
</child>
</operator>
<operator type="PROJECT">
<outputs>
<attribute name="k4963" type="java.lang.String"/>
<attribute name="k4962" type="java.lang.String"/>
<attribute name="k4964" type="java.lang.String"/>
</outputs>
<project>
<attribute name="x0" type="java.lang.String"/>
<attribute name="x1" type="java.lang.String"/>
<attribute name="x2" type="java.lang.String"/>
</project>
<child>
<operator type="ACCESS" relation="R0" access-method="mt_1">
<outputs>
<attribute name="x0" type="java.lang.String"/>
<attribute name="x1" type="java.lang.String"/>
<attribute name="x2" type="java.lang.String"/>
</outputs>
</operator>
</child>
</operator>
</children>
</operator>
</children>
</operator>
</command>
<command name="T3">
<operator type="PROJECT">
<outputs>
<attribute name="c4955" type="java.lang.String"/>
</outputs>
<project>
<attribute name="c4955" type="java.lang.String"/>
</project>
<child>
<operator type="JOIN" variant="SYMMETRIC_HASH">
<outputs>
<attribute name="k4965" type="java.lang.String"/>
<attribute name="k4965" type="java.lang.String"/>
<attribute name="c4958" type="java.lang.String"/>
<attribute name="k4964" type="java.lang.String"/>
<attribute name="c4955" type="java.lang.String"/>
<attribute name="k4963" type="java.lang.String"/>
<attribute name="c4959" type="java.lang.String"/>
<attribute name="c4959" type="java.lang.String"/>
<attribute name="k4970" type="java.lang.String"/>
<attribute name="c4957" type="java.lang.String"/>
<attribute name="c4954" type="java.lang.String"/>
<attribute name="c4958" type="java.lang.String"/>
<attribute name="c4954" type="java.lang.String"/>
<attribute name="c4955" type="java.lang.String"/>
<attribute name="c4956" type="java.lang.String"/>
<attribute name="k4963" type="java.lang.String"/>
<attribute name="k4962" type="java.lang.String"/>
<attribute name="k4964" type="java.lang.String"/>
<attribute name="c4959" type="java.lang.String"/>
<attribute name="c4960" type="java.lang.String"/>
<attribute name="c4956" type="java.lang.String"/>
</outputs>
<conjunction>
<predicate type="equality" left="6" right="18"/>
<predicate type="equality" left="14" right="20"/>
</conjunction>
<children>
<operator type="ALIAS" name="T2"/>
<operator type="PROJECT">
<outputs>
<attribute name="c4959" type="java.lang.String"/>
<attribute name="c4960" type="java.lang.String"/>
<attribute name="c4956" type="java.lang.String"/>
</outputs>
<project>
<attribute name="x0" type="java.lang.String"/>
<attribute name="x1" type="java.lang.String"/>
<attribute name="x2" type="java.lang.String"/>
</project>
<child>
<operator type="ACCESS" relation="R4" access-method="mt_9">
<outputs>
<attribute name="x0" type="java.lang.String"/>
<attribute name="x1" type="java.lang.String"/>
<attribute name="x2" type="java.lang.String"/>
</outputs>
</operator>
</child>
</operator>
</children>
</operator>
</child>
</operator>
</command>
</plan>
