<?xml version="1.0" encoding="UTF-8"?>
<plan type="dag" cost="261.86588429752067" control-flow="TOP_DOWN">
<operator type="DEPENDENT_JOIN" param="0">
<outputs>
<attribute name="c25" type="java.lang.String"/>
<attribute name="c26" type="java.lang.String"/>
<attribute name="c27" type="java.lang.String"/>
<attribute name="c28" type="java.lang.String"/>
<attribute name="c29" type="java.lang.String"/>
<attribute name="c30" type="java.lang.String"/>
<attribute name="c1" type="java.lang.String"/>
<attribute name="c2" type="java.lang.String"/>
<attribute name="c3" type="java.lang.String"/>
<attribute name="c4" type="java.lang.String"/>
<attribute name="c5" type="java.lang.String"/>
<attribute name="c6" type="java.lang.String"/>
<attribute name="c7" type="java.lang.String"/>
<attribute name="c8" type="java.lang.String"/>
<attribute name="c9" type="java.lang.String"/>
<attribute name="c10" type="java.lang.String"/>
<attribute name="c11" type="java.lang.String"/>
<attribute name="c12" type="java.lang.String"/>
<attribute name="c13" type="java.lang.String"/>
<attribute name="c14" type="java.lang.String"/>
<attribute name="c15" type="java.lang.String"/>
<attribute name="c16" type="java.lang.Integer"/>
<attribute name="c17" type="java.lang.String"/>
<attribute name="c18" type="java.lang.String"/>
<attribute name="c19" type="java.lang.String"/>
<attribute name="c20" type="java.lang.String"/>
<attribute name="c21" type="java.lang.String"/>
<attribute name="c22" type="java.lang.String"/>
<attribute name="c23" type="java.lang.String"/>
<attribute name="c24" type="java.lang.String"/>
<attribute name="c25" type="java.lang.String"/>
</outputs>
<children>
<operator type="PROJECT">
<outputs>
<attribute name="c25" type="java.lang.String"/>
<attribute name="c26" type="java.lang.String"/>
<attribute name="c27" type="java.lang.String"/>
<attribute name="c28" type="java.lang.String"/>
<attribute name="c29" type="java.lang.String"/>
<attribute name="c30" type="java.lang.String"/>
</outputs>
<project>
<attribute name="accession" type="java.lang.String"/>
<attribute name="component_id" type="java.lang.String"/>
<attribute name="description" type="java.lang.String"/>
<attribute name="protein_classification_id" type="java.lang.String"/>
<attribute name="sequence" type="java.lang.String"/>
<attribute name="tax_id" type="java.lang.String"/>
</project>
<child>
<operator type="SELECT">
<outputs>
<attribute name="accession" type="java.lang.String"/>
<attribute name="component_id" type="java.lang.String"/>
<attribute name="component_type" type="java.lang.String"/>
<attribute name="description" type="java.lang.String"/>
<attribute name="organism" type="java.lang.String"/>
<attribute name="protein_classification_id" type="java.lang.String"/>
<attribute name="sequence" type="java.lang.String"/>
<attribute name="tax_id" type="java.lang.String"/>
</outputs>
<conjunction>
<predicate type="equality" left="2" value="PROTEIN"/>
<predicate type="equality" left="4" value="Bos taurus"/>
</conjunction>
<child>
<operator type="ACCESS" relation="TargetComponentLimited" access-method="chembl_target_component_limited_2">
<outputs>
<attribute name="accession" type="java.lang.String"/>
<attribute name="component_id" type="java.lang.String"/>
<attribute name="component_type" type="java.lang.String"/>
<attribute name="description" type="java.lang.String"/>
<attribute name="organism" type="java.lang.String"/>
<attribute name="protein_classification_id" type="java.lang.String"/>
<attribute name="sequence" type="java.lang.String"/>
<attribute name="tax_id" type="java.lang.String"/>
</outputs>
<static-input>
<input attribute="4" value="Bos taurus" type="java.lang.String"/>
</static-input>
</operator>
</child>
</operator>
</child>
</operator>
<operator type="PROJECT">
<outputs>
<attribute name="c1" type="java.lang.String"/>
<attribute name="c2" type="java.lang.String"/>
<attribute name="c3" type="java.lang.String"/>
<attribute name="c4" type="java.lang.String"/>
<attribute name="c5" type="java.lang.String"/>
<attribute name="c6" type="java.lang.String"/>
<attribute name="c7" type="java.lang.String"/>
<attribute name="c8" type="java.lang.String"/>
<attribute name="c9" type="java.lang.String"/>
<attribute name="c10" type="java.lang.String"/>
<attribute name="c11" type="java.lang.String"/>
<attribute name="c12" type="java.lang.String"/>
<attribute name="c13" type="java.lang.String"/>
<attribute name="c14" type="java.lang.String"/>
<attribute name="c15" type="java.lang.String"/>
<attribute name="c16" type="java.lang.Integer"/>
<attribute name="c17" type="java.lang.String"/>
<attribute name="c18" type="java.lang.String"/>
<attribute name="c19" type="java.lang.String"/>
<attribute name="c20" type="java.lang.String"/>
<attribute name="c21" type="java.lang.String"/>
<attribute name="c22" type="java.lang.String"/>
<attribute name="c23" type="java.lang.String"/>
<attribute name="c24" type="java.lang.String"/>
<attribute name="c25" type="java.lang.String"/>
</outputs>
<project>
<attribute name="id" type="java.lang.String"/>
<attribute name="source" type="java.lang.String"/>
<attribute name="pmid" type="java.lang.String"/>
<attribute name="pmcid" type="java.lang.String"/>
<attribute name="DOI" type="java.lang.String"/>
<attribute name="title" type="java.lang.String"/>
<attribute name="authorString" type="java.lang.String"/>
<attribute name="journalTitle" type="java.lang.String"/>
<attribute name="issue" type="java.lang.String"/>
<attribute name="journalVolume" type="java.lang.String"/>
<attribute name="pubYear" type="java.lang.String"/>
<attribute name="journalIssn" type="java.lang.String"/>
<attribute name="pubType" type="java.lang.String"/>
<attribute name="inEPMC" type="java.lang.String"/>
<attribute name="inPMC" type="java.lang.String"/>
<attribute name="citedByCount" type="java.lang.Integer"/>
<attribute name="hasReferences" type="java.lang.String"/>
<attribute name="hasTextMinedTerms" type="java.lang.String"/>
<attribute name="hasDbCrossReferences" type="java.lang.String"/>
<attribute name="hasLabsLinks" type="java.lang.String"/>
<attribute name="hasTMAccessionNumbers" type="java.lang.String"/>
<attribute name="authors" type="java.lang.String"/>
<attribute name="gene" type="java.lang.String"/>
<attribute name="organism" type="java.lang.String"/>
<attribute name="uniprotPubs" type="java.lang.String"/>
</project>
<child>
<operator type="ACCESS" relation="PublicationFull" access-method="pubmed_pub_14">
<outputs>
<attribute name="id" type="java.lang.String"/>
<attribute name="source" type="java.lang.String"/>
<attribute name="pmid" type="java.lang.String"/>
<attribute name="pmcid" type="java.lang.String"/>
<attribute name="DOI" type="java.lang.String"/>
<attribute name="title" type="java.lang.String"/>
<attribute name="authorString" type="java.lang.String"/>
<attribute name="journalTitle" type="java.lang.String"/>
<attribute name="issue" type="java.lang.String"/>
<attribute name="journalVolume" type="java.lang.String"/>
<attribute name="pubYear" type="java.lang.String"/>
<attribute name="journalIssn" type="java.lang.String"/>
<attribute name="pubType" type="java.lang.String"/>
<attribute name="inEPMC" type="java.lang.String"/>
<attribute name="inPMC" type="java.lang.String"/>
<attribute name="citedByCount" type="java.lang.Integer"/>
<attribute name="hasReferences" type="java.lang.String"/>
<attribute name="hasTextMinedTerms" type="java.lang.String"/>
<attribute name="hasDbCrossReferences" type="java.lang.String"/>
<attribute name="hasLabsLinks" type="java.lang.String"/>
<attribute name="hasTMAccessionNumbers" type="java.lang.String"/>
<attribute name="authors" type="java.lang.String"/>
<attribute name="gene" type="java.lang.String"/>
<attribute name="organism" type="java.lang.String"/>
<attribute name="uniprotPubs" type="java.lang.String"/>
</outputs>
</operator>
</child>
</operator>
</children>
</operator>
</plan>
