<?xml version="1.0" encoding="UTF-8"?>
<plan type="linear" cost="45.0" control-flow="TOP_DOWN">
<command name="T1">
<operator type="CROSS_PRODUCT">
<outputs>
<attribute name="c7835" type="java.lang.Integer"/>
<attribute name="c7839" type="java.lang.String"/>
<attribute name="c7840" type="java.lang.Integer"/>
<attribute name="c7841" type="java.lang.String"/>
<attribute name="k7849" type="java.lang.Integer"/>
<attribute name="k7863" type="java.lang.String"/>
<attribute name="k7864" type="java.lang.Integer"/>
<attribute name="k7865" type="java.lang.String"/>
</outputs>
<children>
<operator type="PROJECT">
<outputs>
<attribute name="c7835" type="java.lang.Integer"/>
<attribute name="c7839" type="java.lang.String"/>
<attribute name="c7840" type="java.lang.Integer"/>
<attribute name="c7841" type="java.lang.String"/>
</outputs>
<project>
<attribute name="n_nationkey" type="java.lang.Integer"/>
<attribute name="n_name" type="java.lang.String"/>
<attribute name="n_regionkey" type="java.lang.Integer"/>
<attribute name="n_comment" type="java.lang.String"/>
</project>
<child>
<operator type="ACCESS" relation="nation" access-method="m10">
<outputs>
<attribute name="n_nationkey" type="java.lang.Integer"/>
<attribute name="n_name" type="java.lang.String"/>
<attribute name="n_regionkey" type="java.lang.Integer"/>
<attribute name="n_comment" type="java.lang.String"/>
</outputs>
</operator>
</child>
</operator>
<operator type="PROJECT">
<outputs>
<attribute name="k7849" type="java.lang.Integer"/>
<attribute name="k7863" type="java.lang.String"/>
<attribute name="k7864" type="java.lang.Integer"/>
<attribute name="k7865" type="java.lang.String"/>
</outputs>
<project>
<attribute name="n_nationkey" type="java.lang.Integer"/>
<attribute name="n_name" type="java.lang.String"/>
<attribute name="n_regionkey" type="java.lang.Integer"/>
<attribute name="n_comment" type="java.lang.String"/>
</project>
<child>
<operator type="ACCESS" relation="nation" access-method="m10">
<outputs>
<attribute name="n_nationkey" type="java.lang.Integer"/>
<attribute name="n_name" type="java.lang.String"/>
<attribute name="n_regionkey" type="java.lang.Integer"/>
<attribute name="n_comment" type="java.lang.String"/>
</outputs>
</operator>
</child>
</operator>
</children>
</operator>
</command>
<command name="T2">
<operator type="CROSS_PRODUCT">
<outputs>
<attribute name="c7835" type="java.lang.Integer"/>
<attribute name="c7839" type="java.lang.String"/>
<attribute name="c7840" type="java.lang.Integer"/>
<attribute name="c7841" type="java.lang.String"/>
<attribute name="k7849" type="java.lang.Integer"/>
<attribute name="k7863" type="java.lang.String"/>
<attribute name="k7864" type="java.lang.Integer"/>
<attribute name="k7865" type="java.lang.String"/>
<attribute name="c7828" type="java.lang.Integer"/>
<attribute name="c7828" type="java.lang.Integer"/>
<attribute name="c7829" type="java.lang.Integer"/>
<attribute name="c7830" type="java.math.BigDecimal"/>
<attribute name="c7831" type="java.lang.String"/>
</outputs>
<children>
<operator type="ALIAS" name="T1"/>
<operator type="PROJECT">
<outputs>
<attribute name="c7828" type="java.lang.Integer"/>
<attribute name="c7828" type="java.lang.Integer"/>
<attribute name="c7829" type="java.lang.Integer"/>
<attribute name="c7830" type="java.math.BigDecimal"/>
<attribute name="c7831" type="java.lang.String"/>
</outputs>
<project>
<attribute name="ps_partkey" type="java.lang.Integer"/>
<attribute name="ps_suppkey" type="java.lang.Integer"/>
<attribute name="ps_availqty" type="java.lang.Integer"/>
<attribute name="ps_supplycost" type="java.math.BigDecimal"/>
<attribute name="ps_comment" type="java.lang.String"/>
</project>
<child>
<operator type="SELECT">
<outputs>
<attribute name="ps_partkey" type="java.lang.Integer"/>
<attribute name="ps_suppkey" type="java.lang.Integer"/>
<attribute name="ps_availqty" type="java.lang.Integer"/>
<attribute name="ps_supplycost" type="java.math.BigDecimal"/>
<attribute name="ps_comment" type="java.lang.String"/>
</outputs>
<conjunction>
<predicate type="equality" left="0" right="1"/>
</conjunction>
<child>
<operator type="ACCESS" relation="partsupp" access-method="m8">
<outputs>
<attribute name="ps_partkey" type="java.lang.Integer"/>
<attribute name="ps_suppkey" type="java.lang.Integer"/>
<attribute name="ps_availqty" type="java.lang.Integer"/>
<attribute name="ps_supplycost" type="java.math.BigDecimal"/>
<attribute name="ps_comment" type="java.lang.String"/>
</outputs>
</operator>
</child>
</operator>
</child>
</operator>
</children>
</operator>
</command>
<command name="T3">
<operator type="JOIN" variant="SYMMETRIC_HASH">
<outputs>
<attribute name="c7835" type="java.lang.Integer"/>
<attribute name="c7839" type="java.lang.String"/>
<attribute name="c7840" type="java.lang.Integer"/>
<attribute name="c7841" type="java.lang.String"/>
<attribute name="k7849" type="java.lang.Integer"/>
<attribute name="k7863" type="java.lang.String"/>
<attribute name="k7864" type="java.lang.Integer"/>
<attribute name="k7865" type="java.lang.String"/>
<attribute name="c7828" type="java.lang.Integer"/>
<attribute name="c7828" type="java.lang.Integer"/>
<attribute name="c7829" type="java.lang.Integer"/>
<attribute name="c7830" type="java.math.BigDecimal"/>
<attribute name="c7831" type="java.lang.String"/>
<attribute name="k7864" type="java.lang.Integer"/>
<attribute name="k7866" type="java.lang.String"/>
<attribute name="k7867" type="java.lang.String"/>
<attribute name="c7840" type="java.lang.Integer"/>
<attribute name="c7842" type="java.lang.String"/>
<attribute name="c7843" type="java.lang.String"/>
</outputs>
<conjunction>
<predicate type="equality" left="2" right="16"/>
<predicate type="equality" left="6" right="13"/>
</conjunction>
<children>
<operator type="ALIAS" name="T2"/>
<operator type="CROSS_PRODUCT">
<outputs>
<attribute name="k7864" type="java.lang.Integer"/>
<attribute name="k7866" type="java.lang.String"/>
<attribute name="k7867" type="java.lang.String"/>
<attribute name="c7840" type="java.lang.Integer"/>
<attribute name="c7842" type="java.lang.String"/>
<attribute name="c7843" type="java.lang.String"/>
</outputs>
<children>
<operator type="PROJECT">
<outputs>
<attribute name="k7864" type="java.lang.Integer"/>
<attribute name="k7866" type="java.lang.String"/>
<attribute name="k7867" type="java.lang.String"/>
</outputs>
<project>
<attribute name="r_regionkey" type="java.lang.Integer"/>
<attribute name="r_name" type="java.lang.String"/>
<attribute name="r_comment" type="java.lang.String"/>
</project>
<child>
<operator type="ACCESS" relation="region" access-method="m12">
<outputs>
<attribute name="r_regionkey" type="java.lang.Integer"/>
<attribute name="r_name" type="java.lang.String"/>
<attribute name="r_comment" type="java.lang.String"/>
</outputs>
</operator>
</child>
</operator>
<operator type="PROJECT">
<outputs>
<attribute name="c7840" type="java.lang.Integer"/>
<attribute name="c7842" type="java.lang.String"/>
<attribute name="c7843" type="java.lang.String"/>
</outputs>
<project>
<attribute name="r_regionkey" type="java.lang.Integer"/>
<attribute name="r_name" type="java.lang.String"/>
<attribute name="r_comment" type="java.lang.String"/>
</project>
<child>
<operator type="ACCESS" relation="region" access-method="m12">
<outputs>
<attribute name="r_regionkey" type="java.lang.Integer"/>
<attribute name="r_name" type="java.lang.String"/>
<attribute name="r_comment" type="java.lang.String"/>
</outputs>
</operator>
</child>
</operator>
</children>
</operator>
</children>
</operator>
</command>
<command name="T4">
<operator type="PROJECT">
<outputs>
<attribute name="c7842" type="java.lang.String"/>
<attribute name="c7830" type="java.math.BigDecimal"/>
<attribute name="c7838" type="java.lang.String"/>
<attribute name="c7831" type="java.lang.String"/>
</outputs>
<project>
<attribute name="c7842" type="java.lang.String"/>
<attribute name="c7830" type="java.math.BigDecimal"/>
<attribute name="c7838" type="java.lang.String"/>
<attribute name="c7831" type="java.lang.String"/>
</project>
<child>
<operator type="JOIN" variant="SYMMETRIC_HASH">
<outputs>
<attribute name="c7835" type="java.lang.Integer"/>
<attribute name="c7839" type="java.lang.String"/>
<attribute name="c7840" type="java.lang.Integer"/>
<attribute name="c7841" type="java.lang.String"/>
<attribute name="k7849" type="java.lang.Integer"/>
<attribute name="k7863" type="java.lang.String"/>
<attribute name="k7864" type="java.lang.Integer"/>
<attribute name="k7865" type="java.lang.String"/>
<attribute name="c7828" type="java.lang.Integer"/>
<attribute name="c7828" type="java.lang.Integer"/>
<attribute name="c7829" type="java.lang.Integer"/>
<attribute name="c7830" type="java.math.BigDecimal"/>
<attribute name="c7831" type="java.lang.String"/>
<attribute name="k7864" type="java.lang.Integer"/>
<attribute name="k7866" type="java.lang.String"/>
<attribute name="k7867" type="java.lang.String"/>
<attribute name="c7840" type="java.lang.Integer"/>
<attribute name="c7842" type="java.lang.String"/>
<attribute name="c7843" type="java.lang.String"/>
<attribute name="c7832" type="java.lang.Integer"/>
<attribute name="c7833" type="java.lang.String"/>
<attribute name="c7834" type="java.lang.String"/>
<attribute name="c7835" type="java.lang.Integer"/>
<attribute name="c7836" type="java.lang.String"/>
<attribute name="c7837" type="java.math.BigDecimal"/>
<attribute name="c7838" type="java.lang.String"/>
<attribute name="c7828" type="java.lang.Integer"/>
<attribute name="k7847" type="java.lang.String"/>
<attribute name="k7848" type="java.lang.String"/>
<attribute name="k7849" type="java.lang.Integer"/>
<attribute name="k7850" type="java.lang.String"/>
<attribute name="k7851" type="java.math.BigDecimal"/>
<attribute name="k7852" type="java.lang.String"/>
</outputs>
<conjunction>
<predicate type="equality" left="0" right="22"/>
<predicate type="equality" left="4" right="29"/>
<predicate type="equality" left="8" right="26"/>
</conjunction>
<children>
<operator type="ALIAS" name="T3"/>
<operator type="CROSS_PRODUCT">
<outputs>
<attribute name="c7832" type="java.lang.Integer"/>
<attribute name="c7833" type="java.lang.String"/>
<attribute name="c7834" type="java.lang.String"/>
<attribute name="c7835" type="java.lang.Integer"/>
<attribute name="c7836" type="java.lang.String"/>
<attribute name="c7837" type="java.math.BigDecimal"/>
<attribute name="c7838" type="java.lang.String"/>
<attribute name="c7828" type="java.lang.Integer"/>
<attribute name="k7847" type="java.lang.String"/>
<attribute name="k7848" type="java.lang.String"/>
<attribute name="k7849" type="java.lang.Integer"/>
<attribute name="k7850" type="java.lang.String"/>
<attribute name="k7851" type="java.math.BigDecimal"/>
<attribute name="k7852" type="java.lang.String"/>
</outputs>
<children>
<operator type="PROJECT">
<outputs>
<attribute name="c7832" type="java.lang.Integer"/>
<attribute name="c7833" type="java.lang.String"/>
<attribute name="c7834" type="java.lang.String"/>
<attribute name="c7835" type="java.lang.Integer"/>
<attribute name="c7836" type="java.lang.String"/>
<attribute name="c7837" type="java.math.BigDecimal"/>
<attribute name="c7838" type="java.lang.String"/>
</outputs>
<project>
<attribute name="s_suppkey" type="java.lang.Integer"/>
<attribute name="s_name" type="java.lang.String"/>
<attribute name="s_address" type="java.lang.String"/>
<attribute name="s_nationkey" type="java.lang.Integer"/>
<attribute name="s_phone" type="java.lang.String"/>
<attribute name="s_acctbal" type="java.math.BigDecimal"/>
<attribute name="s_comment" type="java.lang.String"/>
</project>
<child>
<operator type="ACCESS" relation="supplier" access-method="m6">
<outputs>
<attribute name="s_suppkey" type="java.lang.Integer"/>
<attribute name="s_name" type="java.lang.String"/>
<attribute name="s_address" type="java.lang.String"/>
<attribute name="s_nationkey" type="java.lang.Integer"/>
<attribute name="s_phone" type="java.lang.String"/>
<attribute name="s_acctbal" type="java.math.BigDecimal"/>
<attribute name="s_comment" type="java.lang.String"/>
</outputs>
</operator>
</child>
</operator>
<operator type="PROJECT">
<outputs>
<attribute name="c7828" type="java.lang.Integer"/>
<attribute name="k7847" type="java.lang.String"/>
<attribute name="k7848" type="java.lang.String"/>
<attribute name="k7849" type="java.lang.Integer"/>
<attribute name="k7850" type="java.lang.String"/>
<attribute name="k7851" type="java.math.BigDecimal"/>
<attribute name="k7852" type="java.lang.String"/>
</outputs>
<project>
<attribute name="s_suppkey" type="java.lang.Integer"/>
<attribute name="s_name" type="java.lang.String"/>
<attribute name="s_address" type="java.lang.String"/>
<attribute name="s_nationkey" type="java.lang.Integer"/>
<attribute name="s_phone" type="java.lang.String"/>
<attribute name="s_acctbal" type="java.math.BigDecimal"/>
<attribute name="s_comment" type="java.lang.String"/>
</project>
<child>
<operator type="ACCESS" relation="supplier" access-method="m6">
<outputs>
<attribute name="s_suppkey" type="java.lang.Integer"/>
<attribute name="s_name" type="java.lang.String"/>
<attribute name="s_address" type="java.lang.String"/>
<attribute name="s_nationkey" type="java.lang.Integer"/>
<attribute name="s_phone" type="java.lang.String"/>
<attribute name="s_acctbal" type="java.math.BigDecimal"/>
<attribute name="s_comment" type="java.lang.String"/>
</outputs>
</operator>
</child>
</operator>
</children>
</operator>
</children>
</operator>
</child>
</operator>
</command>
</plan>
