<query>
	<body>
		<atom name="partsupp">
			<variable name="x0" />
			<variable name="x0" />
			<variable name="x2" />
			<variable name="x3" />
			<variable name="x4" />
		</atom>
		<atom name="supplier">
			<variable name="x1" />
			<variable name="x6" />
			<variable name="x7" />
			<variable name="x8" />
			<variable name="x9" />
			<variable name="x10" />
			<variable name="x11" />
		</atom>
		<atom name="nation">
			<variable name="x8" />
			<variable name="x13" />
			<variable name="x14" />
			<variable name="x15" />
		</atom>
		<atom name="region">
			<variable name="x14" />
			<variable name="x17" />
			<variable name="x18" />
		</atom>
	</body>
	<head name="Q">
		<variable name="x17" />
		<variable name="x3" />
		<variable name="x11" />
		<variable name="x4" />
	</head>
</query>
