<?xml version="1.0" encoding="UTF-8"?>
<plan type="linear" cost="35.42" control-flow="BOTTOM_UP">
<command name="T1">
<operator type="PROJECT">
<outputs>
<attribute name="c5210" type="java.lang.Integer"/>
<attribute name="c5214" type="java.lang.String"/>
<attribute name="c5215" type="java.lang.String"/>
<attribute name="c5216" type="java.lang.Integer"/>
<attribute name="c5217" type="java.lang.String"/>
<attribute name="c5218" type="java.math.BigDecimal"/>
<attribute name="c5219" type="java.lang.String"/>
</outputs>
<project>
<attribute name="s_suppkey" type="java.lang.Integer"/>
<attribute name="s_name" type="java.lang.String"/>
<attribute name="s_address" type="java.lang.String"/>
<attribute name="s_nationkey" type="java.lang.Integer"/>
<attribute name="s_phone" type="java.lang.String"/>
<attribute name="s_acctbal" type="java.math.BigDecimal"/>
<attribute name="s_comment" type="java.lang.String"/>
</project>
<child>
<operator type="ACCESS" relation="supplier" access-method="m6">
<outputs>
<attribute name="s_suppkey" type="java.lang.Integer"/>
<attribute name="s_name" type="java.lang.String"/>
<attribute name="s_address" type="java.lang.String"/>
<attribute name="s_nationkey" type="java.lang.Integer"/>
<attribute name="s_phone" type="java.lang.String"/>
<attribute name="s_acctbal" type="java.math.BigDecimal"/>
<attribute name="s_comment" type="java.lang.String"/>
</outputs>
</operator>
</child>
</operator>
</command>
<command name="T2">
<operator type="JOIN" variant="SYMMETRIC_HASH">
<outputs>
<attribute name="c5210" type="java.lang.Integer"/>
<attribute name="c5214" type="java.lang.String"/>
<attribute name="c5215" type="java.lang.String"/>
<attribute name="c5216" type="java.lang.Integer"/>
<attribute name="c5217" type="java.lang.String"/>
<attribute name="c5218" type="java.math.BigDecimal"/>
<attribute name="c5219" type="java.lang.String"/>
<attribute name="c5209" type="java.lang.Integer"/>
<attribute name="c5210" type="java.lang.Integer"/>
<attribute name="c5211" type="java.lang.Integer"/>
<attribute name="c5212" type="java.math.BigDecimal"/>
<attribute name="c5213" type="java.lang.String"/>
</outputs>
<conjunction>
<predicate type="equality" left="0" right="8"/>
</conjunction>
<children>
<operator type="ALIAS" name="T1"/>
<operator type="PROJECT">
<outputs>
<attribute name="c5209" type="java.lang.Integer"/>
<attribute name="c5210" type="java.lang.Integer"/>
<attribute name="c5211" type="java.lang.Integer"/>
<attribute name="c5212" type="java.math.BigDecimal"/>
<attribute name="c5213" type="java.lang.String"/>
</outputs>
<project>
<attribute name="ps_partkey" type="java.lang.Integer"/>
<attribute name="ps_suppkey" type="java.lang.Integer"/>
<attribute name="ps_availqty" type="java.lang.Integer"/>
<attribute name="ps_supplycost" type="java.math.BigDecimal"/>
<attribute name="ps_comment" type="java.lang.String"/>
</project>
<child>
<operator type="ACCESS" relation="partsupp" access-method="m8">
<outputs>
<attribute name="ps_partkey" type="java.lang.Integer"/>
<attribute name="ps_suppkey" type="java.lang.Integer"/>
<attribute name="ps_availqty" type="java.lang.Integer"/>
<attribute name="ps_supplycost" type="java.math.BigDecimal"/>
<attribute name="ps_comment" type="java.lang.String"/>
</outputs>
</operator>
</child>
</operator>
</children>
</operator>
</command>
<command name="T3">
<operator type="PROJECT">
<outputs>
<attribute name="c5218" type="java.math.BigDecimal"/>
<attribute name="c5214" type="java.lang.String"/>
<attribute name="c5212" type="java.math.BigDecimal"/>
<attribute name="c5221" type="java.lang.Integer"/>
</outputs>
<project>
<attribute name="c5218" type="java.math.BigDecimal"/>
<attribute name="c5214" type="java.lang.String"/>
<attribute name="c5212" type="java.math.BigDecimal"/>
<attribute name="c5221" type="java.lang.Integer"/>
</project>
<child>
<operator type="JOIN" variant="SYMMETRIC_HASH">
<outputs>
<attribute name="c5210" type="java.lang.Integer"/>
<attribute name="c5214" type="java.lang.String"/>
<attribute name="c5215" type="java.lang.String"/>
<attribute name="c5216" type="java.lang.Integer"/>
<attribute name="c5217" type="java.lang.String"/>
<attribute name="c5218" type="java.math.BigDecimal"/>
<attribute name="c5219" type="java.lang.String"/>
<attribute name="c5209" type="java.lang.Integer"/>
<attribute name="c5210" type="java.lang.Integer"/>
<attribute name="c5211" type="java.lang.Integer"/>
<attribute name="c5212" type="java.math.BigDecimal"/>
<attribute name="c5213" type="java.lang.String"/>
<attribute name="c5216" type="java.lang.Integer"/>
<attribute name="c5220" type="java.lang.String"/>
<attribute name="c5221" type="java.lang.Integer"/>
<attribute name="c5222" type="java.lang.String"/>
</outputs>
<conjunction>
<predicate type="equality" left="3" right="12"/>
</conjunction>
<children>
<operator type="ALIAS" name="T2"/>
<operator type="PROJECT">
<outputs>
<attribute name="c5216" type="java.lang.Integer"/>
<attribute name="c5220" type="java.lang.String"/>
<attribute name="c5221" type="java.lang.Integer"/>
<attribute name="c5222" type="java.lang.String"/>
</outputs>
<project>
<attribute name="n_nationkey" type="java.lang.Integer"/>
<attribute name="n_name" type="java.lang.String"/>
<attribute name="n_regionkey" type="java.lang.Integer"/>
<attribute name="n_comment" type="java.lang.String"/>
</project>
<child>
<operator type="ACCESS" relation="nation" access-method="m10">
<outputs>
<attribute name="n_nationkey" type="java.lang.Integer"/>
<attribute name="n_name" type="java.lang.String"/>
<attribute name="n_regionkey" type="java.lang.Integer"/>
<attribute name="n_comment" type="java.lang.String"/>
</outputs>
</operator>
</child>
</operator>
</children>
</operator>
</child>
</operator>
</command>
</plan>
