<?xml version="1.0" encoding="UTF-8"?>
<schema>
	<relations>
		<relation name="r1">
			<attribute name="r1.1" type="java.lang.Integer" />
			<attribute name="r1.2" type="java.lang.Integer" />
			<access-method name="m1" type="FREE" cost="5" />
			<access-method name="m2" type="LIMITED" inputs="1,2"
				cost="5" />
		</relation>
		<relation name="r2">
			<attribute name="r2.1" type="java.lang.Integer" />
			<access-method name="m3" type="FREE" cost="5" />
		</relation>
		<relation name="r3">
			<attribute name="r3.1" type="java.lang.Integer" />
			<attribute name="r3.2" type="java.lang.Integer" />
			<attribute name="r3.3" type="java.lang.Integer" />
			<access-method name="m4" type="LIMITED" inputs="2,3"
				cost="5" />
		</relation>
		<relation name="r4">
			<attribute name="r4.1" type="java.lang.Integer" />
			<attribute name="r4.2" type="java.lang.Integer" />
			<access-method name="m5" type="FREE" cost="5" />
		</relation>
		<!-- <relation name="r5" description="../../../doc/ws/google-timezone.xml"/> -->
	</relations>
	<dependencies>
		<dependency>
			<body>
				<atom name="r1">
					<variable name="y" />
					<variable name="z" />
				</atom>
				<atom name="r2">
					<variable name="z" />
				</atom>
				<atom name="r3">
					<variable name="x" />
					<variable name="y" />
					<variable name="z" />
				</atom>
				<atom name="r3">
					<variable name="z" />
					<variable name="y" />
					<variable name="y" />
				</atom>
			</body>
			<head>
				<atom name="r1">
					<variable name="x" />
					<variable name="z" />
				</atom>
				<atom name="r1">
					<variable name="x" />
					<variable name="z" />
				</atom>
			</head>
		</dependency>
		<dependency>
			<body>
				<atom name="r2">
					<variable name="z" />
				</atom>
				<atom name="r3">
					<variable name="x" />
					<variable name="y" />
					<variable name="z" />
				</atom>
				<atom name="r3">
					<variable name="z" />
					<variable name="y" />
					<variable name="y" />
				</atom>
			</body>
			<head>
				<atom name="r1">
					<variable name="x" />
					<variable name="z" />
				</atom>
				<atom name="r1">
					<variable name="x" />
					<variable name="z" />
				</atom>
				<atom name="r1">
					<variable name="y" />
					<variable name="z" />
				</atom>
			</head>
		</dependency>
	</dependencies>
</schema>
