<?xml version="1.0" encoding="UTF-8"?>
<plan type="linear" cost="20.0" control-flow="TOP_DOWN">
<command name="T1">
<operator type="CROSS_PRODUCT">
<outputs>
<attribute name="k1816" type="java.lang.Integer"/>
<attribute name="k1830" type="java.lang.String"/>
<attribute name="k1831" type="java.lang.Integer"/>
<attribute name="k1833" type="java.lang.String"/>
<attribute name="c1782" type="java.lang.Integer"/>
<attribute name="c1787" type="java.lang.String"/>
<attribute name="c1788" type="java.lang.Integer"/>
<attribute name="AMERICA" type="java.lang.String"/>
</outputs>
<children>
<operator type="PROJECT">
<outputs>
<attribute name="k1816" type="java.lang.Integer"/>
<attribute name="k1830" type="java.lang.String"/>
<attribute name="k1831" type="java.lang.Integer"/>
<attribute name="k1833" type="java.lang.String"/>
</outputs>
<project>
<attribute name="nation_key" type="java.lang.Integer"/>
<attribute name="nation_name" type="java.lang.String"/>
<attribute name="region_key" type="java.lang.Integer"/>
<attribute name="region_name" type="java.lang.String"/>
</project>
<child>
<operator type="ACCESS" relation="region_nation" access-method="m0">
<outputs>
<attribute name="nation_key" type="java.lang.Integer"/>
<attribute name="nation_name" type="java.lang.String"/>
<attribute name="region_key" type="java.lang.Integer"/>
<attribute name="region_name" type="java.lang.String"/>
</outputs>
</operator>
</child>
</operator>
<operator type="PROJECT">
<outputs>
<attribute name="c1782" type="java.lang.Integer"/>
<attribute name="c1787" type="java.lang.String"/>
<attribute name="c1788" type="java.lang.Integer"/>
<attribute name="AMERICA" type="java.lang.String"/>
</outputs>
<project>
<attribute name="nation_key" type="java.lang.Integer"/>
<attribute name="nation_name" type="java.lang.String"/>
<attribute name="region_key" type="java.lang.Integer"/>
<attribute name="region_name" type="java.lang.String"/>
</project>
<child>
<operator type="ACCESS" relation="region_nation" access-method="m0">
<outputs>
<attribute name="nation_key" type="java.lang.Integer"/>
<attribute name="nation_name" type="java.lang.String"/>
<attribute name="region_key" type="java.lang.Integer"/>
<attribute name="region_name" type="java.lang.String"/>
</outputs>
</operator>
</child>
</operator>
</children>
</operator>
</command>
<command name="T2">
<operator type="PROJECT">
<outputs>
<attribute name="c1780" type="java.lang.String"/>
<attribute name="c1781" type="java.lang.String"/>
<attribute name="c1787" type="java.lang.String"/>
</outputs>
<project>
<attribute name="c1780" type="java.lang.String"/>
<attribute name="c1781" type="java.lang.String"/>
<attribute name="c1787" type="java.lang.String"/>
</project>
<child>
<operator type="DEPENDENT_JOIN" param="4">
<outputs>
<attribute name="k1816" type="java.lang.Integer"/>
<attribute name="k1830" type="java.lang.String"/>
<attribute name="k1831" type="java.lang.Integer"/>
<attribute name="k1833" type="java.lang.String"/>
<attribute name="c1782" type="java.lang.Integer"/>
<attribute name="c1787" type="java.lang.String"/>
<attribute name="c1788" type="java.lang.Integer"/>
<attribute name="AMERICA" type="java.lang.String"/>
<attribute name="c1780" type="java.lang.String"/>
<attribute name="c1781" type="java.lang.String"/>
<attribute name="c1782" type="java.lang.Integer"/>
<attribute name="c1784" type="java.math.BigDecimal"/>
<attribute name="c1761" type="java.lang.String"/>
<attribute name="c1762" type="java.lang.String"/>
<attribute name="k1820" type="java.lang.String"/>
<attribute name="k1822" type="java.lang.String"/>
<attribute name="k1823" type="java.lang.String"/>
<attribute name="c1769" type="java.math.BigDecimal"/>
<attribute name="c1770" type="java.math.BigDecimal"/>
<attribute name="c1771" type="java.math.BigDecimal"/>
<attribute name="c1772" type="java.lang.String"/>
</outputs>
<children>
<operator type="ALIAS" name="T1"/>
<operator type="PROJECT">
<outputs>
<attribute name="c1780" type="java.lang.String"/>
<attribute name="c1781" type="java.lang.String"/>
<attribute name="c1782" type="java.lang.Integer"/>
<attribute name="c1784" type="java.math.BigDecimal"/>
<attribute name="c1761" type="java.lang.String"/>
<attribute name="c1762" type="java.lang.String"/>
<attribute name="k1820" type="java.lang.String"/>
<attribute name="k1822" type="java.lang.String"/>
<attribute name="k1823" type="java.lang.String"/>
<attribute name="c1769" type="java.math.BigDecimal"/>
<attribute name="c1770" type="java.math.BigDecimal"/>
<attribute name="c1771" type="java.math.BigDecimal"/>
<attribute name="c1772" type="java.lang.String"/>
</outputs>
<project>
<attribute name="cname" type="java.lang.String"/>
<attribute name="caddress" type="java.lang.String"/>
<attribute name="cnation" type="java.lang.Integer"/>
<attribute name="cactbal" type="java.math.BigDecimal"/>
<attribute name="opriority" type="java.lang.String"/>
<attribute name="oclerk" type="java.lang.String"/>
<attribute name="pname" type="java.lang.String"/>
<attribute name="pbrand" type="java.lang.String"/>
<attribute name="ptype" type="java.lang.String"/>
<attribute name="lextendedprice" type="java.math.BigDecimal"/>
<attribute name="ldiscount" type="java.math.BigDecimal"/>
<attribute name="ltax" type="java.math.BigDecimal"/>
<attribute name="lflag" type="java.lang.String"/>
</project>
<child>
<operator type="ACCESS" relation="order_customer" access-method="m1">
<outputs>
<attribute name="cname" type="java.lang.String"/>
<attribute name="caddress" type="java.lang.String"/>
<attribute name="cnation" type="java.lang.Integer"/>
<attribute name="cactbal" type="java.math.BigDecimal"/>
<attribute name="opriority" type="java.lang.String"/>
<attribute name="oclerk" type="java.lang.String"/>
<attribute name="pname" type="java.lang.String"/>
<attribute name="pbrand" type="java.lang.String"/>
<attribute name="ptype" type="java.lang.String"/>
<attribute name="lextendedprice" type="java.math.BigDecimal"/>
<attribute name="ldiscount" type="java.math.BigDecimal"/>
<attribute name="ltax" type="java.math.BigDecimal"/>
<attribute name="lflag" type="java.lang.String"/>
</outputs>
</operator>
</child>
</operator>
</children>
</operator>
</child>
</operator>
</command>
</plan>
