<?xml version="1.0" encoding="UTF-8"?>
<schema>
	<sources>
		<source name="tpch"
			discoverer="uk.ac.ox.cs.pdq.sql.PostgresqlSchemaDiscoverer"
			url="jdbc:postgresql://localhost/" database="tpch_0001" username="root"
			password="root" />
	</sources>
	<relations>
		<relation name="customer" source="tpch" />
		<relation name="part" source="tpch" />
		<relation name="supplier" source="tpch" />
		<relation name="partsupp" source="tpch" />
		<relation name="nation" source="tpch" />
		<relation name="region" source="tpch" />
		<relation name="orders" source="tpch" />
		<relation name="lineitem" source="tpch" />
		<!-- CREATE VIEW region_nation AS SELECT n.n_nationkey as nation_key, n_name 
			as nation_name, r.r_regionkey as region_key, r_name as region_name FROM nation 
			as n, region as r WHERE n.n_regionkey = r.r_regionkey -->
		<view name="region_nation" source="tpch">
			<access-method type="FREE" name="m0" cost="5.0" />
		</view>
		<!-- CREATE VIEW order_customer AS SELECT c.c_name as cname, c.c_address 
			as caddress, c.c_nationkey as cnation, c.c_acctbal as cactbal, o.o_orderpriority 
			as opriority, o.o_clerk as oclerk, p.p_name as pname, p.p_brand as pbrand, 
			p.p_type as ptype, l.l_extendedprice as lextendedprice, l.l_discount as ldiscount, 
			l.l_tax as ltax, l.l_returnflag as lflag FROM customer as c, orders as o, 
			lineitem as l, part as p WHERE o.o_orderkey = l.l_orderkey AND o.o_custkey 
			= c.c_custkey AND l.l_partkey = p.p_partkey -->
		<view name="order_customer" source="tpch">
			<access-method type="LIMITED" name="m1" inputs="3"
				cost="15.0" />
			<access-method type="LIMITED" name="m2" inputs="1,3,5,8"
				cost="5.0" />
			<access-method type="FREE" name="m3" cost="100.0" />
		</view>
		<!-- CREATE VIEW order_supplier AS SELECT s.s_name as sname, s.s_address 
			as saddress, s.s_nationkey as snation, s.s_acctbal as sactbal, o.o_orderpriority 
			as opriority, o.o_clerk as oclerk, p.p_name as pname, p.p_brand as pbrand, 
			p.p_type as ptype, l.l_extendedprice as lextendedprice, l.l_discount as ldiscount, 
			l.l_tax as ltax, l.l_returnflag as lflag FROM supplier as s, orders as o, 
			lineitem as l, part as p, partsupp as ps WHERE o.o_orderkey = l.l_orderkey 
			AND l.l_partkey = p.p_partkey AND p.p_partkey = ps.ps_partkey AND ps.ps_suppkey 
			= s.s_suppkey -->
		<view name="order_supplier" source="tpch">
			<access-method type="LIMITED" name="m4" inputs="3"
				cost="15.0" />
			<access-method type="LIMITED" name="m5" inputs="1,3,5,8"
				cost="5.0" />
			<access-method type="FREE" name="m6" cost="100.0" />
		</view>
	</relations>
	<dependencies>
	</dependencies>
</schema>
