<?xml version="1.0" encoding="UTF-8"?>
<plan type="dag" cost="3.0" control-flow="TOP_DOWN">
<operator type="DEPENDENT_JOIN" param="0,3">
<outputs>
<attribute name="c50" type="java.lang.Integer"/>
<attribute name="c51" type="java.lang.Integer"/>
<attribute name="c51" type="java.lang.Integer"/>
<attribute name="c52" type="java.lang.Integer"/>
<attribute name="c50" type="java.lang.Integer"/>
<attribute name="c51" type="java.lang.Integer"/>
<attribute name="c51" type="java.lang.Integer"/>
<attribute name="c50" type="java.lang.Integer"/>
<attribute name="c52" type="java.lang.Integer"/>
</outputs>
<children>
<operator type="DEPENDENT_JOIN" param="0,1">
<outputs>
<attribute name="c50" type="java.lang.Integer"/>
<attribute name="c51" type="java.lang.Integer"/>
<attribute name="c51" type="java.lang.Integer"/>
<attribute name="c52" type="java.lang.Integer"/>
<attribute name="c50" type="java.lang.Integer"/>
<attribute name="c51" type="java.lang.Integer"/>
</outputs>
<children>
<operator type="JOIN" variant="SYMMETRIC_HASH">
<outputs>
<attribute name="c50" type="java.lang.Integer"/>
<attribute name="c51" type="java.lang.Integer"/>
<attribute name="c51" type="java.lang.Integer"/>
</outputs>
<conjunction>
<predicate type="equality" left="1" right="2"/>
</conjunction>
<children>
<operator type="PROJECT">
<outputs>
<attribute name="c50" type="java.lang.Integer"/>
<attribute name="c51" type="java.lang.Integer"/>
</outputs>
<project>
<attribute name="r1.1" type="java.lang.Integer"/>
<attribute name="r1.2" type="java.lang.Integer"/>
</project>
<child>
<operator type="ACCESS" relation="r1" access-method="m1">
<outputs>
<attribute name="r1.1" type="java.lang.Integer"/>
<attribute name="r1.2" type="java.lang.Integer"/>
</outputs>
</operator>
</child>
</operator>
<operator type="PROJECT">
<outputs>
<attribute name="c51" type="java.lang.Integer"/>
</outputs>
<project>
<attribute name="r2.1" type="java.lang.Integer"/>
</project>
<child>
<operator type="ACCESS" relation="r2" access-method="m3">
<outputs>
<attribute name="r2.1" type="java.lang.Integer"/>
</outputs>
</operator>
</child>
</operator>
</children>
</operator>
<operator type="PROJECT">
<outputs>
<attribute name="c52" type="java.lang.Integer"/>
<attribute name="c50" type="java.lang.Integer"/>
<attribute name="c51" type="java.lang.Integer"/>
</outputs>
<project>
<attribute name="r3.1" type="java.lang.Integer"/>
<attribute name="r3.2" type="java.lang.Integer"/>
<attribute name="r3.3" type="java.lang.Integer"/>
</project>
<child>
<operator type="ACCESS" relation="r3" access-method="m4">
<outputs>
<attribute name="r3.1" type="java.lang.Integer"/>
<attribute name="r3.2" type="java.lang.Integer"/>
<attribute name="r3.3" type="java.lang.Integer"/>
</outputs>
</operator>
</child>
</operator>
</children>
</operator>
<operator type="PROJECT">
<outputs>
<attribute name="c51" type="java.lang.Integer"/>
<attribute name="c50" type="java.lang.Integer"/>
<attribute name="c52" type="java.lang.Integer"/>
</outputs>
<project>
<attribute name="r3.1" type="java.lang.Integer"/>
<attribute name="r3.2" type="java.lang.Integer"/>
<attribute name="r3.3" type="java.lang.Integer"/>
</project>
<child>
<operator type="ACCESS" relation="r3" access-method="m4">
<outputs>
<attribute name="r3.1" type="java.lang.Integer"/>
<attribute name="r3.2" type="java.lang.Integer"/>
<attribute name="r3.3" type="java.lang.Integer"/>
</outputs>
</operator>
</child>
</operator>
</children>
</operator>
</plan>
