<?xml version="1.0" encoding="UTF-8"?>
<plan type="dag" cost="5.6513657845433384E7" control-flow="TOP_DOWN">
<operator type="PROJECT">
<outputs>
<attribute name="c3460" type="java.lang.String"/>
<attribute name="c3461" type="java.lang.String"/>
<attribute name="c3462" type="java.lang.String"/>
<attribute name="c3463" type="java.lang.String"/>
<attribute name="c3464" type="java.lang.String"/>
<attribute name="c3465" type="java.lang.String"/>
<attribute name="c3466" type="java.lang.String"/>
<attribute name="c3467" type="java.lang.String"/>
<attribute name="c3468" type="java.lang.String"/>
<attribute name="c3469" type="java.lang.String"/>
<attribute name="c3481" type="java.lang.String"/>
<attribute name="c3482" type="java.lang.String"/>
<attribute name="c3483" type="java.lang.String"/>
<attribute name="c3484" type="java.lang.String"/>
<attribute name="c3485" type="java.lang.String"/>
<attribute name="c3486" type="java.lang.String"/>
<attribute name="c3487" type="java.lang.String"/>
<attribute name="c3488" type="java.lang.String"/>
<attribute name="c3489" type="java.lang.String"/>
<attribute name="c3493" type="java.lang.String"/>
<attribute name="c3475" type="java.lang.String"/>
<attribute name="c3494" type="java.lang.String"/>
<attribute name="c3463" type="java.lang.String"/>
<attribute name="c3501" type="java.lang.String"/>
<attribute name="c3502" type="java.lang.String"/>
<attribute name="c3480" type="java.lang.String"/>
<attribute name="c3503" type="java.lang.String"/>
<attribute name="c3504" type="java.lang.String"/>
<attribute name="c3505" type="java.lang.String"/>
</outputs>
<project>
<attribute name="c3460" type="java.lang.String"/>
<attribute name="c3461" type="java.lang.String"/>
<attribute name="c3462" type="java.lang.String"/>
<attribute name="c3463" type="java.lang.String"/>
<attribute name="c3464" type="java.lang.String"/>
<attribute name="c3465" type="java.lang.String"/>
<attribute name="c3466" type="java.lang.String"/>
<attribute name="c3467" type="java.lang.String"/>
<attribute name="c3468" type="java.lang.String"/>
<attribute name="c3469" type="java.lang.String"/>
<attribute name="c3481" type="java.lang.String"/>
<attribute name="c3482" type="java.lang.String"/>
<attribute name="c3483" type="java.lang.String"/>
<attribute name="c3484" type="java.lang.String"/>
<attribute name="c3485" type="java.lang.String"/>
<attribute name="c3486" type="java.lang.String"/>
<attribute name="c3487" type="java.lang.String"/>
<attribute name="c3488" type="java.lang.String"/>
<attribute name="c3489" type="java.lang.String"/>
<attribute name="c3493" type="java.lang.String"/>
<attribute name="c3475" type="java.lang.String"/>
<attribute name="c3494" type="java.lang.String"/>
<attribute name="c3463" type="java.lang.String"/>
<attribute name="c3501" type="java.lang.String"/>
<attribute name="c3502" type="java.lang.String"/>
<attribute name="c3480" type="java.lang.String"/>
<attribute name="c3503" type="java.lang.String"/>
<attribute name="c3504" type="java.lang.String"/>
<attribute name="c3505" type="java.lang.String"/>
</project>
<child>
<operator type="JOIN" variant="SYMMETRIC_HASH">
<outputs>
<attribute name="c3460" type="java.lang.String"/>
<attribute name="c3461" type="java.lang.String"/>
<attribute name="c3462" type="java.lang.String"/>
<attribute name="c3463" type="java.lang.String"/>
<attribute name="c3464" type="java.lang.String"/>
<attribute name="c3465" type="java.lang.String"/>
<attribute name="c3466" type="java.lang.String"/>
<attribute name="c3467" type="java.lang.String"/>
<attribute name="c3468" type="java.lang.String"/>
<attribute name="c3469" type="java.lang.String"/>
<attribute name="c3470" type="java.lang.String"/>
<attribute name="c3471" type="java.lang.String"/>
<attribute name="c3472" type="java.lang.String"/>
<attribute name="c3473" type="java.lang.String"/>
<attribute name="c3474" type="java.lang.String"/>
<attribute name="c3475" type="java.lang.String"/>
<attribute name="c3476" type="java.lang.String"/>
<attribute name="c3477" type="java.lang.String"/>
<attribute name="c3478" type="java.lang.String"/>
<attribute name="c3479" type="java.lang.String"/>
<attribute name="c3480" type="java.lang.String"/>
<attribute name="c3493" type="java.lang.String"/>
<attribute name="c3475" type="java.lang.String"/>
<attribute name="c3494" type="java.lang.String"/>
<attribute name="c3495" type="java.lang.String"/>
<attribute name="c3496" type="java.lang.String"/>
<attribute name="c3497" type="java.lang.String"/>
<attribute name="c3498" type="java.lang.String"/>
<attribute name="c3492" type="java.lang.String"/>
<attribute name="c3499" type="java.lang.String"/>
<attribute name="c3500" type="java.lang.String"/>
<attribute name="k3600" type="java.lang.String"/>
<attribute name="c3479" type="java.lang.String"/>
<attribute name="k3601" type="java.lang.String"/>
<attribute name="c3481" type="java.lang.String"/>
<attribute name="c3482" type="java.lang.String"/>
<attribute name="c3483" type="java.lang.String"/>
<attribute name="c3484" type="java.lang.String"/>
<attribute name="c3485" type="java.lang.String"/>
<attribute name="c3486" type="java.lang.String"/>
<attribute name="c3487" type="java.lang.String"/>
<attribute name="c3488" type="java.lang.String"/>
<attribute name="c3489" type="java.lang.String"/>
<attribute name="c3490" type="java.lang.String"/>
<attribute name="c3491" type="java.lang.String"/>
<attribute name="c3492" type="java.lang.String"/>
<attribute name="c3463" type="java.lang.String"/>
<attribute name="c3501" type="java.lang.String"/>
<attribute name="c3502" type="java.lang.String"/>
<attribute name="c3480" type="java.lang.String"/>
<attribute name="c3503" type="java.lang.String"/>
<attribute name="c3504" type="java.lang.String"/>
<attribute name="c3505" type="java.lang.String"/>
</outputs>
<conjunction>
<predicate type="equality" left="3" right="46"/>
<predicate type="equality" left="20" right="49"/>
</conjunction>
<children>
<operator type="DEPENDENT_JOIN" param="28">
<outputs>
<attribute name="c3460" type="java.lang.String"/>
<attribute name="c3461" type="java.lang.String"/>
<attribute name="c3462" type="java.lang.String"/>
<attribute name="c3463" type="java.lang.String"/>
<attribute name="c3464" type="java.lang.String"/>
<attribute name="c3465" type="java.lang.String"/>
<attribute name="c3466" type="java.lang.String"/>
<attribute name="c3467" type="java.lang.String"/>
<attribute name="c3468" type="java.lang.String"/>
<attribute name="c3469" type="java.lang.String"/>
<attribute name="c3470" type="java.lang.String"/>
<attribute name="c3471" type="java.lang.String"/>
<attribute name="c3472" type="java.lang.String"/>
<attribute name="c3473" type="java.lang.String"/>
<attribute name="c3474" type="java.lang.String"/>
<attribute name="c3475" type="java.lang.String"/>
<attribute name="c3476" type="java.lang.String"/>
<attribute name="c3477" type="java.lang.String"/>
<attribute name="c3478" type="java.lang.String"/>
<attribute name="c3479" type="java.lang.String"/>
<attribute name="c3480" type="java.lang.String"/>
<attribute name="c3493" type="java.lang.String"/>
<attribute name="c3475" type="java.lang.String"/>
<attribute name="c3494" type="java.lang.String"/>
<attribute name="c3495" type="java.lang.String"/>
<attribute name="c3496" type="java.lang.String"/>
<attribute name="c3497" type="java.lang.String"/>
<attribute name="c3498" type="java.lang.String"/>
<attribute name="c3492" type="java.lang.String"/>
<attribute name="c3499" type="java.lang.String"/>
<attribute name="c3500" type="java.lang.String"/>
<attribute name="k3600" type="java.lang.String"/>
<attribute name="c3479" type="java.lang.String"/>
<attribute name="k3601" type="java.lang.String"/>
<attribute name="c3481" type="java.lang.String"/>
<attribute name="c3482" type="java.lang.String"/>
<attribute name="c3483" type="java.lang.String"/>
<attribute name="c3484" type="java.lang.String"/>
<attribute name="c3485" type="java.lang.String"/>
<attribute name="c3486" type="java.lang.String"/>
<attribute name="c3487" type="java.lang.String"/>
<attribute name="c3488" type="java.lang.String"/>
<attribute name="c3489" type="java.lang.String"/>
<attribute name="c3490" type="java.lang.String"/>
<attribute name="c3491" type="java.lang.String"/>
<attribute name="c3492" type="java.lang.String"/>
</outputs>
<children>
<operator type="JOIN" variant="SYMMETRIC_HASH">
<outputs>
<attribute name="c3460" type="java.lang.String"/>
<attribute name="c3461" type="java.lang.String"/>
<attribute name="c3462" type="java.lang.String"/>
<attribute name="c3463" type="java.lang.String"/>
<attribute name="c3464" type="java.lang.String"/>
<attribute name="c3465" type="java.lang.String"/>
<attribute name="c3466" type="java.lang.String"/>
<attribute name="c3467" type="java.lang.String"/>
<attribute name="c3468" type="java.lang.String"/>
<attribute name="c3469" type="java.lang.String"/>
<attribute name="c3470" type="java.lang.String"/>
<attribute name="c3471" type="java.lang.String"/>
<attribute name="c3472" type="java.lang.String"/>
<attribute name="c3473" type="java.lang.String"/>
<attribute name="c3474" type="java.lang.String"/>
<attribute name="c3475" type="java.lang.String"/>
<attribute name="c3476" type="java.lang.String"/>
<attribute name="c3477" type="java.lang.String"/>
<attribute name="c3478" type="java.lang.String"/>
<attribute name="c3479" type="java.lang.String"/>
<attribute name="c3480" type="java.lang.String"/>
<attribute name="c3493" type="java.lang.String"/>
<attribute name="c3475" type="java.lang.String"/>
<attribute name="c3494" type="java.lang.String"/>
<attribute name="c3495" type="java.lang.String"/>
<attribute name="c3496" type="java.lang.String"/>
<attribute name="c3497" type="java.lang.String"/>
<attribute name="c3498" type="java.lang.String"/>
<attribute name="c3492" type="java.lang.String"/>
<attribute name="c3499" type="java.lang.String"/>
<attribute name="c3500" type="java.lang.String"/>
<attribute name="k3600" type="java.lang.String"/>
<attribute name="c3479" type="java.lang.String"/>
<attribute name="k3601" type="java.lang.String"/>
</outputs>
<conjunction>
<predicate type="equality" left="19" right="32"/>
</conjunction>
<children>
<operator type="DEPENDENT_JOIN" param="15">
<outputs>
<attribute name="c3460" type="java.lang.String"/>
<attribute name="c3461" type="java.lang.String"/>
<attribute name="c3462" type="java.lang.String"/>
<attribute name="c3463" type="java.lang.String"/>
<attribute name="c3464" type="java.lang.String"/>
<attribute name="c3465" type="java.lang.String"/>
<attribute name="c3466" type="java.lang.String"/>
<attribute name="c3467" type="java.lang.String"/>
<attribute name="c3468" type="java.lang.String"/>
<attribute name="c3469" type="java.lang.String"/>
<attribute name="c3470" type="java.lang.String"/>
<attribute name="c3471" type="java.lang.String"/>
<attribute name="c3472" type="java.lang.String"/>
<attribute name="c3473" type="java.lang.String"/>
<attribute name="c3474" type="java.lang.String"/>
<attribute name="c3475" type="java.lang.String"/>
<attribute name="c3476" type="java.lang.String"/>
<attribute name="c3477" type="java.lang.String"/>
<attribute name="c3478" type="java.lang.String"/>
<attribute name="c3479" type="java.lang.String"/>
<attribute name="c3480" type="java.lang.String"/>
<attribute name="c3493" type="java.lang.String"/>
<attribute name="c3475" type="java.lang.String"/>
<attribute name="c3494" type="java.lang.String"/>
<attribute name="c3495" type="java.lang.String"/>
<attribute name="c3496" type="java.lang.String"/>
<attribute name="c3497" type="java.lang.String"/>
<attribute name="c3498" type="java.lang.String"/>
<attribute name="c3492" type="java.lang.String"/>
<attribute name="c3499" type="java.lang.String"/>
<attribute name="c3500" type="java.lang.String"/>
</outputs>
<children>
<operator type="PROJECT">
<outputs>
<attribute name="c3460" type="java.lang.String"/>
<attribute name="c3461" type="java.lang.String"/>
<attribute name="c3462" type="java.lang.String"/>
<attribute name="c3463" type="java.lang.String"/>
<attribute name="c3464" type="java.lang.String"/>
<attribute name="c3465" type="java.lang.String"/>
<attribute name="c3466" type="java.lang.String"/>
<attribute name="c3467" type="java.lang.String"/>
<attribute name="c3468" type="java.lang.String"/>
<attribute name="c3469" type="java.lang.String"/>
<attribute name="c3470" type="java.lang.String"/>
<attribute name="c3471" type="java.lang.String"/>
<attribute name="c3472" type="java.lang.String"/>
<attribute name="c3473" type="java.lang.String"/>
<attribute name="c3474" type="java.lang.String"/>
<attribute name="c3475" type="java.lang.String"/>
<attribute name="c3476" type="java.lang.String"/>
<attribute name="c3477" type="java.lang.String"/>
<attribute name="c3478" type="java.lang.String"/>
<attribute name="c3479" type="java.lang.String"/>
<attribute name="c3480" type="java.lang.String"/>
</outputs>
<project>
<attribute name="assay_category" type="java.lang.String"/>
<attribute name="assay_cell_type" type="java.lang.String"/>
<attribute name="assay_chembl_id" type="java.lang.String"/>
<attribute name="assay_organism" type="java.lang.String"/>
<attribute name="assay_strain" type="java.lang.String"/>
<attribute name="assay_subcellular_fraction" type="java.lang.String"/>
<attribute name="assay_tax_id" type="java.lang.String"/>
<attribute name="assay_test_type" type="java.lang.String"/>
<attribute name="assay_type" type="java.lang.String"/>
<attribute name="assay_type_description" type="java.lang.String"/>
<attribute name="bao_format" type="java.lang.String"/>
<attribute name="cell_chembl_id" type="java.lang.String"/>
<attribute name="confidence_description" type="java.lang.String"/>
<attribute name="confidence_score" type="java.lang.String"/>
<attribute name="description" type="java.lang.String"/>
<attribute name="document_chembl_id" type="java.lang.String"/>
<attribute name="relationship_description" type="java.lang.String"/>
<attribute name="relationship_type" type="java.lang.String"/>
<attribute name="src_assay_id" type="java.lang.String"/>
<attribute name="src_id" type="java.lang.String"/>
<attribute name="target_chembl_id" type="java.lang.String"/>
</project>
<child>
<operator type="SELECT">
<outputs>
<attribute name="assay_category" type="java.lang.String"/>
<attribute name="assay_cell_type" type="java.lang.String"/>
<attribute name="assay_chembl_id" type="java.lang.String"/>
<attribute name="assay_organism" type="java.lang.String"/>
<attribute name="assay_strain" type="java.lang.String"/>
<attribute name="assay_subcellular_fraction" type="java.lang.String"/>
<attribute name="assay_tax_id" type="java.lang.String"/>
<attribute name="assay_test_type" type="java.lang.String"/>
<attribute name="assay_tissue" type="java.lang.String"/>
<attribute name="assay_type" type="java.lang.String"/>
<attribute name="assay_type_description" type="java.lang.String"/>
<attribute name="bao_format" type="java.lang.String"/>
<attribute name="cell_chembl_id" type="java.lang.String"/>
<attribute name="confidence_description" type="java.lang.String"/>
<attribute name="confidence_score" type="java.lang.String"/>
<attribute name="description" type="java.lang.String"/>
<attribute name="document_chembl_id" type="java.lang.String"/>
<attribute name="relationship_description" type="java.lang.String"/>
<attribute name="relationship_type" type="java.lang.String"/>
<attribute name="src_assay_id" type="java.lang.String"/>
<attribute name="src_id" type="java.lang.String"/>
<attribute name="target_chembl_id" type="java.lang.String"/>
</outputs>
<conjunction>
<predicate type="equality" left="8" value="Liver"/>
</conjunction>
<child>
<operator type="ACCESS" relation="AssayFree" access-method="chembl_assay_free">
<outputs>
<attribute name="assay_category" type="java.lang.String"/>
<attribute name="assay_cell_type" type="java.lang.String"/>
<attribute name="assay_chembl_id" type="java.lang.String"/>
<attribute name="assay_organism" type="java.lang.String"/>
<attribute name="assay_strain" type="java.lang.String"/>
<attribute name="assay_subcellular_fraction" type="java.lang.String"/>
<attribute name="assay_tax_id" type="java.lang.String"/>
<attribute name="assay_test_type" type="java.lang.String"/>
<attribute name="assay_tissue" type="java.lang.String"/>
<attribute name="assay_type" type="java.lang.String"/>
<attribute name="assay_type_description" type="java.lang.String"/>
<attribute name="bao_format" type="java.lang.String"/>
<attribute name="cell_chembl_id" type="java.lang.String"/>
<attribute name="confidence_description" type="java.lang.String"/>
<attribute name="confidence_score" type="java.lang.String"/>
<attribute name="description" type="java.lang.String"/>
<attribute name="document_chembl_id" type="java.lang.String"/>
<attribute name="relationship_description" type="java.lang.String"/>
<attribute name="relationship_type" type="java.lang.String"/>
<attribute name="src_assay_id" type="java.lang.String"/>
<attribute name="src_id" type="java.lang.String"/>
<attribute name="target_chembl_id" type="java.lang.String"/>
</outputs>
</operator>
</child>
</operator>
</child>
</operator>
<operator type="PROJECT">
<outputs>
<attribute name="c3493" type="java.lang.String"/>
<attribute name="c3475" type="java.lang.String"/>
<attribute name="c3494" type="java.lang.String"/>
<attribute name="c3495" type="java.lang.String"/>
<attribute name="c3496" type="java.lang.String"/>
<attribute name="c3497" type="java.lang.String"/>
<attribute name="c3498" type="java.lang.String"/>
<attribute name="c3492" type="java.lang.String"/>
<attribute name="c3499" type="java.lang.String"/>
<attribute name="c3500" type="java.lang.String"/>
</outputs>
<project>
<attribute name="authors" type="java.lang.String"/>
<attribute name="document_chembl_id" type="java.lang.String"/>
<attribute name="doi" type="java.lang.String"/>
<attribute name="first_page" type="java.lang.String"/>
<attribute name="issue" type="java.lang.String"/>
<attribute name="journal" type="java.lang.String"/>
<attribute name="last_page" type="java.lang.String"/>
<attribute name="pubmed_id" type="java.lang.String"/>
<attribute name="title" type="java.lang.String"/>
<attribute name="volume" type="java.lang.String"/>
</project>
<child>
<operator type="SELECT">
<outputs>
<attribute name="authors" type="java.lang.String"/>
<attribute name="doc_type" type="java.lang.String"/>
<attribute name="document_chembl_id" type="java.lang.String"/>
<attribute name="doi" type="java.lang.String"/>
<attribute name="first_page" type="java.lang.String"/>
<attribute name="issue" type="java.lang.String"/>
<attribute name="journal" type="java.lang.String"/>
<attribute name="last_page" type="java.lang.String"/>
<attribute name="pubmed_id" type="java.lang.String"/>
<attribute name="title" type="java.lang.String"/>
<attribute name="volume" type="java.lang.String"/>
<attribute name="year" type="java.lang.String"/>
</outputs>
<conjunction>
<predicate type="equality" left="1" value="PUBLICATION"/>
<predicate type="equality" left="11" value="2013"/>
</conjunction>
<child>
<operator type="ACCESS" relation="DocumentLimited" access-method="chembl_document_limited">
<outputs>
<attribute name="authors" type="java.lang.String"/>
<attribute name="doc_type" type="java.lang.String"/>
<attribute name="document_chembl_id" type="java.lang.String"/>
<attribute name="doi" type="java.lang.String"/>
<attribute name="first_page" type="java.lang.String"/>
<attribute name="issue" type="java.lang.String"/>
<attribute name="journal" type="java.lang.String"/>
<attribute name="last_page" type="java.lang.String"/>
<attribute name="pubmed_id" type="java.lang.String"/>
<attribute name="title" type="java.lang.String"/>
<attribute name="volume" type="java.lang.String"/>
<attribute name="year" type="java.lang.String"/>
</outputs>
</operator>
</child>
</operator>
</child>
</operator>
</children>
</operator>
<operator type="PROJECT">
<outputs>
<attribute name="k3600" type="java.lang.String"/>
<attribute name="c3479" type="java.lang.String"/>
<attribute name="k3601" type="java.lang.String"/>
</outputs>
<project>
<attribute name="src_description" type="java.lang.String"/>
<attribute name="src_id" type="java.lang.String"/>
<attribute name="src_short_name" type="java.lang.String"/>
</project>
<child>
<operator type="ACCESS" relation="SourceFree" access-method="chembl_source_free">
<outputs>
<attribute name="src_description" type="java.lang.String"/>
<attribute name="src_id" type="java.lang.String"/>
<attribute name="src_short_name" type="java.lang.String"/>
</outputs>
</operator>
</child>
</operator>
</children>
</operator>
<operator type="PROJECT">
<outputs>
<attribute name="c3481" type="java.lang.String"/>
<attribute name="c3482" type="java.lang.String"/>
<attribute name="c3483" type="java.lang.String"/>
<attribute name="c3484" type="java.lang.String"/>
<attribute name="c3485" type="java.lang.String"/>
<attribute name="c3486" type="java.lang.String"/>
<attribute name="c3487" type="java.lang.String"/>
<attribute name="c3488" type="java.lang.String"/>
<attribute name="c3489" type="java.lang.String"/>
<attribute name="c3490" type="java.lang.String"/>
<attribute name="c3491" type="java.lang.String"/>
<attribute name="c3492" type="java.lang.String"/>
</outputs>
<project>
<attribute name="id" type="java.lang.String"/>
<attribute name="source" type="java.lang.String"/>
<attribute name="citationType" type="java.lang.String"/>
<attribute name="title" type="java.lang.String"/>
<attribute name="authorString" type="java.lang.String"/>
<attribute name="journalAbbreviation" type="java.lang.String"/>
<attribute name="pubYear" type="java.lang.String"/>
<attribute name="volume" type="java.lang.String"/>
<attribute name="issue" type="java.lang.String"/>
<attribute name="pageInfo" type="java.lang.String"/>
<attribute name="citedByCount" type="java.lang.String"/>
<attribute name="ext_id" type="java.lang.String"/>
</project>
<child>
<operator type="SELECT">
<outputs>
<attribute name="id" type="java.lang.String"/>
<attribute name="source" type="java.lang.String"/>
<attribute name="citationType" type="java.lang.String"/>
<attribute name="title" type="java.lang.String"/>
<attribute name="authorString" type="java.lang.String"/>
<attribute name="journalAbbreviation" type="java.lang.String"/>
<attribute name="pubYear" type="java.lang.String"/>
<attribute name="volume" type="java.lang.String"/>
<attribute name="issue" type="java.lang.String"/>
<attribute name="pageInfo" type="java.lang.String"/>
<attribute name="citedByCount" type="java.lang.String"/>
<attribute name="src" type="java.lang.String"/>
<attribute name="ext_id" type="java.lang.String"/>
</outputs>
<conjunction>
<predicate type="equality" left="11" value="MED"/>
</conjunction>
<child>
<operator type="ACCESS" relation="Citation" access-method="pubmed_citation_1">
<outputs>
<attribute name="id" type="java.lang.String"/>
<attribute name="source" type="java.lang.String"/>
<attribute name="citationType" type="java.lang.String"/>
<attribute name="title" type="java.lang.String"/>
<attribute name="authorString" type="java.lang.String"/>
<attribute name="journalAbbreviation" type="java.lang.String"/>
<attribute name="pubYear" type="java.lang.String"/>
<attribute name="volume" type="java.lang.String"/>
<attribute name="issue" type="java.lang.String"/>
<attribute name="pageInfo" type="java.lang.String"/>
<attribute name="citedByCount" type="java.lang.String"/>
<attribute name="src" type="java.lang.String"/>
<attribute name="ext_id" type="java.lang.String"/>
</outputs>
<static-input>
<input attribute="11" value="MED" type="java.lang.String"/>
</static-input>
</operator>
</child>
</operator>
</child>
</operator>
</children>
</operator>
<operator type="PROJECT">
<outputs>
<attribute name="c3463" type="java.lang.String"/>
<attribute name="c3501" type="java.lang.String"/>
<attribute name="c3502" type="java.lang.String"/>
<attribute name="c3480" type="java.lang.String"/>
<attribute name="c3503" type="java.lang.String"/>
<attribute name="c3504" type="java.lang.String"/>
<attribute name="c3505" type="java.lang.String"/>
</outputs>
<project>
<attribute name="organism" type="java.lang.String"/>
<attribute name="pref_name" type="java.lang.String"/>
<attribute name="species_group_flag" type="java.lang.String"/>
<attribute name="target_chembl_id" type="java.lang.String"/>
<attribute name="target_component_accession" type="java.lang.String"/>
<attribute name="target_component_id" type="java.lang.String"/>
<attribute name="target_component_type" type="java.lang.String"/>
</project>
<child>
<operator type="SELECT">
<outputs>
<attribute name="organism" type="java.lang.String"/>
<attribute name="pref_name" type="java.lang.String"/>
<attribute name="species_group_flag" type="java.lang.String"/>
<attribute name="target_chembl_id" type="java.lang.String"/>
<attribute name="target_component_accession" type="java.lang.String"/>
<attribute name="target_component_id" type="java.lang.String"/>
<attribute name="target_component_type" type="java.lang.String"/>
<attribute name="target_type" type="java.lang.String"/>
</outputs>
<conjunction>
<predicate type="equality" left="7" value="SINGLE PROTEIN"/>
</conjunction>
<child>
<operator type="ACCESS" relation="TargetFree" access-method="chembl_target_free">
<outputs>
<attribute name="organism" type="java.lang.String"/>
<attribute name="pref_name" type="java.lang.String"/>
<attribute name="species_group_flag" type="java.lang.String"/>
<attribute name="target_chembl_id" type="java.lang.String"/>
<attribute name="target_component_accession" type="java.lang.String"/>
<attribute name="target_component_id" type="java.lang.String"/>
<attribute name="target_component_type" type="java.lang.String"/>
<attribute name="target_type" type="java.lang.String"/>
</outputs>
</operator>
</child>
</operator>
</child>
</operator>
</children>
</operator>
</child>
</operator>
</plan>
