<?xml version="1.0" encoding="UTF-8"?>
<plan type="dag" cost="200.0" control-flow="TOP_DOWN">
<operator type="DEPENDENT_JOIN" param="4">
<outputs>
<attribute name="c564" type="java.lang.Integer"/>
<attribute name="k583" type="java.lang.String"/>
<attribute name="k584" type="java.lang.Integer"/>
<attribute name="k603" type="java.lang.String"/>
<attribute name="c570" type="java.lang.Integer"/>
<attribute name="c577" type="java.lang.String"/>
<attribute name="c578" type="java.lang.String"/>
<attribute name="c564" type="java.lang.Integer"/>
<attribute name="c579" type="java.lang.String"/>
<attribute name="c580" type="java.math.BigDecimal"/>
<attribute name="c581" type="java.lang.String"/>
<attribute name="c582" type="java.lang.String"/>
<attribute name="c569" type="java.lang.Integer"/>
<attribute name="c570" type="java.lang.Integer"/>
<attribute name="c571" type="java.lang.String"/>
<attribute name="c572" type="java.math.BigDecimal"/>
<attribute name="c573" type="java.sql.Date"/>
<attribute name="c574" type="java.lang.String"/>
<attribute name="c575" type="java.lang.Integer"/>
<attribute name="c576" type="java.lang.String"/>
</outputs>
<children>
<operator type="DEPENDENT_JOIN" param="0">
<outputs>
<attribute name="c564" type="java.lang.Integer"/>
<attribute name="k583" type="java.lang.String"/>
<attribute name="k584" type="java.lang.Integer"/>
<attribute name="k603" type="java.lang.String"/>
<attribute name="c570" type="java.lang.Integer"/>
<attribute name="c577" type="java.lang.String"/>
<attribute name="c578" type="java.lang.String"/>
<attribute name="c564" type="java.lang.Integer"/>
<attribute name="c579" type="java.lang.String"/>
<attribute name="c580" type="java.math.BigDecimal"/>
<attribute name="c581" type="java.lang.String"/>
<attribute name="c582" type="java.lang.String"/>
</outputs>
<children>
<operator type="PROJECT">
<outputs>
<attribute name="c564" type="java.lang.Integer"/>
<attribute name="k583" type="java.lang.String"/>
<attribute name="k584" type="java.lang.Integer"/>
<attribute name="k603" type="java.lang.String"/>
</outputs>
<project>
<attribute name="nation_key" type="java.lang.Integer"/>
<attribute name="nation_name" type="java.lang.String"/>
<attribute name="region_key" type="java.lang.Integer"/>
<attribute name="region_name" type="java.lang.String"/>
</project>
<child>
<operator type="ACCESS" relation="region_nation" access-method="m13">
<outputs>
<attribute name="nation_key" type="java.lang.Integer"/>
<attribute name="nation_name" type="java.lang.String"/>
<attribute name="region_key" type="java.lang.Integer"/>
<attribute name="region_name" type="java.lang.String"/>
</outputs>
</operator>
</child>
</operator>
<operator type="PROJECT">
<outputs>
<attribute name="c570" type="java.lang.Integer"/>
<attribute name="c577" type="java.lang.String"/>
<attribute name="c578" type="java.lang.String"/>
<attribute name="c564" type="java.lang.Integer"/>
<attribute name="c579" type="java.lang.String"/>
<attribute name="c580" type="java.math.BigDecimal"/>
<attribute name="c581" type="java.lang.String"/>
<attribute name="c582" type="java.lang.String"/>
</outputs>
<project>
<attribute name="c_custkey" type="java.lang.Integer"/>
<attribute name="c_name" type="java.lang.String"/>
<attribute name="c_address" type="java.lang.String"/>
<attribute name="c_nationkey" type="java.lang.Integer"/>
<attribute name="c_phone" type="java.lang.String"/>
<attribute name="c_acctbal" type="java.math.BigDecimal"/>
<attribute name="c_mktsegment" type="java.lang.String"/>
<attribute name="c_comment" type="java.lang.String"/>
</project>
<child>
<operator type="ACCESS" relation="customer" access-method="m1">
<outputs>
<attribute name="c_custkey" type="java.lang.Integer"/>
<attribute name="c_name" type="java.lang.String"/>
<attribute name="c_address" type="java.lang.String"/>
<attribute name="c_nationkey" type="java.lang.Integer"/>
<attribute name="c_phone" type="java.lang.String"/>
<attribute name="c_acctbal" type="java.math.BigDecimal"/>
<attribute name="c_mktsegment" type="java.lang.String"/>
<attribute name="c_comment" type="java.lang.String"/>
</outputs>
</operator>
</child>
</operator>
</children>
</operator>
<operator type="PROJECT">
<outputs>
<attribute name="c569" type="java.lang.Integer"/>
<attribute name="c570" type="java.lang.Integer"/>
<attribute name="c571" type="java.lang.String"/>
<attribute name="c572" type="java.math.BigDecimal"/>
<attribute name="c573" type="java.sql.Date"/>
<attribute name="c574" type="java.lang.String"/>
<attribute name="c575" type="java.lang.Integer"/>
<attribute name="c576" type="java.lang.String"/>
</outputs>
<project>
<attribute name="o_orderkey" type="java.lang.Integer"/>
<attribute name="o_custkey" type="java.lang.Integer"/>
<attribute name="o_orderstatus" type="java.lang.String"/>
<attribute name="o_totalprice" type="java.math.BigDecimal"/>
<attribute name="o_orderdate" type="java.sql.Date"/>
<attribute name="o_clerk" type="java.lang.String"/>
<attribute name="o_shippriority" type="java.lang.Integer"/>
<attribute name="o_comment" type="java.lang.String"/>
</project>
<child>
<operator type="SELECT">
<outputs>
<attribute name="o_orderkey" type="java.lang.Integer"/>
<attribute name="o_custkey" type="java.lang.Integer"/>
<attribute name="o_orderstatus" type="java.lang.String"/>
<attribute name="o_totalprice" type="java.math.BigDecimal"/>
<attribute name="o_orderdate" type="java.sql.Date"/>
<attribute name="o_orderpriority" type="java.lang.String"/>
<attribute name="o_clerk" type="java.lang.String"/>
<attribute name="o_shippriority" type="java.lang.Integer"/>
<attribute name="o_comment" type="java.lang.String"/>
</outputs>
<conjunction>
<predicate type="equality" left="5" value="1-URGENT"/>
</conjunction>
<child>
<operator type="ACCESS" relation="orders" access-method="m9">
<outputs>
<attribute name="o_orderkey" type="java.lang.Integer"/>
<attribute name="o_custkey" type="java.lang.Integer"/>
<attribute name="o_orderstatus" type="java.lang.String"/>
<attribute name="o_totalprice" type="java.math.BigDecimal"/>
<attribute name="o_orderdate" type="java.sql.Date"/>
<attribute name="o_orderpriority" type="java.lang.String"/>
<attribute name="o_clerk" type="java.lang.String"/>
<attribute name="o_shippriority" type="java.lang.Integer"/>
<attribute name="o_comment" type="java.lang.String"/>
</outputs>
</operator>
</child>
</operator>
</child>
</operator>
</children>
</operator>
</plan>
