<?xml version="1.0" encoding="UTF-8"?>
<query>
	<!-- Customers from the same country, with URGENT orders.
	Can exploit order_customer view. -->
	<body>
		<atom name="orders">
			<variable />
			<variable name="o_custkey" />
			<variable />
			<variable />
			<variable />
			<constant value="1-URGENT" />
			<variable />
			<variable />
			<variable />
		</atom>
		<atom name="customer">
			<variable name="o_custkey" />
			<variable name="cname" />
			<variable />
			<variable name="cnation" />
			<variable />
			<variable />
			<variable />
			<variable />
		</atom>
		<atom name="orders">
			<variable />
			<variable name="o_custkey2" />
			<variable />
			<variable />
			<variable />
			<constant value="1-URGENT" />
			<variable />
			<variable />
			<variable />
		</atom>
		<atom name="customer">
			<variable name="o_custkey2" />
			<variable name="cname2" />
			<variable />
			<variable name="cnation" />
			<variable />
			<variable />
			<variable />
			<variable />
		</atom>
	</body>
	<head name="Q">
		<variable name="cname2" />
		<variable name="cname2" />
	</head>
</query>
