<?xml version="1.0" encoding="UTF-8"?>
<query name="Example 1" description="" type="conjunctive">
	<body>
	
		<atom name="Pathway">
			<variable name="pathwayId" />
			<variable name="pathwayName" />
			<variable name="stableIdentifier" />
			<variable name="goBiologicalProcess" />
			<constant value="False" />
			<variable name="isInferred" />
			<variable name="organismId" />
			<variable name="organism" />
			<variable name="pdoi" />
			<variable name="hasDiagram" />
		</atom>
		
		<atom name="Target">
			<variable name="organism" />
			<variable name="pref_name" />
			<variable name="species_group_flag" />
			<variable name="target_chembl_id" />
			<variable name="target_component_accession" />
			<variable name="target_component_id" />
			<variable name="target_component_type" />
			<constant value="SINGLE PROTEIN" />
		</atom>

	</body>
	<head name="Q">
		
		<!-- 
		<variable name="organism" />
		<variable name="pref_name" />
		<variable name="species_group_flag" />
		<variable name="target_chembl_id" />
		<variable name="target_component_accession" />
		<variable name="target_component_id" />
		<variable name="target_component_type" />
		 -->
		 
		<variable name="pathwayId" />
		<variable name="pathwayName" />
		<variable name="stableIdentifier" />
		<variable name="goBiologicalProcess" />
		
		<variable name="isInferred" />
		<variable name="organismId" />
		<variable name="organism" />
		<variable name="pdoi" />
		<variable name="hasDiagram" />
	</head>

</query>
