<?xml version="1.0" encoding="UTF-8"?>
<plan type="dag" cost="275.0" control-flow="TOP_DOWN">
<operator type="DEPENDENT_JOIN" param="0,16">
<outputs>
<attribute name="c4997" type="java.lang.Integer"/>
<attribute name="c4998" type="java.lang.String"/>
<attribute name="c4999" type="java.lang.String"/>
<attribute name="c5000" type="java.lang.String"/>
<attribute name="c5001" type="java.lang.String"/>
<attribute name="c5002" type="java.math.BigDecimal"/>
<attribute name="c5003" type="java.lang.String"/>
<attribute name="c5029" type="java.lang.Integer"/>
<attribute name="k5058" type="java.lang.String"/>
<attribute name="k5059" type="java.lang.String"/>
<attribute name="k5060" type="java.lang.String"/>
<attribute name="k5061" type="java.lang.String"/>
<attribute name="k5062" type="java.lang.Integer"/>
<attribute name="k5063" type="java.lang.String"/>
<attribute name="k5064" type="java.math.BigDecimal"/>
<attribute name="k5065" type="java.lang.String"/>
<attribute name="c5004" type="java.lang.Integer"/>
<attribute name="c5005" type="java.lang.String"/>
<attribute name="c5006" type="java.lang.String"/>
<attribute name="c5007" type="java.lang.Integer"/>
<attribute name="c5008" type="java.lang.String"/>
<attribute name="c5009" type="java.math.BigDecimal"/>
<attribute name="c5010" type="java.lang.String"/>
<attribute name="c5018" type="java.lang.Integer"/>
<attribute name="c5019" type="java.lang.String"/>
<attribute name="c5020" type="java.lang.String"/>
<attribute name="c5021" type="java.lang.Integer"/>
<attribute name="c5022" type="java.lang.String"/>
<attribute name="c5023" type="java.math.BigDecimal"/>
<attribute name="c5024" type="java.lang.String"/>
<attribute name="c5007" type="java.lang.Integer"/>
<attribute name="c5011" type="java.lang.String"/>
<attribute name="c5012" type="java.lang.Integer"/>
<attribute name="c4997" type="java.lang.Integer"/>
<attribute name="c5004" type="java.lang.Integer"/>
<attribute name="c5015" type="java.lang.Integer"/>
<attribute name="c5016" type="java.math.BigDecimal"/>
<attribute name="c5017" type="java.lang.String"/>
</outputs>
<children>
<operator type="DEPENDENT_JOIN" param="19">
<outputs>
<attribute name="c4997" type="java.lang.Integer"/>
<attribute name="c4998" type="java.lang.String"/>
<attribute name="c4999" type="java.lang.String"/>
<attribute name="c5000" type="java.lang.String"/>
<attribute name="c5001" type="java.lang.String"/>
<attribute name="c5002" type="java.math.BigDecimal"/>
<attribute name="c5003" type="java.lang.String"/>
<attribute name="c5029" type="java.lang.Integer"/>
<attribute name="k5058" type="java.lang.String"/>
<attribute name="k5059" type="java.lang.String"/>
<attribute name="k5060" type="java.lang.String"/>
<attribute name="k5061" type="java.lang.String"/>
<attribute name="k5062" type="java.lang.Integer"/>
<attribute name="k5063" type="java.lang.String"/>
<attribute name="k5064" type="java.math.BigDecimal"/>
<attribute name="k5065" type="java.lang.String"/>
<attribute name="c5004" type="java.lang.Integer"/>
<attribute name="c5005" type="java.lang.String"/>
<attribute name="c5006" type="java.lang.String"/>
<attribute name="c5007" type="java.lang.Integer"/>
<attribute name="c5008" type="java.lang.String"/>
<attribute name="c5009" type="java.math.BigDecimal"/>
<attribute name="c5010" type="java.lang.String"/>
<attribute name="c5018" type="java.lang.Integer"/>
<attribute name="c5019" type="java.lang.String"/>
<attribute name="c5020" type="java.lang.String"/>
<attribute name="c5021" type="java.lang.Integer"/>
<attribute name="c5022" type="java.lang.String"/>
<attribute name="c5023" type="java.math.BigDecimal"/>
<attribute name="c5024" type="java.lang.String"/>
<attribute name="c5007" type="java.lang.Integer"/>
<attribute name="c5011" type="java.lang.String"/>
<attribute name="c5012" type="java.lang.Integer"/>
</outputs>
<children>
<operator type="CROSS_PRODUCT">
<outputs>
<attribute name="c4997" type="java.lang.Integer"/>
<attribute name="c4998" type="java.lang.String"/>
<attribute name="c4999" type="java.lang.String"/>
<attribute name="c5000" type="java.lang.String"/>
<attribute name="c5001" type="java.lang.String"/>
<attribute name="c5002" type="java.math.BigDecimal"/>
<attribute name="c5003" type="java.lang.String"/>
<attribute name="c5029" type="java.lang.Integer"/>
<attribute name="k5058" type="java.lang.String"/>
<attribute name="k5059" type="java.lang.String"/>
<attribute name="k5060" type="java.lang.String"/>
<attribute name="k5061" type="java.lang.String"/>
<attribute name="k5062" type="java.lang.Integer"/>
<attribute name="k5063" type="java.lang.String"/>
<attribute name="k5064" type="java.math.BigDecimal"/>
<attribute name="k5065" type="java.lang.String"/>
<attribute name="c5004" type="java.lang.Integer"/>
<attribute name="c5005" type="java.lang.String"/>
<attribute name="c5006" type="java.lang.String"/>
<attribute name="c5007" type="java.lang.Integer"/>
<attribute name="c5008" type="java.lang.String"/>
<attribute name="c5009" type="java.math.BigDecimal"/>
<attribute name="c5010" type="java.lang.String"/>
<attribute name="c5018" type="java.lang.Integer"/>
<attribute name="c5019" type="java.lang.String"/>
<attribute name="c5020" type="java.lang.String"/>
<attribute name="c5021" type="java.lang.Integer"/>
<attribute name="c5022" type="java.lang.String"/>
<attribute name="c5023" type="java.math.BigDecimal"/>
<attribute name="c5024" type="java.lang.String"/>
</outputs>
<children>
<operator type="CROSS_PRODUCT">
<outputs>
<attribute name="c4997" type="java.lang.Integer"/>
<attribute name="c4998" type="java.lang.String"/>
<attribute name="c4999" type="java.lang.String"/>
<attribute name="c5000" type="java.lang.String"/>
<attribute name="c5001" type="java.lang.String"/>
<attribute name="c5002" type="java.math.BigDecimal"/>
<attribute name="c5003" type="java.lang.String"/>
<attribute name="c5029" type="java.lang.Integer"/>
<attribute name="k5058" type="java.lang.String"/>
<attribute name="k5059" type="java.lang.String"/>
<attribute name="k5060" type="java.lang.String"/>
<attribute name="k5061" type="java.lang.String"/>
<attribute name="k5062" type="java.lang.Integer"/>
<attribute name="k5063" type="java.lang.String"/>
<attribute name="k5064" type="java.math.BigDecimal"/>
<attribute name="k5065" type="java.lang.String"/>
</outputs>
<children>
<operator type="PROJECT">
<outputs>
<attribute name="c4997" type="java.lang.Integer"/>
<attribute name="c4998" type="java.lang.String"/>
<attribute name="c4999" type="java.lang.String"/>
<attribute name="c5000" type="java.lang.String"/>
<attribute name="c5001" type="java.lang.String"/>
<attribute name="c5002" type="java.math.BigDecimal"/>
<attribute name="c5003" type="java.lang.String"/>
</outputs>
<project>
<attribute name="p_partkey" type="java.lang.Integer"/>
<attribute name="p_name" type="java.lang.String"/>
<attribute name="p_mfgr" type="java.lang.String"/>
<attribute name="p_brand" type="java.lang.String"/>
<attribute name="p_container" type="java.lang.String"/>
<attribute name="p_retailprice" type="java.math.BigDecimal"/>
<attribute name="p_comment" type="java.lang.String"/>
</project>
<child>
<operator type="SELECT">
<outputs>
<attribute name="p_partkey" type="java.lang.Integer"/>
<attribute name="p_name" type="java.lang.String"/>
<attribute name="p_mfgr" type="java.lang.String"/>
<attribute name="p_brand" type="java.lang.String"/>
<attribute name="p_type" type="java.lang.String"/>
<attribute name="p_size" type="java.lang.Integer"/>
<attribute name="p_container" type="java.lang.String"/>
<attribute name="p_retailprice" type="java.math.BigDecimal"/>
<attribute name="p_comment" type="java.lang.String"/>
</outputs>
<conjunction>
<predicate type="equality" left="4" value="STANDARD POLISHED TIN"/>
<predicate type="equality" left="5" value="15"/>
</conjunction>
<child>
<operator type="ACCESS" relation="part" access-method="m2">
<outputs>
<attribute name="p_partkey" type="java.lang.Integer"/>
<attribute name="p_name" type="java.lang.String"/>
<attribute name="p_mfgr" type="java.lang.String"/>
<attribute name="p_brand" type="java.lang.String"/>
<attribute name="p_type" type="java.lang.String"/>
<attribute name="p_size" type="java.lang.Integer"/>
<attribute name="p_container" type="java.lang.String"/>
<attribute name="p_retailprice" type="java.math.BigDecimal"/>
<attribute name="p_comment" type="java.lang.String"/>
</outputs>
</operator>
</child>
</operator>
</child>
</operator>
<operator type="PROJECT">
<outputs>
<attribute name="c5029" type="java.lang.Integer"/>
<attribute name="k5058" type="java.lang.String"/>
<attribute name="k5059" type="java.lang.String"/>
<attribute name="k5060" type="java.lang.String"/>
<attribute name="k5061" type="java.lang.String"/>
<attribute name="k5062" type="java.lang.Integer"/>
<attribute name="k5063" type="java.lang.String"/>
<attribute name="k5064" type="java.math.BigDecimal"/>
<attribute name="k5065" type="java.lang.String"/>
</outputs>
<project>
<attribute name="p_partkey" type="java.lang.Integer"/>
<attribute name="p_name" type="java.lang.String"/>
<attribute name="p_mfgr" type="java.lang.String"/>
<attribute name="p_brand" type="java.lang.String"/>
<attribute name="p_type" type="java.lang.String"/>
<attribute name="p_size" type="java.lang.Integer"/>
<attribute name="p_container" type="java.lang.String"/>
<attribute name="p_retailprice" type="java.math.BigDecimal"/>
<attribute name="p_comment" type="java.lang.String"/>
</project>
<child>
<operator type="ACCESS" relation="part" access-method="m2">
<outputs>
<attribute name="p_partkey" type="java.lang.Integer"/>
<attribute name="p_name" type="java.lang.String"/>
<attribute name="p_mfgr" type="java.lang.String"/>
<attribute name="p_brand" type="java.lang.String"/>
<attribute name="p_type" type="java.lang.String"/>
<attribute name="p_size" type="java.lang.Integer"/>
<attribute name="p_container" type="java.lang.String"/>
<attribute name="p_retailprice" type="java.math.BigDecimal"/>
<attribute name="p_comment" type="java.lang.String"/>
</outputs>
</operator>
</child>
</operator>
</children>
</operator>
<operator type="CROSS_PRODUCT">
<outputs>
<attribute name="c5004" type="java.lang.Integer"/>
<attribute name="c5005" type="java.lang.String"/>
<attribute name="c5006" type="java.lang.String"/>
<attribute name="c5007" type="java.lang.Integer"/>
<attribute name="c5008" type="java.lang.String"/>
<attribute name="c5009" type="java.math.BigDecimal"/>
<attribute name="c5010" type="java.lang.String"/>
<attribute name="c5018" type="java.lang.Integer"/>
<attribute name="c5019" type="java.lang.String"/>
<attribute name="c5020" type="java.lang.String"/>
<attribute name="c5021" type="java.lang.Integer"/>
<attribute name="c5022" type="java.lang.String"/>
<attribute name="c5023" type="java.math.BigDecimal"/>
<attribute name="c5024" type="java.lang.String"/>
</outputs>
<children>
<operator type="PROJECT">
<outputs>
<attribute name="c5004" type="java.lang.Integer"/>
<attribute name="c5005" type="java.lang.String"/>
<attribute name="c5006" type="java.lang.String"/>
<attribute name="c5007" type="java.lang.Integer"/>
<attribute name="c5008" type="java.lang.String"/>
<attribute name="c5009" type="java.math.BigDecimal"/>
<attribute name="c5010" type="java.lang.String"/>
</outputs>
<project>
<attribute name="s_suppkey" type="java.lang.Integer"/>
<attribute name="s_name" type="java.lang.String"/>
<attribute name="s_address" type="java.lang.String"/>
<attribute name="s_nationkey" type="java.lang.Integer"/>
<attribute name="s_phone" type="java.lang.String"/>
<attribute name="s_acctbal" type="java.math.BigDecimal"/>
<attribute name="s_comment" type="java.lang.String"/>
</project>
<child>
<operator type="ACCESS" relation="supplier" access-method="m20">
<outputs>
<attribute name="s_suppkey" type="java.lang.Integer"/>
<attribute name="s_name" type="java.lang.String"/>
<attribute name="s_address" type="java.lang.String"/>
<attribute name="s_nationkey" type="java.lang.Integer"/>
<attribute name="s_phone" type="java.lang.String"/>
<attribute name="s_acctbal" type="java.math.BigDecimal"/>
<attribute name="s_comment" type="java.lang.String"/>
</outputs>
</operator>
</child>
</operator>
<operator type="PROJECT">
<outputs>
<attribute name="c5018" type="java.lang.Integer"/>
<attribute name="c5019" type="java.lang.String"/>
<attribute name="c5020" type="java.lang.String"/>
<attribute name="c5021" type="java.lang.Integer"/>
<attribute name="c5022" type="java.lang.String"/>
<attribute name="c5023" type="java.math.BigDecimal"/>
<attribute name="c5024" type="java.lang.String"/>
</outputs>
<project>
<attribute name="s_suppkey" type="java.lang.Integer"/>
<attribute name="s_name" type="java.lang.String"/>
<attribute name="s_address" type="java.lang.String"/>
<attribute name="s_nationkey" type="java.lang.Integer"/>
<attribute name="s_phone" type="java.lang.String"/>
<attribute name="s_acctbal" type="java.math.BigDecimal"/>
<attribute name="s_comment" type="java.lang.String"/>
</project>
<child>
<operator type="ACCESS" relation="supplier" access-method="m20">
<outputs>
<attribute name="s_suppkey" type="java.lang.Integer"/>
<attribute name="s_name" type="java.lang.String"/>
<attribute name="s_address" type="java.lang.String"/>
<attribute name="s_nationkey" type="java.lang.Integer"/>
<attribute name="s_phone" type="java.lang.String"/>
<attribute name="s_acctbal" type="java.math.BigDecimal"/>
<attribute name="s_comment" type="java.lang.String"/>
</outputs>
</operator>
</child>
</operator>
</children>
</operator>
</children>
</operator>
<operator type="PROJECT">
<outputs>
<attribute name="c5007" type="java.lang.Integer"/>
<attribute name="c5011" type="java.lang.String"/>
<attribute name="c5012" type="java.lang.Integer"/>
</outputs>
<project>
<attribute name="nation_key" type="java.lang.Integer"/>
<attribute name="nation_name" type="java.lang.String"/>
<attribute name="region_key" type="java.lang.Integer"/>
</project>
<child>
<operator type="SELECT">
<outputs>
<attribute name="nation_key" type="java.lang.Integer"/>
<attribute name="nation_name" type="java.lang.String"/>
<attribute name="region_key" type="java.lang.Integer"/>
<attribute name="region_name" type="java.lang.String"/>
</outputs>
<conjunction>
<predicate type="equality" left="3" value="AMERICA"/>
</conjunction>
<child>
<operator type="ACCESS" relation="region_nation" access-method="m21">
<outputs>
<attribute name="nation_key" type="java.lang.Integer"/>
<attribute name="nation_name" type="java.lang.String"/>
<attribute name="region_key" type="java.lang.Integer"/>
<attribute name="region_name" type="java.lang.String"/>
</outputs>
</operator>
</child>
</operator>
</child>
</operator>
</children>
</operator>
<operator type="PROJECT">
<outputs>
<attribute name="c4997" type="java.lang.Integer"/>
<attribute name="c5004" type="java.lang.Integer"/>
<attribute name="c5015" type="java.lang.Integer"/>
<attribute name="c5016" type="java.math.BigDecimal"/>
<attribute name="c5017" type="java.lang.String"/>
</outputs>
<project>
<attribute name="ps_partkey" type="java.lang.Integer"/>
<attribute name="ps_suppkey" type="java.lang.Integer"/>
<attribute name="ps_availqty" type="java.lang.Integer"/>
<attribute name="ps_supplycost" type="java.math.BigDecimal"/>
<attribute name="ps_comment" type="java.lang.String"/>
</project>
<child>
<operator type="ACCESS" relation="partsupp" access-method="m6">
<outputs>
<attribute name="ps_partkey" type="java.lang.Integer"/>
<attribute name="ps_suppkey" type="java.lang.Integer"/>
<attribute name="ps_availqty" type="java.lang.Integer"/>
<attribute name="ps_supplycost" type="java.math.BigDecimal"/>
<attribute name="ps_comment" type="java.lang.String"/>
</outputs>
</operator>
</child>
</operator>
</children>
</operator>
</plan>
