<?xml version="1.0" encoding="UTF-8"?>
<plan type="linear" cost="45.0" control-flow="TOP_DOWN">
<command name="T1">
<operator type="CROSS_PRODUCT">
<outputs>
<attribute name="c1504" type="java.lang.Integer"/>
<attribute name="k1511" type="java.lang.String"/>
<attribute name="k1512" type="java.lang.Integer"/>
<attribute name="k1513" type="java.lang.String"/>
<attribute name="c1493" type="java.lang.Integer"/>
<attribute name="c1497" type="java.lang.String"/>
<attribute name="c1498" type="java.lang.Integer"/>
<attribute name="c1499" type="java.lang.String"/>
</outputs>
<children>
<operator type="PROJECT">
<outputs>
<attribute name="c1504" type="java.lang.Integer"/>
<attribute name="k1511" type="java.lang.String"/>
<attribute name="k1512" type="java.lang.Integer"/>
<attribute name="k1513" type="java.lang.String"/>
</outputs>
<project>
<attribute name="n_nationkey" type="java.lang.Integer"/>
<attribute name="n_name" type="java.lang.String"/>
<attribute name="n_regionkey" type="java.lang.Integer"/>
<attribute name="n_comment" type="java.lang.String"/>
</project>
<child>
<operator type="ACCESS" relation="nation" access-method="m10">
<outputs>
<attribute name="n_nationkey" type="java.lang.Integer"/>
<attribute name="n_name" type="java.lang.String"/>
<attribute name="n_regionkey" type="java.lang.Integer"/>
<attribute name="n_comment" type="java.lang.String"/>
</outputs>
</operator>
</child>
</operator>
<operator type="PROJECT">
<outputs>
<attribute name="c1493" type="java.lang.Integer"/>
<attribute name="c1497" type="java.lang.String"/>
<attribute name="c1498" type="java.lang.Integer"/>
<attribute name="c1499" type="java.lang.String"/>
</outputs>
<project>
<attribute name="n_nationkey" type="java.lang.Integer"/>
<attribute name="n_name" type="java.lang.String"/>
<attribute name="n_regionkey" type="java.lang.Integer"/>
<attribute name="n_comment" type="java.lang.String"/>
</project>
<child>
<operator type="ACCESS" relation="nation" access-method="m10">
<outputs>
<attribute name="n_nationkey" type="java.lang.Integer"/>
<attribute name="n_name" type="java.lang.String"/>
<attribute name="n_regionkey" type="java.lang.Integer"/>
<attribute name="n_comment" type="java.lang.String"/>
</outputs>
</operator>
</child>
</operator>
</children>
</operator>
</command>
<command name="T2">
<operator type="JOIN" variant="SYMMETRIC_HASH">
<outputs>
<attribute name="c1504" type="java.lang.Integer"/>
<attribute name="k1511" type="java.lang.String"/>
<attribute name="k1512" type="java.lang.Integer"/>
<attribute name="k1513" type="java.lang.String"/>
<attribute name="c1493" type="java.lang.Integer"/>
<attribute name="c1497" type="java.lang.String"/>
<attribute name="c1498" type="java.lang.Integer"/>
<attribute name="c1499" type="java.lang.String"/>
<attribute name="c1498" type="java.lang.Integer"/>
<attribute name="c1500" type="java.lang.String"/>
<attribute name="c1501" type="java.lang.String"/>
<attribute name="k1512" type="java.lang.Integer"/>
<attribute name="k1530" type="java.lang.String"/>
<attribute name="k1531" type="java.lang.String"/>
</outputs>
<conjunction>
<predicate type="equality" left="2" right="11"/>
<predicate type="equality" left="6" right="8"/>
</conjunction>
<children>
<operator type="ALIAS" name="T1"/>
<operator type="CROSS_PRODUCT">
<outputs>
<attribute name="c1498" type="java.lang.Integer"/>
<attribute name="c1500" type="java.lang.String"/>
<attribute name="c1501" type="java.lang.String"/>
<attribute name="k1512" type="java.lang.Integer"/>
<attribute name="k1530" type="java.lang.String"/>
<attribute name="k1531" type="java.lang.String"/>
</outputs>
<children>
<operator type="PROJECT">
<outputs>
<attribute name="c1498" type="java.lang.Integer"/>
<attribute name="c1500" type="java.lang.String"/>
<attribute name="c1501" type="java.lang.String"/>
</outputs>
<project>
<attribute name="r_regionkey" type="java.lang.Integer"/>
<attribute name="r_name" type="java.lang.String"/>
<attribute name="r_comment" type="java.lang.String"/>
</project>
<child>
<operator type="ACCESS" relation="region" access-method="m12">
<outputs>
<attribute name="r_regionkey" type="java.lang.Integer"/>
<attribute name="r_name" type="java.lang.String"/>
<attribute name="r_comment" type="java.lang.String"/>
</outputs>
</operator>
</child>
</operator>
<operator type="PROJECT">
<outputs>
<attribute name="k1512" type="java.lang.Integer"/>
<attribute name="k1530" type="java.lang.String"/>
<attribute name="k1531" type="java.lang.String"/>
</outputs>
<project>
<attribute name="r_regionkey" type="java.lang.Integer"/>
<attribute name="r_name" type="java.lang.String"/>
<attribute name="r_comment" type="java.lang.String"/>
</project>
<child>
<operator type="ACCESS" relation="region" access-method="m12">
<outputs>
<attribute name="r_regionkey" type="java.lang.Integer"/>
<attribute name="r_name" type="java.lang.String"/>
<attribute name="r_comment" type="java.lang.String"/>
</outputs>
</operator>
</child>
</operator>
</children>
</operator>
</children>
</operator>
</command>
<command name="T3">
<operator type="JOIN" variant="SYMMETRIC_HASH">
<outputs>
<attribute name="c1504" type="java.lang.Integer"/>
<attribute name="k1511" type="java.lang.String"/>
<attribute name="k1512" type="java.lang.Integer"/>
<attribute name="k1513" type="java.lang.String"/>
<attribute name="c1493" type="java.lang.Integer"/>
<attribute name="c1497" type="java.lang.String"/>
<attribute name="c1498" type="java.lang.Integer"/>
<attribute name="c1499" type="java.lang.String"/>
<attribute name="c1498" type="java.lang.Integer"/>
<attribute name="c1500" type="java.lang.String"/>
<attribute name="c1501" type="java.lang.String"/>
<attribute name="k1512" type="java.lang.Integer"/>
<attribute name="k1530" type="java.lang.String"/>
<attribute name="k1531" type="java.lang.String"/>
<attribute name="c1502" type="java.lang.Integer"/>
<attribute name="c1491" type="java.lang.String"/>
<attribute name="c1503" type="java.lang.String"/>
<attribute name="c1504" type="java.lang.Integer"/>
<attribute name="c1505" type="java.lang.String"/>
<attribute name="c1506" type="java.math.BigDecimal"/>
<attribute name="c1507" type="java.lang.String"/>
<attribute name="c1487" type="java.lang.Integer"/>
<attribute name="c1491" type="java.lang.String"/>
<attribute name="c1492" type="java.lang.String"/>
<attribute name="c1493" type="java.lang.Integer"/>
<attribute name="c1494" type="java.lang.String"/>
<attribute name="c1495" type="java.math.BigDecimal"/>
<attribute name="c1496" type="java.lang.String"/>
</outputs>
<conjunction>
<predicate type="equality" left="0" right="17"/>
<predicate type="equality" left="4" right="24"/>
</conjunction>
<children>
<operator type="ALIAS" name="T2"/>
<operator type="JOIN" variant="SYMMETRIC_HASH">
<outputs>
<attribute name="c1502" type="java.lang.Integer"/>
<attribute name="c1491" type="java.lang.String"/>
<attribute name="c1503" type="java.lang.String"/>
<attribute name="c1504" type="java.lang.Integer"/>
<attribute name="c1505" type="java.lang.String"/>
<attribute name="c1506" type="java.math.BigDecimal"/>
<attribute name="c1507" type="java.lang.String"/>
<attribute name="c1487" type="java.lang.Integer"/>
<attribute name="c1491" type="java.lang.String"/>
<attribute name="c1492" type="java.lang.String"/>
<attribute name="c1493" type="java.lang.Integer"/>
<attribute name="c1494" type="java.lang.String"/>
<attribute name="c1495" type="java.math.BigDecimal"/>
<attribute name="c1496" type="java.lang.String"/>
</outputs>
<conjunction>
<predicate type="equality" left="1" right="8"/>
</conjunction>
<children>
<operator type="PROJECT">
<outputs>
<attribute name="c1502" type="java.lang.Integer"/>
<attribute name="c1491" type="java.lang.String"/>
<attribute name="c1503" type="java.lang.String"/>
<attribute name="c1504" type="java.lang.Integer"/>
<attribute name="c1505" type="java.lang.String"/>
<attribute name="c1506" type="java.math.BigDecimal"/>
<attribute name="c1507" type="java.lang.String"/>
</outputs>
<project>
<attribute name="s_suppkey" type="java.lang.Integer"/>
<attribute name="s_name" type="java.lang.String"/>
<attribute name="s_address" type="java.lang.String"/>
<attribute name="s_nationkey" type="java.lang.Integer"/>
<attribute name="s_phone" type="java.lang.String"/>
<attribute name="s_acctbal" type="java.math.BigDecimal"/>
<attribute name="s_comment" type="java.lang.String"/>
</project>
<child>
<operator type="ACCESS" relation="supplier" access-method="m6">
<outputs>
<attribute name="s_suppkey" type="java.lang.Integer"/>
<attribute name="s_name" type="java.lang.String"/>
<attribute name="s_address" type="java.lang.String"/>
<attribute name="s_nationkey" type="java.lang.Integer"/>
<attribute name="s_phone" type="java.lang.String"/>
<attribute name="s_acctbal" type="java.math.BigDecimal"/>
<attribute name="s_comment" type="java.lang.String"/>
</outputs>
</operator>
</child>
</operator>
<operator type="PROJECT">
<outputs>
<attribute name="c1487" type="java.lang.Integer"/>
<attribute name="c1491" type="java.lang.String"/>
<attribute name="c1492" type="java.lang.String"/>
<attribute name="c1493" type="java.lang.Integer"/>
<attribute name="c1494" type="java.lang.String"/>
<attribute name="c1495" type="java.math.BigDecimal"/>
<attribute name="c1496" type="java.lang.String"/>
</outputs>
<project>
<attribute name="s_suppkey" type="java.lang.Integer"/>
<attribute name="s_name" type="java.lang.String"/>
<attribute name="s_address" type="java.lang.String"/>
<attribute name="s_nationkey" type="java.lang.Integer"/>
<attribute name="s_phone" type="java.lang.String"/>
<attribute name="s_acctbal" type="java.math.BigDecimal"/>
<attribute name="s_comment" type="java.lang.String"/>
</project>
<child>
<operator type="ACCESS" relation="supplier" access-method="m6">
<outputs>
<attribute name="s_suppkey" type="java.lang.Integer"/>
<attribute name="s_name" type="java.lang.String"/>
<attribute name="s_address" type="java.lang.String"/>
<attribute name="s_nationkey" type="java.lang.Integer"/>
<attribute name="s_phone" type="java.lang.String"/>
<attribute name="s_acctbal" type="java.math.BigDecimal"/>
<attribute name="s_comment" type="java.lang.String"/>
</outputs>
</operator>
</child>
</operator>
</children>
</operator>
</children>
</operator>
</command>
<command name="T4">
<operator type="PROJECT">
<outputs>
<attribute name="c1495" type="java.math.BigDecimal"/>
<attribute name="c1488" type="java.lang.Integer"/>
<attribute name="c1494" type="java.lang.String"/>
<attribute name="c1499" type="java.lang.String"/>
<attribute name="c1492" type="java.lang.String"/>
<attribute name="c1500" type="java.lang.String"/>
</outputs>
<project>
<attribute name="c1495" type="java.math.BigDecimal"/>
<attribute name="c1488" type="java.lang.Integer"/>
<attribute name="c1494" type="java.lang.String"/>
<attribute name="c1499" type="java.lang.String"/>
<attribute name="c1492" type="java.lang.String"/>
<attribute name="c1500" type="java.lang.String"/>
</project>
<child>
<operator type="JOIN" variant="SYMMETRIC_HASH">
<outputs>
<attribute name="c1504" type="java.lang.Integer"/>
<attribute name="k1511" type="java.lang.String"/>
<attribute name="k1512" type="java.lang.Integer"/>
<attribute name="k1513" type="java.lang.String"/>
<attribute name="c1493" type="java.lang.Integer"/>
<attribute name="c1497" type="java.lang.String"/>
<attribute name="c1498" type="java.lang.Integer"/>
<attribute name="c1499" type="java.lang.String"/>
<attribute name="c1498" type="java.lang.Integer"/>
<attribute name="c1500" type="java.lang.String"/>
<attribute name="c1501" type="java.lang.String"/>
<attribute name="k1512" type="java.lang.Integer"/>
<attribute name="k1530" type="java.lang.String"/>
<attribute name="k1531" type="java.lang.String"/>
<attribute name="c1502" type="java.lang.Integer"/>
<attribute name="c1491" type="java.lang.String"/>
<attribute name="c1503" type="java.lang.String"/>
<attribute name="c1504" type="java.lang.Integer"/>
<attribute name="c1505" type="java.lang.String"/>
<attribute name="c1506" type="java.math.BigDecimal"/>
<attribute name="c1507" type="java.lang.String"/>
<attribute name="c1487" type="java.lang.Integer"/>
<attribute name="c1491" type="java.lang.String"/>
<attribute name="c1492" type="java.lang.String"/>
<attribute name="c1493" type="java.lang.Integer"/>
<attribute name="c1494" type="java.lang.String"/>
<attribute name="c1495" type="java.math.BigDecimal"/>
<attribute name="c1496" type="java.lang.String"/>
<attribute name="c1486" type="java.lang.Integer"/>
<attribute name="c1487" type="java.lang.Integer"/>
<attribute name="c1488" type="java.lang.Integer"/>
<attribute name="c1489" type="java.math.BigDecimal"/>
<attribute name="c1490" type="java.lang.String"/>
</outputs>
<conjunction>
<predicate type="equality" left="21" right="29"/>
</conjunction>
<children>
<operator type="ALIAS" name="T3"/>
<operator type="PROJECT">
<outputs>
<attribute name="c1486" type="java.lang.Integer"/>
<attribute name="c1487" type="java.lang.Integer"/>
<attribute name="c1488" type="java.lang.Integer"/>
<attribute name="c1489" type="java.math.BigDecimal"/>
<attribute name="c1490" type="java.lang.String"/>
</outputs>
<project>
<attribute name="ps_partkey" type="java.lang.Integer"/>
<attribute name="ps_suppkey" type="java.lang.Integer"/>
<attribute name="ps_availqty" type="java.lang.Integer"/>
<attribute name="ps_supplycost" type="java.math.BigDecimal"/>
<attribute name="ps_comment" type="java.lang.String"/>
</project>
<child>
<operator type="ACCESS" relation="partsupp" access-method="m8">
<outputs>
<attribute name="ps_partkey" type="java.lang.Integer"/>
<attribute name="ps_suppkey" type="java.lang.Integer"/>
<attribute name="ps_availqty" type="java.lang.Integer"/>
<attribute name="ps_supplycost" type="java.math.BigDecimal"/>
<attribute name="ps_comment" type="java.lang.String"/>
</outputs>
</operator>
</child>
</operator>
</children>
</operator>
</child>
</operator>
</command>
</plan>
