<?xml version="1.0" encoding="UTF-8"?>
<plan type="dag" cost="11889.8942" control-flow="TOP_DOWN">
<operator type="DEPENDENT_JOIN" param="35">
<outputs>
<attribute name="c2054" type="java.lang.String"/>
<attribute name="c2092" type="java.lang.String"/>
<attribute name="c2093" type="java.lang.String"/>
<attribute name="c2071" type="java.lang.String"/>
<attribute name="c2094" type="java.lang.String"/>
<attribute name="c2095" type="java.lang.String"/>
<attribute name="c2096" type="java.lang.String"/>
<attribute name="c2051" type="java.lang.String"/>
<attribute name="c2052" type="java.lang.String"/>
<attribute name="c2053" type="java.lang.String"/>
<attribute name="c2054" type="java.lang.String"/>
<attribute name="c2055" type="java.lang.String"/>
<attribute name="c2056" type="java.lang.String"/>
<attribute name="c2057" type="java.lang.String"/>
<attribute name="c2058" type="java.lang.String"/>
<attribute name="c2059" type="java.lang.String"/>
<attribute name="c2060" type="java.lang.String"/>
<attribute name="c2061" type="java.lang.String"/>
<attribute name="c2062" type="java.lang.String"/>
<attribute name="c2063" type="java.lang.String"/>
<attribute name="c2064" type="java.lang.String"/>
<attribute name="c2065" type="java.lang.String"/>
<attribute name="c2066" type="java.lang.String"/>
<attribute name="c2067" type="java.lang.String"/>
<attribute name="c2068" type="java.lang.String"/>
<attribute name="c2069" type="java.lang.String"/>
<attribute name="c2070" type="java.lang.String"/>
<attribute name="c2071" type="java.lang.String"/>
<attribute name="c2084" type="java.lang.String"/>
<attribute name="c2066" type="java.lang.String"/>
<attribute name="c2085" type="java.lang.String"/>
<attribute name="c2086" type="java.lang.String"/>
<attribute name="c2087" type="java.lang.String"/>
<attribute name="c2088" type="java.lang.String"/>
<attribute name="c2089" type="java.lang.String"/>
<attribute name="c2083" type="java.lang.String"/>
<attribute name="c2090" type="java.lang.String"/>
<attribute name="c2091" type="java.lang.String"/>
<attribute name="c2072" type="java.lang.String"/>
<attribute name="c2073" type="java.lang.String"/>
<attribute name="c2074" type="java.lang.String"/>
<attribute name="c2075" type="java.lang.String"/>
<attribute name="c2076" type="java.lang.String"/>
<attribute name="c2077" type="java.lang.String"/>
<attribute name="c2078" type="java.lang.String"/>
<attribute name="c2079" type="java.lang.String"/>
<attribute name="c2080" type="java.lang.String"/>
<attribute name="c2081" type="java.lang.String"/>
<attribute name="c2082" type="java.lang.String"/>
<attribute name="c2083" type="java.lang.String"/>
</outputs>
<children>
<operator type="DEPENDENT_JOIN" param="22">
<outputs>
<attribute name="c2054" type="java.lang.String"/>
<attribute name="c2092" type="java.lang.String"/>
<attribute name="c2093" type="java.lang.String"/>
<attribute name="c2071" type="java.lang.String"/>
<attribute name="c2094" type="java.lang.String"/>
<attribute name="c2095" type="java.lang.String"/>
<attribute name="c2096" type="java.lang.String"/>
<attribute name="c2051" type="java.lang.String"/>
<attribute name="c2052" type="java.lang.String"/>
<attribute name="c2053" type="java.lang.String"/>
<attribute name="c2054" type="java.lang.String"/>
<attribute name="c2055" type="java.lang.String"/>
<attribute name="c2056" type="java.lang.String"/>
<attribute name="c2057" type="java.lang.String"/>
<attribute name="c2058" type="java.lang.String"/>
<attribute name="c2059" type="java.lang.String"/>
<attribute name="c2060" type="java.lang.String"/>
<attribute name="c2061" type="java.lang.String"/>
<attribute name="c2062" type="java.lang.String"/>
<attribute name="c2063" type="java.lang.String"/>
<attribute name="c2064" type="java.lang.String"/>
<attribute name="c2065" type="java.lang.String"/>
<attribute name="c2066" type="java.lang.String"/>
<attribute name="c2067" type="java.lang.String"/>
<attribute name="c2068" type="java.lang.String"/>
<attribute name="c2069" type="java.lang.String"/>
<attribute name="c2070" type="java.lang.String"/>
<attribute name="c2071" type="java.lang.String"/>
<attribute name="c2084" type="java.lang.String"/>
<attribute name="c2066" type="java.lang.String"/>
<attribute name="c2085" type="java.lang.String"/>
<attribute name="c2086" type="java.lang.String"/>
<attribute name="c2087" type="java.lang.String"/>
<attribute name="c2088" type="java.lang.String"/>
<attribute name="c2089" type="java.lang.String"/>
<attribute name="c2083" type="java.lang.String"/>
<attribute name="c2090" type="java.lang.String"/>
<attribute name="c2091" type="java.lang.String"/>
</outputs>
<children>
<operator type="DEPENDENT_JOIN" param="3">
<outputs>
<attribute name="c2054" type="java.lang.String"/>
<attribute name="c2092" type="java.lang.String"/>
<attribute name="c2093" type="java.lang.String"/>
<attribute name="c2071" type="java.lang.String"/>
<attribute name="c2094" type="java.lang.String"/>
<attribute name="c2095" type="java.lang.String"/>
<attribute name="c2096" type="java.lang.String"/>
<attribute name="c2051" type="java.lang.String"/>
<attribute name="c2052" type="java.lang.String"/>
<attribute name="c2053" type="java.lang.String"/>
<attribute name="c2054" type="java.lang.String"/>
<attribute name="c2055" type="java.lang.String"/>
<attribute name="c2056" type="java.lang.String"/>
<attribute name="c2057" type="java.lang.String"/>
<attribute name="c2058" type="java.lang.String"/>
<attribute name="c2059" type="java.lang.String"/>
<attribute name="c2060" type="java.lang.String"/>
<attribute name="c2061" type="java.lang.String"/>
<attribute name="c2062" type="java.lang.String"/>
<attribute name="c2063" type="java.lang.String"/>
<attribute name="c2064" type="java.lang.String"/>
<attribute name="c2065" type="java.lang.String"/>
<attribute name="c2066" type="java.lang.String"/>
<attribute name="c2067" type="java.lang.String"/>
<attribute name="c2068" type="java.lang.String"/>
<attribute name="c2069" type="java.lang.String"/>
<attribute name="c2070" type="java.lang.String"/>
<attribute name="c2071" type="java.lang.String"/>
</outputs>
<children>
<operator type="PROJECT">
<outputs>
<attribute name="c2054" type="java.lang.String"/>
<attribute name="c2092" type="java.lang.String"/>
<attribute name="c2093" type="java.lang.String"/>
<attribute name="c2071" type="java.lang.String"/>
<attribute name="c2094" type="java.lang.String"/>
<attribute name="c2095" type="java.lang.String"/>
<attribute name="c2096" type="java.lang.String"/>
</outputs>
<project>
<attribute name="organism" type="java.lang.String"/>
<attribute name="pref_name" type="java.lang.String"/>
<attribute name="species_group_flag" type="java.lang.String"/>
<attribute name="target_chembl_id" type="java.lang.String"/>
<attribute name="target_component_accession" type="java.lang.String"/>
<attribute name="target_component_id" type="java.lang.String"/>
<attribute name="target_component_type" type="java.lang.String"/>
</project>
<child>
<operator type="SELECT">
<outputs>
<attribute name="organism" type="java.lang.String"/>
<attribute name="pref_name" type="java.lang.String"/>
<attribute name="species_group_flag" type="java.lang.String"/>
<attribute name="target_chembl_id" type="java.lang.String"/>
<attribute name="target_component_accession" type="java.lang.String"/>
<attribute name="target_component_id" type="java.lang.String"/>
<attribute name="target_component_type" type="java.lang.String"/>
<attribute name="target_type" type="java.lang.String"/>
</outputs>
<conjunction>
<predicate type="equality" left="7" value="SINGLE PROTEIN"/>
</conjunction>
<child>
<operator type="ACCESS" relation="TargetFree" access-method="chembl_target_free">
<outputs>
<attribute name="organism" type="java.lang.String"/>
<attribute name="pref_name" type="java.lang.String"/>
<attribute name="species_group_flag" type="java.lang.String"/>
<attribute name="target_chembl_id" type="java.lang.String"/>
<attribute name="target_component_accession" type="java.lang.String"/>
<attribute name="target_component_id" type="java.lang.String"/>
<attribute name="target_component_type" type="java.lang.String"/>
<attribute name="target_type" type="java.lang.String"/>
</outputs>
</operator>
</child>
</operator>
</child>
</operator>
<operator type="PROJECT">
<outputs>
<attribute name="c2051" type="java.lang.String"/>
<attribute name="c2052" type="java.lang.String"/>
<attribute name="c2053" type="java.lang.String"/>
<attribute name="c2054" type="java.lang.String"/>
<attribute name="c2055" type="java.lang.String"/>
<attribute name="c2056" type="java.lang.String"/>
<attribute name="c2057" type="java.lang.String"/>
<attribute name="c2058" type="java.lang.String"/>
<attribute name="c2059" type="java.lang.String"/>
<attribute name="c2060" type="java.lang.String"/>
<attribute name="c2061" type="java.lang.String"/>
<attribute name="c2062" type="java.lang.String"/>
<attribute name="c2063" type="java.lang.String"/>
<attribute name="c2064" type="java.lang.String"/>
<attribute name="c2065" type="java.lang.String"/>
<attribute name="c2066" type="java.lang.String"/>
<attribute name="c2067" type="java.lang.String"/>
<attribute name="c2068" type="java.lang.String"/>
<attribute name="c2069" type="java.lang.String"/>
<attribute name="c2070" type="java.lang.String"/>
<attribute name="c2071" type="java.lang.String"/>
</outputs>
<project>
<attribute name="assay_category" type="java.lang.String"/>
<attribute name="assay_cell_type" type="java.lang.String"/>
<attribute name="assay_chembl_id" type="java.lang.String"/>
<attribute name="assay_organism" type="java.lang.String"/>
<attribute name="assay_strain" type="java.lang.String"/>
<attribute name="assay_subcellular_fraction" type="java.lang.String"/>
<attribute name="assay_tax_id" type="java.lang.String"/>
<attribute name="assay_test_type" type="java.lang.String"/>
<attribute name="assay_type" type="java.lang.String"/>
<attribute name="assay_type_description" type="java.lang.String"/>
<attribute name="bao_format" type="java.lang.String"/>
<attribute name="cell_chembl_id" type="java.lang.String"/>
<attribute name="confidence_description" type="java.lang.String"/>
<attribute name="confidence_score" type="java.lang.String"/>
<attribute name="description" type="java.lang.String"/>
<attribute name="document_chembl_id" type="java.lang.String"/>
<attribute name="relationship_description" type="java.lang.String"/>
<attribute name="relationship_type" type="java.lang.String"/>
<attribute name="src_assay_id" type="java.lang.String"/>
<attribute name="src_id" type="java.lang.String"/>
<attribute name="target_chembl_id" type="java.lang.String"/>
</project>
<child>
<operator type="SELECT">
<outputs>
<attribute name="assay_category" type="java.lang.String"/>
<attribute name="assay_cell_type" type="java.lang.String"/>
<attribute name="assay_chembl_id" type="java.lang.String"/>
<attribute name="assay_organism" type="java.lang.String"/>
<attribute name="assay_strain" type="java.lang.String"/>
<attribute name="assay_subcellular_fraction" type="java.lang.String"/>
<attribute name="assay_tax_id" type="java.lang.String"/>
<attribute name="assay_test_type" type="java.lang.String"/>
<attribute name="assay_tissue" type="java.lang.String"/>
<attribute name="assay_type" type="java.lang.String"/>
<attribute name="assay_type_description" type="java.lang.String"/>
<attribute name="bao_format" type="java.lang.String"/>
<attribute name="cell_chembl_id" type="java.lang.String"/>
<attribute name="confidence_description" type="java.lang.String"/>
<attribute name="confidence_score" type="java.lang.String"/>
<attribute name="description" type="java.lang.String"/>
<attribute name="document_chembl_id" type="java.lang.String"/>
<attribute name="relationship_description" type="java.lang.String"/>
<attribute name="relationship_type" type="java.lang.String"/>
<attribute name="src_assay_id" type="java.lang.String"/>
<attribute name="src_id" type="java.lang.String"/>
<attribute name="target_chembl_id" type="java.lang.String"/>
</outputs>
<conjunction>
<predicate type="equality" left="8" value="Liver"/>
</conjunction>
<child>
<operator type="ACCESS" relation="AssayLimited" access-method="chembl_assay_limited_3">
<outputs>
<attribute name="assay_category" type="java.lang.String"/>
<attribute name="assay_cell_type" type="java.lang.String"/>
<attribute name="assay_chembl_id" type="java.lang.String"/>
<attribute name="assay_organism" type="java.lang.String"/>
<attribute name="assay_strain" type="java.lang.String"/>
<attribute name="assay_subcellular_fraction" type="java.lang.String"/>
<attribute name="assay_tax_id" type="java.lang.String"/>
<attribute name="assay_test_type" type="java.lang.String"/>
<attribute name="assay_tissue" type="java.lang.String"/>
<attribute name="assay_type" type="java.lang.String"/>
<attribute name="assay_type_description" type="java.lang.String"/>
<attribute name="bao_format" type="java.lang.String"/>
<attribute name="cell_chembl_id" type="java.lang.String"/>
<attribute name="confidence_description" type="java.lang.String"/>
<attribute name="confidence_score" type="java.lang.String"/>
<attribute name="description" type="java.lang.String"/>
<attribute name="document_chembl_id" type="java.lang.String"/>
<attribute name="relationship_description" type="java.lang.String"/>
<attribute name="relationship_type" type="java.lang.String"/>
<attribute name="src_assay_id" type="java.lang.String"/>
<attribute name="src_id" type="java.lang.String"/>
<attribute name="target_chembl_id" type="java.lang.String"/>
</outputs>
</operator>
</child>
</operator>
</child>
</operator>
</children>
</operator>
<operator type="PROJECT">
<outputs>
<attribute name="c2084" type="java.lang.String"/>
<attribute name="c2066" type="java.lang.String"/>
<attribute name="c2085" type="java.lang.String"/>
<attribute name="c2086" type="java.lang.String"/>
<attribute name="c2087" type="java.lang.String"/>
<attribute name="c2088" type="java.lang.String"/>
<attribute name="c2089" type="java.lang.String"/>
<attribute name="c2083" type="java.lang.String"/>
<attribute name="c2090" type="java.lang.String"/>
<attribute name="c2091" type="java.lang.String"/>
</outputs>
<project>
<attribute name="authors" type="java.lang.String"/>
<attribute name="document_chembl_id" type="java.lang.String"/>
<attribute name="doi" type="java.lang.String"/>
<attribute name="first_page" type="java.lang.String"/>
<attribute name="issue" type="java.lang.String"/>
<attribute name="journal" type="java.lang.String"/>
<attribute name="last_page" type="java.lang.String"/>
<attribute name="pubmed_id" type="java.lang.String"/>
<attribute name="title" type="java.lang.String"/>
<attribute name="volume" type="java.lang.String"/>
</project>
<child>
<operator type="SELECT">
<outputs>
<attribute name="authors" type="java.lang.String"/>
<attribute name="doc_type" type="java.lang.String"/>
<attribute name="document_chembl_id" type="java.lang.String"/>
<attribute name="doi" type="java.lang.String"/>
<attribute name="first_page" type="java.lang.String"/>
<attribute name="issue" type="java.lang.String"/>
<attribute name="journal" type="java.lang.String"/>
<attribute name="last_page" type="java.lang.String"/>
<attribute name="pubmed_id" type="java.lang.String"/>
<attribute name="title" type="java.lang.String"/>
<attribute name="volume" type="java.lang.String"/>
<attribute name="year" type="java.lang.String"/>
</outputs>
<conjunction>
<predicate type="equality" left="1" value="PUBLICATION"/>
<predicate type="equality" left="11" value="2013"/>
</conjunction>
<child>
<operator type="ACCESS" relation="DocumentLimited" access-method="chembl_document_limited">
<outputs>
<attribute name="authors" type="java.lang.String"/>
<attribute name="doc_type" type="java.lang.String"/>
<attribute name="document_chembl_id" type="java.lang.String"/>
<attribute name="doi" type="java.lang.String"/>
<attribute name="first_page" type="java.lang.String"/>
<attribute name="issue" type="java.lang.String"/>
<attribute name="journal" type="java.lang.String"/>
<attribute name="last_page" type="java.lang.String"/>
<attribute name="pubmed_id" type="java.lang.String"/>
<attribute name="title" type="java.lang.String"/>
<attribute name="volume" type="java.lang.String"/>
<attribute name="year" type="java.lang.String"/>
</outputs>
</operator>
</child>
</operator>
</child>
</operator>
</children>
</operator>
<operator type="PROJECT">
<outputs>
<attribute name="c2072" type="java.lang.String"/>
<attribute name="c2073" type="java.lang.String"/>
<attribute name="c2074" type="java.lang.String"/>
<attribute name="c2075" type="java.lang.String"/>
<attribute name="c2076" type="java.lang.String"/>
<attribute name="c2077" type="java.lang.String"/>
<attribute name="c2078" type="java.lang.String"/>
<attribute name="c2079" type="java.lang.String"/>
<attribute name="c2080" type="java.lang.String"/>
<attribute name="c2081" type="java.lang.String"/>
<attribute name="c2082" type="java.lang.String"/>
<attribute name="c2083" type="java.lang.String"/>
</outputs>
<project>
<attribute name="id" type="java.lang.String"/>
<attribute name="source" type="java.lang.String"/>
<attribute name="citationType" type="java.lang.String"/>
<attribute name="title" type="java.lang.String"/>
<attribute name="authorString" type="java.lang.String"/>
<attribute name="journalAbbreviation" type="java.lang.String"/>
<attribute name="pubYear" type="java.lang.String"/>
<attribute name="volume" type="java.lang.String"/>
<attribute name="issue" type="java.lang.String"/>
<attribute name="pageInfo" type="java.lang.String"/>
<attribute name="citedByCount" type="java.lang.String"/>
<attribute name="ext_id" type="java.lang.String"/>
</project>
<child>
<operator type="SELECT">
<outputs>
<attribute name="id" type="java.lang.String"/>
<attribute name="source" type="java.lang.String"/>
<attribute name="citationType" type="java.lang.String"/>
<attribute name="title" type="java.lang.String"/>
<attribute name="authorString" type="java.lang.String"/>
<attribute name="journalAbbreviation" type="java.lang.String"/>
<attribute name="pubYear" type="java.lang.String"/>
<attribute name="volume" type="java.lang.String"/>
<attribute name="issue" type="java.lang.String"/>
<attribute name="pageInfo" type="java.lang.String"/>
<attribute name="citedByCount" type="java.lang.String"/>
<attribute name="src" type="java.lang.String"/>
<attribute name="ext_id" type="java.lang.String"/>
</outputs>
<conjunction>
<predicate type="equality" left="11" value="MED"/>
</conjunction>
<child>
<operator type="ACCESS" relation="Citation" access-method="pubmed_citation_1">
<outputs>
<attribute name="id" type="java.lang.String"/>
<attribute name="source" type="java.lang.String"/>
<attribute name="citationType" type="java.lang.String"/>
<attribute name="title" type="java.lang.String"/>
<attribute name="authorString" type="java.lang.String"/>
<attribute name="journalAbbreviation" type="java.lang.String"/>
<attribute name="pubYear" type="java.lang.String"/>
<attribute name="volume" type="java.lang.String"/>
<attribute name="issue" type="java.lang.String"/>
<attribute name="pageInfo" type="java.lang.String"/>
<attribute name="citedByCount" type="java.lang.String"/>
<attribute name="src" type="java.lang.String"/>
<attribute name="ext_id" type="java.lang.String"/>
</outputs>
<static-input>
<input attribute="11" value="MED" type="java.lang.String"/>
</static-input>
</operator>
</child>
</operator>
</child>
</operator>
</children>
</operator>
</plan>
