<?xml version="1.0" encoding="UTF-8"?>
<plan type="dag" cost="2000.0" control-flow="TOP_DOWN">
<operator type="DEPENDENT_JOIN" param="0">
<outputs>
<attribute name="k20" type="java.lang.Integer"/>
<attribute name="k22" type="java.lang.String"/>
<attribute name="k23" type="java.lang.String"/>
<attribute name="k7" type="java.lang.Integer"/>
<attribute name="k19" type="java.lang.String"/>
<attribute name="k20" type="java.lang.Integer"/>
<attribute name="k21" type="java.lang.String"/>
<attribute name="c2" type="java.lang.Integer"/>
<attribute name="k5" type="java.lang.String"/>
<attribute name="k6" type="java.lang.String"/>
<attribute name="k7" type="java.lang.Integer"/>
<attribute name="k8" type="java.lang.String"/>
<attribute name="k9" type="java.math.BigDecimal"/>
<attribute name="k10" type="java.lang.String"/>
<attribute name="c1" type="java.lang.Integer"/>
<attribute name="c2" type="java.lang.Integer"/>
<attribute name="c3" type="java.math.BigDecimal"/>
<attribute name="c4" type="java.lang.String"/>
</outputs>
<children>
<operator type="PROJECT">
<outputs>
<attribute name="k20" type="java.lang.Integer"/>
<attribute name="k22" type="java.lang.String"/>
<attribute name="k23" type="java.lang.String"/>
</outputs>
<project>
<attribute name="r_regionkey" type="java.lang.Integer"/>
<attribute name="r_name" type="java.lang.String"/>
<attribute name="r_comment" type="java.lang.String"/>
</project>
<child>
<operator type="ACCESS" relation="region" access-method="m8">
<outputs>
<attribute name="r_regionkey" type="java.lang.Integer"/>
<attribute name="r_name" type="java.lang.String"/>
<attribute name="r_comment" type="java.lang.String"/>
</outputs>
</operator>
</child>
</operator>
<operator type="DEPENDENT_JOIN" param="0">
<outputs>
<attribute name="k7" type="java.lang.Integer"/>
<attribute name="k19" type="java.lang.String"/>
<attribute name="k20" type="java.lang.Integer"/>
<attribute name="k21" type="java.lang.String"/>
<attribute name="c2" type="java.lang.Integer"/>
<attribute name="k5" type="java.lang.String"/>
<attribute name="k6" type="java.lang.String"/>
<attribute name="k7" type="java.lang.Integer"/>
<attribute name="k8" type="java.lang.String"/>
<attribute name="k9" type="java.math.BigDecimal"/>
<attribute name="k10" type="java.lang.String"/>
<attribute name="c1" type="java.lang.Integer"/>
<attribute name="c2" type="java.lang.Integer"/>
<attribute name="c3" type="java.math.BigDecimal"/>
<attribute name="c4" type="java.lang.String"/>
</outputs>
<children>
<operator type="PROJECT">
<outputs>
<attribute name="k7" type="java.lang.Integer"/>
<attribute name="k19" type="java.lang.String"/>
<attribute name="k20" type="java.lang.Integer"/>
<attribute name="k21" type="java.lang.String"/>
</outputs>
<project>
<attribute name="n_nationkey" type="java.lang.Integer"/>
<attribute name="n_name" type="java.lang.String"/>
<attribute name="n_regionkey" type="java.lang.Integer"/>
<attribute name="n_comment" type="java.lang.String"/>
</project>
<child>
<operator type="ACCESS" relation="nation" access-method="m7">
<outputs>
<attribute name="n_nationkey" type="java.lang.Integer"/>
<attribute name="n_name" type="java.lang.String"/>
<attribute name="n_regionkey" type="java.lang.Integer"/>
<attribute name="n_comment" type="java.lang.String"/>
</outputs>
</operator>
</child>
</operator>
<operator type="DEPENDENT_JOIN" param="0">
<outputs>
<attribute name="c2" type="java.lang.Integer"/>
<attribute name="k5" type="java.lang.String"/>
<attribute name="k6" type="java.lang.String"/>
<attribute name="k7" type="java.lang.Integer"/>
<attribute name="k8" type="java.lang.String"/>
<attribute name="k9" type="java.math.BigDecimal"/>
<attribute name="k10" type="java.lang.String"/>
<attribute name="c1" type="java.lang.Integer"/>
<attribute name="c2" type="java.lang.Integer"/>
<attribute name="c3" type="java.math.BigDecimal"/>
<attribute name="c4" type="java.lang.String"/>
</outputs>
<children>
<operator type="PROJECT">
<outputs>
<attribute name="c2" type="java.lang.Integer"/>
<attribute name="k5" type="java.lang.String"/>
<attribute name="k6" type="java.lang.String"/>
<attribute name="k7" type="java.lang.Integer"/>
<attribute name="k8" type="java.lang.String"/>
<attribute name="k9" type="java.math.BigDecimal"/>
<attribute name="k10" type="java.lang.String"/>
</outputs>
<project>
<attribute name="s_suppkey" type="java.lang.Integer"/>
<attribute name="s_name" type="java.lang.String"/>
<attribute name="s_address" type="java.lang.String"/>
<attribute name="s_nationkey" type="java.lang.Integer"/>
<attribute name="s_phone" type="java.lang.String"/>
<attribute name="s_acctbal" type="java.math.BigDecimal"/>
<attribute name="s_comment" type="java.lang.String"/>
</project>
<child>
<operator type="ACCESS" relation="supplier" access-method="m3">
<outputs>
<attribute name="s_suppkey" type="java.lang.Integer"/>
<attribute name="s_name" type="java.lang.String"/>
<attribute name="s_address" type="java.lang.String"/>
<attribute name="s_nationkey" type="java.lang.Integer"/>
<attribute name="s_phone" type="java.lang.String"/>
<attribute name="s_acctbal" type="java.math.BigDecimal"/>
<attribute name="s_comment" type="java.lang.String"/>
</outputs>
</operator>
</child>
</operator>
<operator type="PROJECT">
<outputs>
<attribute name="c1" type="java.lang.Integer"/>
<attribute name="c2" type="java.lang.Integer"/>
<attribute name="c3" type="java.math.BigDecimal"/>
<attribute name="c4" type="java.lang.String"/>
</outputs>
<project>
<attribute name="ps_partkey" type="java.lang.Integer"/>
<attribute name="ps_suppkey" type="java.lang.Integer"/>
<attribute name="ps_supplycost" type="java.math.BigDecimal"/>
<attribute name="ps_comment" type="java.lang.String"/>
</project>
<child>
<operator type="SELECT">
<outputs>
<attribute name="ps_partkey" type="java.lang.Integer"/>
<attribute name="ps_suppkey" type="java.lang.Integer"/>
<attribute name="ps_availqty" type="java.lang.Integer"/>
<attribute name="ps_supplycost" type="java.math.BigDecimal"/>
<attribute name="ps_comment" type="java.lang.String"/>
</outputs>
<conjunction>
<predicate type="equality" left="2" value="10"/>
</conjunction>
<child>
<operator type="ACCESS" relation="partsupp" access-method="m5">
<outputs>
<attribute name="ps_partkey" type="java.lang.Integer"/>
<attribute name="ps_suppkey" type="java.lang.Integer"/>
<attribute name="ps_availqty" type="java.lang.Integer"/>
<attribute name="ps_supplycost" type="java.math.BigDecimal"/>
<attribute name="ps_comment" type="java.lang.String"/>
</outputs>
</operator>
</child>
</operator>
</child>
</operator>
</children>
</operator>
</children>
</operator>
</children>
</operator>
</plan>
