<?xml version="1.0" encoding="UTF-8"?>
<plan type="linear" cost="1728.3" control-flow="BOTTOM_UP">
<command name="T1">
<operator type="CROSS_PRODUCT">
<outputs>
<attribute name="c5831" type="java.lang.Integer"/>
<attribute name="c5833" type="java.lang.String"/>
<attribute name="c5834" type="java.lang.String"/>
<attribute name="k5855" type="java.lang.Integer"/>
<attribute name="k5857" type="java.lang.String"/>
<attribute name="k5858" type="java.lang.String"/>
</outputs>
<children>
<operator type="PROJECT">
<outputs>
<attribute name="c5831" type="java.lang.Integer"/>
<attribute name="c5833" type="java.lang.String"/>
<attribute name="c5834" type="java.lang.String"/>
</outputs>
<project>
<attribute name="r_regionkey" type="java.lang.Integer"/>
<attribute name="r_name" type="java.lang.String"/>
<attribute name="r_comment" type="java.lang.String"/>
</project>
<child>
<operator type="ACCESS" relation="region" access-method="m8">
<outputs>
<attribute name="r_regionkey" type="java.lang.Integer"/>
<attribute name="r_name" type="java.lang.String"/>
<attribute name="r_comment" type="java.lang.String"/>
</outputs>
</operator>
</child>
</operator>
<operator type="PROJECT">
<outputs>
<attribute name="k5855" type="java.lang.Integer"/>
<attribute name="k5857" type="java.lang.String"/>
<attribute name="k5858" type="java.lang.String"/>
</outputs>
<project>
<attribute name="r_regionkey" type="java.lang.Integer"/>
<attribute name="r_name" type="java.lang.String"/>
<attribute name="r_comment" type="java.lang.String"/>
</project>
<child>
<operator type="ACCESS" relation="region" access-method="m8">
<outputs>
<attribute name="r_regionkey" type="java.lang.Integer"/>
<attribute name="r_name" type="java.lang.String"/>
<attribute name="r_comment" type="java.lang.String"/>
</outputs>
</operator>
</child>
</operator>
</children>
</operator>
</command>
<command name="T2">
<operator type="JOIN" variant="SYMMETRIC_HASH">
<outputs>
<attribute name="c5831" type="java.lang.Integer"/>
<attribute name="c5833" type="java.lang.String"/>
<attribute name="c5834" type="java.lang.String"/>
<attribute name="k5855" type="java.lang.Integer"/>
<attribute name="k5857" type="java.lang.String"/>
<attribute name="k5858" type="java.lang.String"/>
<attribute name="k5840" type="java.lang.Integer"/>
<attribute name="k5854" type="java.lang.String"/>
<attribute name="k5855" type="java.lang.Integer"/>
<attribute name="k5856" type="java.lang.String"/>
</outputs>
<conjunction>
<predicate type="equality" left="3" right="8"/>
</conjunction>
<children>
<operator type="ALIAS" name="T1"/>
<operator type="PROJECT">
<outputs>
<attribute name="k5840" type="java.lang.Integer"/>
<attribute name="k5854" type="java.lang.String"/>
<attribute name="k5855" type="java.lang.Integer"/>
<attribute name="k5856" type="java.lang.String"/>
</outputs>
<project>
<attribute name="n_nationkey" type="java.lang.Integer"/>
<attribute name="n_name" type="java.lang.String"/>
<attribute name="n_regionkey" type="java.lang.Integer"/>
<attribute name="n_comment" type="java.lang.String"/>
</project>
<child>
<operator type="ACCESS" relation="nation" access-method="m7">
<outputs>
<attribute name="n_nationkey" type="java.lang.Integer"/>
<attribute name="n_name" type="java.lang.String"/>
<attribute name="n_regionkey" type="java.lang.Integer"/>
<attribute name="n_comment" type="java.lang.String"/>
</outputs>
<child>
<operator type="PROJECT">
<outputs>
<attribute name="k5855" type="java.lang.Integer"/>
</outputs>
<project>
<attribute name="k5855" type="java.lang.Integer"/>
</project>
<child>
<operator type="ALIAS" name="T1"/>
</child>
</operator>
</child>
</operator>
</child>
</operator>
</children>
</operator>
</command>
<command name="T3">
<operator type="JOIN" variant="SYMMETRIC_HASH">
<outputs>
<attribute name="c5831" type="java.lang.Integer"/>
<attribute name="c5833" type="java.lang.String"/>
<attribute name="c5834" type="java.lang.String"/>
<attribute name="k5855" type="java.lang.Integer"/>
<attribute name="k5857" type="java.lang.String"/>
<attribute name="k5858" type="java.lang.String"/>
<attribute name="k5840" type="java.lang.Integer"/>
<attribute name="k5854" type="java.lang.String"/>
<attribute name="k5855" type="java.lang.Integer"/>
<attribute name="k5856" type="java.lang.String"/>
<attribute name="c5819" type="java.lang.Integer"/>
<attribute name="k5838" type="java.lang.String"/>
<attribute name="k5839" type="java.lang.String"/>
<attribute name="k5840" type="java.lang.Integer"/>
<attribute name="k5841" type="java.lang.String"/>
<attribute name="k5842" type="java.math.BigDecimal"/>
<attribute name="k5843" type="java.lang.String"/>
</outputs>
<conjunction>
<predicate type="equality" left="6" right="13"/>
</conjunction>
<children>
<operator type="ALIAS" name="T2"/>
<operator type="PROJECT">
<outputs>
<attribute name="c5819" type="java.lang.Integer"/>
<attribute name="k5838" type="java.lang.String"/>
<attribute name="k5839" type="java.lang.String"/>
<attribute name="k5840" type="java.lang.Integer"/>
<attribute name="k5841" type="java.lang.String"/>
<attribute name="k5842" type="java.math.BigDecimal"/>
<attribute name="k5843" type="java.lang.String"/>
</outputs>
<project>
<attribute name="s_suppkey" type="java.lang.Integer"/>
<attribute name="s_name" type="java.lang.String"/>
<attribute name="s_address" type="java.lang.String"/>
<attribute name="s_nationkey" type="java.lang.Integer"/>
<attribute name="s_phone" type="java.lang.String"/>
<attribute name="s_acctbal" type="java.math.BigDecimal"/>
<attribute name="s_comment" type="java.lang.String"/>
</project>
<child>
<operator type="ACCESS" relation="supplier" access-method="m3">
<outputs>
<attribute name="s_suppkey" type="java.lang.Integer"/>
<attribute name="s_name" type="java.lang.String"/>
<attribute name="s_address" type="java.lang.String"/>
<attribute name="s_nationkey" type="java.lang.Integer"/>
<attribute name="s_phone" type="java.lang.String"/>
<attribute name="s_acctbal" type="java.math.BigDecimal"/>
<attribute name="s_comment" type="java.lang.String"/>
</outputs>
<child>
<operator type="PROJECT">
<outputs>
<attribute name="k5840" type="java.lang.Integer"/>
</outputs>
<project>
<attribute name="k5840" type="java.lang.Integer"/>
</project>
<child>
<operator type="ALIAS" name="T2"/>
</child>
</operator>
</child>
</operator>
</child>
</operator>
</children>
</operator>
</command>
<command name="T4">
<operator type="JOIN" variant="SYMMETRIC_HASH">
<outputs>
<attribute name="c5831" type="java.lang.Integer"/>
<attribute name="c5833" type="java.lang.String"/>
<attribute name="c5834" type="java.lang.String"/>
<attribute name="k5855" type="java.lang.Integer"/>
<attribute name="k5857" type="java.lang.String"/>
<attribute name="k5858" type="java.lang.String"/>
<attribute name="k5840" type="java.lang.Integer"/>
<attribute name="k5854" type="java.lang.String"/>
<attribute name="k5855" type="java.lang.Integer"/>
<attribute name="k5856" type="java.lang.String"/>
<attribute name="c5819" type="java.lang.Integer"/>
<attribute name="k5838" type="java.lang.String"/>
<attribute name="k5839" type="java.lang.String"/>
<attribute name="k5840" type="java.lang.Integer"/>
<attribute name="k5841" type="java.lang.String"/>
<attribute name="k5842" type="java.math.BigDecimal"/>
<attribute name="k5843" type="java.lang.String"/>
<attribute name="c5819" type="java.lang.Integer"/>
<attribute name="k5844" type="java.lang.String"/>
<attribute name="k5845" type="java.lang.String"/>
<attribute name="k5846" type="java.lang.String"/>
<attribute name="k5847" type="java.lang.String"/>
<attribute name="k5848" type="java.lang.Integer"/>
<attribute name="k5849" type="java.lang.String"/>
<attribute name="k5850" type="java.math.BigDecimal"/>
<attribute name="k5851" type="java.lang.String"/>
</outputs>
<conjunction>
<predicate type="equality" left="10" right="17"/>
</conjunction>
<children>
<operator type="ALIAS" name="T3"/>
<operator type="PROJECT">
<outputs>
<attribute name="c5819" type="java.lang.Integer"/>
<attribute name="k5844" type="java.lang.String"/>
<attribute name="k5845" type="java.lang.String"/>
<attribute name="k5846" type="java.lang.String"/>
<attribute name="k5847" type="java.lang.String"/>
<attribute name="k5848" type="java.lang.Integer"/>
<attribute name="k5849" type="java.lang.String"/>
<attribute name="k5850" type="java.math.BigDecimal"/>
<attribute name="k5851" type="java.lang.String"/>
</outputs>
<project>
<attribute name="p_partkey" type="java.lang.Integer"/>
<attribute name="p_name" type="java.lang.String"/>
<attribute name="p_mfgr" type="java.lang.String"/>
<attribute name="p_brand" type="java.lang.String"/>
<attribute name="p_type" type="java.lang.String"/>
<attribute name="p_size" type="java.lang.Integer"/>
<attribute name="p_container" type="java.lang.String"/>
<attribute name="p_retailprice" type="java.math.BigDecimal"/>
<attribute name="p_comment" type="java.lang.String"/>
</project>
<child>
<operator type="ACCESS" relation="part" access-method="m2">
<outputs>
<attribute name="p_partkey" type="java.lang.Integer"/>
<attribute name="p_name" type="java.lang.String"/>
<attribute name="p_mfgr" type="java.lang.String"/>
<attribute name="p_brand" type="java.lang.String"/>
<attribute name="p_type" type="java.lang.String"/>
<attribute name="p_size" type="java.lang.Integer"/>
<attribute name="p_container" type="java.lang.String"/>
<attribute name="p_retailprice" type="java.math.BigDecimal"/>
<attribute name="p_comment" type="java.lang.String"/>
</outputs>
</operator>
</child>
</operator>
</children>
</operator>
</command>
<command name="T5">
<operator type="JOIN" variant="SYMMETRIC_HASH">
<outputs>
<attribute name="c5831" type="java.lang.Integer"/>
<attribute name="c5833" type="java.lang.String"/>
<attribute name="c5834" type="java.lang.String"/>
<attribute name="k5855" type="java.lang.Integer"/>
<attribute name="k5857" type="java.lang.String"/>
<attribute name="k5858" type="java.lang.String"/>
<attribute name="k5840" type="java.lang.Integer"/>
<attribute name="k5854" type="java.lang.String"/>
<attribute name="k5855" type="java.lang.Integer"/>
<attribute name="k5856" type="java.lang.String"/>
<attribute name="c5819" type="java.lang.Integer"/>
<attribute name="k5838" type="java.lang.String"/>
<attribute name="k5839" type="java.lang.String"/>
<attribute name="k5840" type="java.lang.Integer"/>
<attribute name="k5841" type="java.lang.String"/>
<attribute name="k5842" type="java.math.BigDecimal"/>
<attribute name="k5843" type="java.lang.String"/>
<attribute name="c5819" type="java.lang.Integer"/>
<attribute name="k5844" type="java.lang.String"/>
<attribute name="k5845" type="java.lang.String"/>
<attribute name="k5846" type="java.lang.String"/>
<attribute name="k5847" type="java.lang.String"/>
<attribute name="k5848" type="java.lang.Integer"/>
<attribute name="k5849" type="java.lang.String"/>
<attribute name="k5850" type="java.math.BigDecimal"/>
<attribute name="k5851" type="java.lang.String"/>
<attribute name="c5819" type="java.lang.Integer"/>
<attribute name="c5819" type="java.lang.Integer"/>
<attribute name="c5820" type="java.lang.Integer"/>
<attribute name="c5821" type="java.math.BigDecimal"/>
<attribute name="c5822" type="java.lang.String"/>
</outputs>
<conjunction>
<predicate type="equality" left="10" right="26"/>
</conjunction>
<children>
<operator type="ALIAS" name="T4"/>
<operator type="PROJECT">
<outputs>
<attribute name="c5819" type="java.lang.Integer"/>
<attribute name="c5819" type="java.lang.Integer"/>
<attribute name="c5820" type="java.lang.Integer"/>
<attribute name="c5821" type="java.math.BigDecimal"/>
<attribute name="c5822" type="java.lang.String"/>
</outputs>
<project>
<attribute name="ps_partkey" type="java.lang.Integer"/>
<attribute name="ps_suppkey" type="java.lang.Integer"/>
<attribute name="ps_availqty" type="java.lang.Integer"/>
<attribute name="ps_supplycost" type="java.math.BigDecimal"/>
<attribute name="ps_comment" type="java.lang.String"/>
</project>
<child>
<operator type="SELECT">
<outputs>
<attribute name="ps_partkey" type="java.lang.Integer"/>
<attribute name="ps_suppkey" type="java.lang.Integer"/>
<attribute name="ps_availqty" type="java.lang.Integer"/>
<attribute name="ps_supplycost" type="java.math.BigDecimal"/>
<attribute name="ps_comment" type="java.lang.String"/>
</outputs>
<conjunction>
<predicate type="equality" left="0" right="1"/>
</conjunction>
<child>
<operator type="ACCESS" relation="partsupp" access-method="m5">
<outputs>
<attribute name="ps_partkey" type="java.lang.Integer"/>
<attribute name="ps_suppkey" type="java.lang.Integer"/>
<attribute name="ps_availqty" type="java.lang.Integer"/>
<attribute name="ps_supplycost" type="java.math.BigDecimal"/>
<attribute name="ps_comment" type="java.lang.String"/>
</outputs>
<child>
<operator type="PROJECT">
<outputs>
<attribute name="c5819" type="java.lang.Integer"/>
</outputs>
<project>
<attribute name="c5819" type="java.lang.Integer"/>
</project>
<child>
<operator type="ALIAS" name="T4"/>
</child>
</operator>
</child>
</operator>
</child>
</operator>
</child>
</operator>
</children>
</operator>
</command>
<command name="T6">
<operator type="JOIN" variant="SYMMETRIC_HASH">
<outputs>
<attribute name="c5831" type="java.lang.Integer"/>
<attribute name="c5833" type="java.lang.String"/>
<attribute name="c5834" type="java.lang.String"/>
<attribute name="k5855" type="java.lang.Integer"/>
<attribute name="k5857" type="java.lang.String"/>
<attribute name="k5858" type="java.lang.String"/>
<attribute name="k5840" type="java.lang.Integer"/>
<attribute name="k5854" type="java.lang.String"/>
<attribute name="k5855" type="java.lang.Integer"/>
<attribute name="k5856" type="java.lang.String"/>
<attribute name="c5819" type="java.lang.Integer"/>
<attribute name="k5838" type="java.lang.String"/>
<attribute name="k5839" type="java.lang.String"/>
<attribute name="k5840" type="java.lang.Integer"/>
<attribute name="k5841" type="java.lang.String"/>
<attribute name="k5842" type="java.math.BigDecimal"/>
<attribute name="k5843" type="java.lang.String"/>
<attribute name="c5819" type="java.lang.Integer"/>
<attribute name="k5844" type="java.lang.String"/>
<attribute name="k5845" type="java.lang.String"/>
<attribute name="k5846" type="java.lang.String"/>
<attribute name="k5847" type="java.lang.String"/>
<attribute name="k5848" type="java.lang.Integer"/>
<attribute name="k5849" type="java.lang.String"/>
<attribute name="k5850" type="java.math.BigDecimal"/>
<attribute name="k5851" type="java.lang.String"/>
<attribute name="c5819" type="java.lang.Integer"/>
<attribute name="c5819" type="java.lang.Integer"/>
<attribute name="c5820" type="java.lang.Integer"/>
<attribute name="c5821" type="java.math.BigDecimal"/>
<attribute name="c5822" type="java.lang.String"/>
<attribute name="c5826" type="java.lang.Integer"/>
<attribute name="c5830" type="java.lang.String"/>
<attribute name="c5831" type="java.lang.Integer"/>
<attribute name="c5832" type="java.lang.String"/>
</outputs>
<conjunction>
<predicate type="equality" left="0" right="33"/>
</conjunction>
<children>
<operator type="ALIAS" name="T5"/>
<operator type="PROJECT">
<outputs>
<attribute name="c5826" type="java.lang.Integer"/>
<attribute name="c5830" type="java.lang.String"/>
<attribute name="c5831" type="java.lang.Integer"/>
<attribute name="c5832" type="java.lang.String"/>
</outputs>
<project>
<attribute name="n_nationkey" type="java.lang.Integer"/>
<attribute name="n_name" type="java.lang.String"/>
<attribute name="n_regionkey" type="java.lang.Integer"/>
<attribute name="n_comment" type="java.lang.String"/>
</project>
<child>
<operator type="ACCESS" relation="nation" access-method="m7">
<outputs>
<attribute name="n_nationkey" type="java.lang.Integer"/>
<attribute name="n_name" type="java.lang.String"/>
<attribute name="n_regionkey" type="java.lang.Integer"/>
<attribute name="n_comment" type="java.lang.String"/>
</outputs>
<child>
<operator type="PROJECT">
<outputs>
<attribute name="c5831" type="java.lang.Integer"/>
</outputs>
<project>
<attribute name="c5831" type="java.lang.Integer"/>
</project>
<child>
<operator type="ALIAS" name="T5"/>
</child>
</operator>
</child>
</operator>
</child>
</operator>
</children>
</operator>
</command>
<command name="T7">
<operator type="PROJECT">
<outputs>
<attribute name="c5833" type="java.lang.String"/>
<attribute name="c5821" type="java.math.BigDecimal"/>
<attribute name="c5829" type="java.lang.String"/>
<attribute name="c5822" type="java.lang.String"/>
</outputs>
<project>
<attribute name="c5833" type="java.lang.String"/>
<attribute name="c5821" type="java.math.BigDecimal"/>
<attribute name="c5829" type="java.lang.String"/>
<attribute name="c5822" type="java.lang.String"/>
</project>
<child>
<operator type="JOIN" variant="SYMMETRIC_HASH">
<outputs>
<attribute name="c5831" type="java.lang.Integer"/>
<attribute name="c5833" type="java.lang.String"/>
<attribute name="c5834" type="java.lang.String"/>
<attribute name="k5855" type="java.lang.Integer"/>
<attribute name="k5857" type="java.lang.String"/>
<attribute name="k5858" type="java.lang.String"/>
<attribute name="k5840" type="java.lang.Integer"/>
<attribute name="k5854" type="java.lang.String"/>
<attribute name="k5855" type="java.lang.Integer"/>
<attribute name="k5856" type="java.lang.String"/>
<attribute name="c5819" type="java.lang.Integer"/>
<attribute name="k5838" type="java.lang.String"/>
<attribute name="k5839" type="java.lang.String"/>
<attribute name="k5840" type="java.lang.Integer"/>
<attribute name="k5841" type="java.lang.String"/>
<attribute name="k5842" type="java.math.BigDecimal"/>
<attribute name="k5843" type="java.lang.String"/>
<attribute name="c5819" type="java.lang.Integer"/>
<attribute name="k5844" type="java.lang.String"/>
<attribute name="k5845" type="java.lang.String"/>
<attribute name="k5846" type="java.lang.String"/>
<attribute name="k5847" type="java.lang.String"/>
<attribute name="k5848" type="java.lang.Integer"/>
<attribute name="k5849" type="java.lang.String"/>
<attribute name="k5850" type="java.math.BigDecimal"/>
<attribute name="k5851" type="java.lang.String"/>
<attribute name="c5819" type="java.lang.Integer"/>
<attribute name="c5819" type="java.lang.Integer"/>
<attribute name="c5820" type="java.lang.Integer"/>
<attribute name="c5821" type="java.math.BigDecimal"/>
<attribute name="c5822" type="java.lang.String"/>
<attribute name="c5826" type="java.lang.Integer"/>
<attribute name="c5830" type="java.lang.String"/>
<attribute name="c5831" type="java.lang.Integer"/>
<attribute name="c5832" type="java.lang.String"/>
<attribute name="c5823" type="java.lang.Integer"/>
<attribute name="c5824" type="java.lang.String"/>
<attribute name="c5825" type="java.lang.String"/>
<attribute name="c5826" type="java.lang.Integer"/>
<attribute name="c5827" type="java.lang.String"/>
<attribute name="c5828" type="java.math.BigDecimal"/>
<attribute name="c5829" type="java.lang.String"/>
</outputs>
<conjunction>
<predicate type="equality" left="31" right="38"/>
</conjunction>
<children>
<operator type="ALIAS" name="T6"/>
<operator type="PROJECT">
<outputs>
<attribute name="c5823" type="java.lang.Integer"/>
<attribute name="c5824" type="java.lang.String"/>
<attribute name="c5825" type="java.lang.String"/>
<attribute name="c5826" type="java.lang.Integer"/>
<attribute name="c5827" type="java.lang.String"/>
<attribute name="c5828" type="java.math.BigDecimal"/>
<attribute name="c5829" type="java.lang.String"/>
</outputs>
<project>
<attribute name="s_suppkey" type="java.lang.Integer"/>
<attribute name="s_name" type="java.lang.String"/>
<attribute name="s_address" type="java.lang.String"/>
<attribute name="s_nationkey" type="java.lang.Integer"/>
<attribute name="s_phone" type="java.lang.String"/>
<attribute name="s_acctbal" type="java.math.BigDecimal"/>
<attribute name="s_comment" type="java.lang.String"/>
</project>
<child>
<operator type="ACCESS" relation="supplier" access-method="m3">
<outputs>
<attribute name="s_suppkey" type="java.lang.Integer"/>
<attribute name="s_name" type="java.lang.String"/>
<attribute name="s_address" type="java.lang.String"/>
<attribute name="s_nationkey" type="java.lang.Integer"/>
<attribute name="s_phone" type="java.lang.String"/>
<attribute name="s_acctbal" type="java.math.BigDecimal"/>
<attribute name="s_comment" type="java.lang.String"/>
</outputs>
<child>
<operator type="PROJECT">
<outputs>
<attribute name="c5826" type="java.lang.Integer"/>
</outputs>
<project>
<attribute name="c5826" type="java.lang.Integer"/>
</project>
<child>
<operator type="ALIAS" name="T6"/>
</child>
</operator>
</child>
</operator>
</child>
</operator>
</children>
</operator>
</child>
</operator>
</command>
</plan>
