<?xml version="1.0" encoding="UTF-8"?>
<plan type="dag" cost="288074.8" control-flow="TOP_DOWN">
<operator type="JOIN" variant="SYMMETRIC_HASH">
<outputs>
<attribute name="k2440" type="java.lang.String"/>
<attribute name="c2333" type="java.lang.String"/>
<attribute name="c2331" type="java.lang.String"/>
<attribute name="c2332" type="java.lang.String"/>
<attribute name="c2331" type="java.lang.String"/>
<attribute name="c2333" type="java.lang.String"/>
<attribute name="c2331" type="java.lang.String"/>
<attribute name="c2331" type="java.lang.String"/>
</outputs>
<conjunction>
<predicate type="equality" left="2" right="7"/>
</conjunction>
<children>
<operator type="JOIN" variant="SYMMETRIC_HASH">
<outputs>
<attribute name="k2440" type="java.lang.String"/>
<attribute name="c2333" type="java.lang.String"/>
<attribute name="c2331" type="java.lang.String"/>
<attribute name="c2332" type="java.lang.String"/>
<attribute name="c2331" type="java.lang.String"/>
<attribute name="c2333" type="java.lang.String"/>
<attribute name="c2331" type="java.lang.String"/>
</outputs>
<conjunction>
<predicate type="equality" left="2" right="6"/>
</conjunction>
<children>
<operator type="DEPENDENT_JOIN" param="2,1">
<outputs>
<attribute name="k2440" type="java.lang.String"/>
<attribute name="c2333" type="java.lang.String"/>
<attribute name="c2331" type="java.lang.String"/>
<attribute name="c2332" type="java.lang.String"/>
<attribute name="c2331" type="java.lang.String"/>
<attribute name="c2333" type="java.lang.String"/>
</outputs>
<children>
<operator type="PROJECT">
<outputs>
<attribute name="k2440" type="java.lang.String"/>
<attribute name="c2333" type="java.lang.String"/>
<attribute name="c2331" type="java.lang.String"/>
</outputs>
<project>
<attribute name="x0" type="java.lang.String"/>
<attribute name="x1" type="java.lang.String"/>
<attribute name="x2" type="java.lang.String"/>
</project>
<child>
<operator type="ACCESS" relation="R0" access-method="mt_5">
<outputs>
<attribute name="x0" type="java.lang.String"/>
<attribute name="x1" type="java.lang.String"/>
<attribute name="x2" type="java.lang.String"/>
</outputs>
</operator>
</child>
</operator>
<operator type="PROJECT">
<outputs>
<attribute name="c2332" type="java.lang.String"/>
<attribute name="c2331" type="java.lang.String"/>
<attribute name="c2333" type="java.lang.String"/>
</outputs>
<project>
<attribute name="x0" type="java.lang.String"/>
<attribute name="x1" type="java.lang.String"/>
<attribute name="x2" type="java.lang.String"/>
</project>
<child>
<operator type="ACCESS" relation="R4" access-method="mt_8">
<outputs>
<attribute name="x0" type="java.lang.String"/>
<attribute name="x1" type="java.lang.String"/>
<attribute name="x2" type="java.lang.String"/>
</outputs>
</operator>
</child>
</operator>
</children>
</operator>
<operator type="PROJECT">
<outputs>
<attribute name="c2331" type="java.lang.String"/>
</outputs>
<project>
<attribute name="x0" type="java.lang.String"/>
</project>
<child>
<operator type="ACCESS" relation="R2" access-method="mt_3">
<outputs>
<attribute name="x0" type="java.lang.String"/>
</outputs>
</operator>
</child>
</operator>
</children>
</operator>
<operator type="PROJECT">
<outputs>
<attribute name="c2331" type="java.lang.String"/>
</outputs>
<project>
<attribute name="x0" type="java.lang.String"/>
</project>
<child>
<operator type="ACCESS" relation="R1" access-method="mt_1">
<outputs>
<attribute name="x0" type="java.lang.String"/>
</outputs>
</operator>
</child>
</operator>
</children>
</operator>
</plan>
