<?xml version="1.0" encoding="UTF-8"?>
<query type="conjunctive">
	<body>
		<atom name="r1">
			<variable name="y" />
			<variable name="z" />
		</atom>
		<atom name="r2">
			<variable name="z" />
		</atom>
		<atom name="r3">
			<variable name="x" />
			<variable name="y" />
			<variable name="z" />
		</atom>
		<atom name="r3">
			<variable name="z" />
			<variable name="y" />
			<variable name="x" />
		</atom>
	</body>
	<head name="Q">
		<variable name="x" />
		<variable name="z" />
	</head>
</query>
