<?xml version="1.0" encoding="UTF-8"?>
<plan type="linear" cost="242.11" control-flow="BOTTOM_UP">
<command name="T1">
<operator type="PROJECT">
<outputs>
<attribute name="c5408" type="java.lang.Integer"/>
<attribute name="k5433" type="java.lang.String"/>
<attribute name="k5434" type="java.lang.String"/>
<attribute name="k5435" type="java.lang.String"/>
<attribute name="k5436" type="java.lang.String"/>
<attribute name="k5437" type="java.lang.Integer"/>
<attribute name="k5438" type="java.lang.String"/>
<attribute name="k5439" type="java.math.BigDecimal"/>
<attribute name="k5440" type="java.lang.String"/>
</outputs>
<project>
<attribute name="p_partkey" type="java.lang.Integer"/>
<attribute name="p_name" type="java.lang.String"/>
<attribute name="p_mfgr" type="java.lang.String"/>
<attribute name="p_brand" type="java.lang.String"/>
<attribute name="p_type" type="java.lang.String"/>
<attribute name="p_size" type="java.lang.Integer"/>
<attribute name="p_container" type="java.lang.String"/>
<attribute name="p_retailprice" type="java.math.BigDecimal"/>
<attribute name="p_comment" type="java.lang.String"/>
</project>
<child>
<operator type="ACCESS" relation="part" access-method="m2">
<outputs>
<attribute name="p_partkey" type="java.lang.Integer"/>
<attribute name="p_name" type="java.lang.String"/>
<attribute name="p_mfgr" type="java.lang.String"/>
<attribute name="p_brand" type="java.lang.String"/>
<attribute name="p_type" type="java.lang.String"/>
<attribute name="p_size" type="java.lang.Integer"/>
<attribute name="p_container" type="java.lang.String"/>
<attribute name="p_retailprice" type="java.math.BigDecimal"/>
<attribute name="p_comment" type="java.lang.String"/>
</outputs>
</operator>
</child>
</operator>
</command>
<command name="T2">
<operator type="JOIN" variant="SYMMETRIC_HASH">
<outputs>
<attribute name="c5408" type="java.lang.Integer"/>
<attribute name="k5433" type="java.lang.String"/>
<attribute name="k5434" type="java.lang.String"/>
<attribute name="k5435" type="java.lang.String"/>
<attribute name="k5436" type="java.lang.String"/>
<attribute name="k5437" type="java.lang.Integer"/>
<attribute name="k5438" type="java.lang.String"/>
<attribute name="k5439" type="java.math.BigDecimal"/>
<attribute name="k5440" type="java.lang.String"/>
<attribute name="c5408" type="java.lang.Integer"/>
<attribute name="c5408" type="java.lang.Integer"/>
<attribute name="c5409" type="java.lang.Integer"/>
<attribute name="c5410" type="java.math.BigDecimal"/>
<attribute name="c5411" type="java.lang.String"/>
</outputs>
<conjunction>
<predicate type="equality" left="0" right="9"/>
</conjunction>
<children>
<operator type="ALIAS" name="T1"/>
<operator type="PROJECT">
<outputs>
<attribute name="c5408" type="java.lang.Integer"/>
<attribute name="c5408" type="java.lang.Integer"/>
<attribute name="c5409" type="java.lang.Integer"/>
<attribute name="c5410" type="java.math.BigDecimal"/>
<attribute name="c5411" type="java.lang.String"/>
</outputs>
<project>
<attribute name="ps_partkey" type="java.lang.Integer"/>
<attribute name="ps_suppkey" type="java.lang.Integer"/>
<attribute name="ps_availqty" type="java.lang.Integer"/>
<attribute name="ps_supplycost" type="java.math.BigDecimal"/>
<attribute name="ps_comment" type="java.lang.String"/>
</project>
<child>
<operator type="SELECT">
<outputs>
<attribute name="ps_partkey" type="java.lang.Integer"/>
<attribute name="ps_suppkey" type="java.lang.Integer"/>
<attribute name="ps_availqty" type="java.lang.Integer"/>
<attribute name="ps_supplycost" type="java.math.BigDecimal"/>
<attribute name="ps_comment" type="java.lang.String"/>
</outputs>
<conjunction>
<predicate type="equality" left="0" right="1"/>
</conjunction>
<child>
<operator type="ACCESS" relation="partsupp" access-method="m5">
<outputs>
<attribute name="ps_partkey" type="java.lang.Integer"/>
<attribute name="ps_suppkey" type="java.lang.Integer"/>
<attribute name="ps_availqty" type="java.lang.Integer"/>
<attribute name="ps_supplycost" type="java.math.BigDecimal"/>
<attribute name="ps_comment" type="java.lang.String"/>
</outputs>
<child>
<operator type="PROJECT">
<outputs>
<attribute name="c5408" type="java.lang.Integer"/>
</outputs>
<project>
<attribute name="c5408" type="java.lang.Integer"/>
</project>
<child>
<operator type="ALIAS" name="T1"/>
</child>
</operator>
</child>
</operator>
</child>
</operator>
</child>
</operator>
</children>
</operator>
</command>
<command name="T3">
<operator type="CROSS_PRODUCT">
<outputs>
<attribute name="c5408" type="java.lang.Integer"/>
<attribute name="k5433" type="java.lang.String"/>
<attribute name="k5434" type="java.lang.String"/>
<attribute name="k5435" type="java.lang.String"/>
<attribute name="k5436" type="java.lang.String"/>
<attribute name="k5437" type="java.lang.Integer"/>
<attribute name="k5438" type="java.lang.String"/>
<attribute name="k5439" type="java.math.BigDecimal"/>
<attribute name="k5440" type="java.lang.String"/>
<attribute name="c5408" type="java.lang.Integer"/>
<attribute name="c5408" type="java.lang.Integer"/>
<attribute name="c5409" type="java.lang.Integer"/>
<attribute name="c5410" type="java.math.BigDecimal"/>
<attribute name="c5411" type="java.lang.String"/>
<attribute name="c5420" type="java.lang.Integer"/>
<attribute name="c5422" type="java.lang.String"/>
<attribute name="c5423" type="java.lang.String"/>
<attribute name="k5444" type="java.lang.Integer"/>
<attribute name="k5446" type="java.lang.String"/>
<attribute name="k5447" type="java.lang.String"/>
</outputs>
<children>
<operator type="ALIAS" name="T2"/>
<operator type="CROSS_PRODUCT">
<outputs>
<attribute name="c5420" type="java.lang.Integer"/>
<attribute name="c5422" type="java.lang.String"/>
<attribute name="c5423" type="java.lang.String"/>
<attribute name="k5444" type="java.lang.Integer"/>
<attribute name="k5446" type="java.lang.String"/>
<attribute name="k5447" type="java.lang.String"/>
</outputs>
<children>
<operator type="PROJECT">
<outputs>
<attribute name="c5420" type="java.lang.Integer"/>
<attribute name="c5422" type="java.lang.String"/>
<attribute name="c5423" type="java.lang.String"/>
</outputs>
<project>
<attribute name="r_regionkey" type="java.lang.Integer"/>
<attribute name="r_name" type="java.lang.String"/>
<attribute name="r_comment" type="java.lang.String"/>
</project>
<child>
<operator type="ACCESS" relation="region" access-method="m8">
<outputs>
<attribute name="r_regionkey" type="java.lang.Integer"/>
<attribute name="r_name" type="java.lang.String"/>
<attribute name="r_comment" type="java.lang.String"/>
</outputs>
</operator>
</child>
</operator>
<operator type="PROJECT">
<outputs>
<attribute name="k5444" type="java.lang.Integer"/>
<attribute name="k5446" type="java.lang.String"/>
<attribute name="k5447" type="java.lang.String"/>
</outputs>
<project>
<attribute name="r_regionkey" type="java.lang.Integer"/>
<attribute name="r_name" type="java.lang.String"/>
<attribute name="r_comment" type="java.lang.String"/>
</project>
<child>
<operator type="ACCESS" relation="region" access-method="m8">
<outputs>
<attribute name="r_regionkey" type="java.lang.Integer"/>
<attribute name="r_name" type="java.lang.String"/>
<attribute name="r_comment" type="java.lang.String"/>
</outputs>
</operator>
</child>
</operator>
</children>
</operator>
</children>
</operator>
</command>
<command name="T4">
<operator type="JOIN" variant="SYMMETRIC_HASH">
<outputs>
<attribute name="c5408" type="java.lang.Integer"/>
<attribute name="k5433" type="java.lang.String"/>
<attribute name="k5434" type="java.lang.String"/>
<attribute name="k5435" type="java.lang.String"/>
<attribute name="k5436" type="java.lang.String"/>
<attribute name="k5437" type="java.lang.Integer"/>
<attribute name="k5438" type="java.lang.String"/>
<attribute name="k5439" type="java.math.BigDecimal"/>
<attribute name="k5440" type="java.lang.String"/>
<attribute name="c5408" type="java.lang.Integer"/>
<attribute name="c5408" type="java.lang.Integer"/>
<attribute name="c5409" type="java.lang.Integer"/>
<attribute name="c5410" type="java.math.BigDecimal"/>
<attribute name="c5411" type="java.lang.String"/>
<attribute name="c5420" type="java.lang.Integer"/>
<attribute name="c5422" type="java.lang.String"/>
<attribute name="c5423" type="java.lang.String"/>
<attribute name="k5444" type="java.lang.Integer"/>
<attribute name="k5446" type="java.lang.String"/>
<attribute name="k5447" type="java.lang.String"/>
<attribute name="c5415" type="java.lang.Integer"/>
<attribute name="c5419" type="java.lang.String"/>
<attribute name="c5420" type="java.lang.Integer"/>
<attribute name="c5421" type="java.lang.String"/>
</outputs>
<conjunction>
<predicate type="equality" left="14" right="22"/>
</conjunction>
<children>
<operator type="ALIAS" name="T3"/>
<operator type="PROJECT">
<outputs>
<attribute name="c5415" type="java.lang.Integer"/>
<attribute name="c5419" type="java.lang.String"/>
<attribute name="c5420" type="java.lang.Integer"/>
<attribute name="c5421" type="java.lang.String"/>
</outputs>
<project>
<attribute name="n_nationkey" type="java.lang.Integer"/>
<attribute name="n_name" type="java.lang.String"/>
<attribute name="n_regionkey" type="java.lang.Integer"/>
<attribute name="n_comment" type="java.lang.String"/>
</project>
<child>
<operator type="ACCESS" relation="nation" access-method="m7">
<outputs>
<attribute name="n_nationkey" type="java.lang.Integer"/>
<attribute name="n_name" type="java.lang.String"/>
<attribute name="n_regionkey" type="java.lang.Integer"/>
<attribute name="n_comment" type="java.lang.String"/>
</outputs>
<child>
<operator type="PROJECT">
<outputs>
<attribute name="c5420" type="java.lang.Integer"/>
</outputs>
<project>
<attribute name="c5420" type="java.lang.Integer"/>
</project>
<child>
<operator type="ALIAS" name="T3"/>
</child>
</operator>
</child>
</operator>
</child>
</operator>
</children>
</operator>
</command>
<command name="T5">
<operator type="PROJECT">
<outputs>
<attribute name="c5422" type="java.lang.String"/>
<attribute name="c5410" type="java.math.BigDecimal"/>
<attribute name="c5418" type="java.lang.String"/>
<attribute name="c5411" type="java.lang.String"/>
</outputs>
<project>
<attribute name="c5422" type="java.lang.String"/>
<attribute name="c5410" type="java.math.BigDecimal"/>
<attribute name="c5418" type="java.lang.String"/>
<attribute name="c5411" type="java.lang.String"/>
</project>
<child>
<operator type="JOIN" variant="SYMMETRIC_HASH">
<outputs>
<attribute name="c5408" type="java.lang.Integer"/>
<attribute name="k5433" type="java.lang.String"/>
<attribute name="k5434" type="java.lang.String"/>
<attribute name="k5435" type="java.lang.String"/>
<attribute name="k5436" type="java.lang.String"/>
<attribute name="k5437" type="java.lang.Integer"/>
<attribute name="k5438" type="java.lang.String"/>
<attribute name="k5439" type="java.math.BigDecimal"/>
<attribute name="k5440" type="java.lang.String"/>
<attribute name="c5408" type="java.lang.Integer"/>
<attribute name="c5408" type="java.lang.Integer"/>
<attribute name="c5409" type="java.lang.Integer"/>
<attribute name="c5410" type="java.math.BigDecimal"/>
<attribute name="c5411" type="java.lang.String"/>
<attribute name="c5420" type="java.lang.Integer"/>
<attribute name="c5422" type="java.lang.String"/>
<attribute name="c5423" type="java.lang.String"/>
<attribute name="k5444" type="java.lang.Integer"/>
<attribute name="k5446" type="java.lang.String"/>
<attribute name="k5447" type="java.lang.String"/>
<attribute name="c5415" type="java.lang.Integer"/>
<attribute name="c5419" type="java.lang.String"/>
<attribute name="c5420" type="java.lang.Integer"/>
<attribute name="c5421" type="java.lang.String"/>
<attribute name="c5412" type="java.lang.Integer"/>
<attribute name="c5413" type="java.lang.String"/>
<attribute name="c5414" type="java.lang.String"/>
<attribute name="c5415" type="java.lang.Integer"/>
<attribute name="c5416" type="java.lang.String"/>
<attribute name="c5417" type="java.math.BigDecimal"/>
<attribute name="c5418" type="java.lang.String"/>
</outputs>
<conjunction>
<predicate type="equality" left="20" right="27"/>
</conjunction>
<children>
<operator type="ALIAS" name="T4"/>
<operator type="PROJECT">
<outputs>
<attribute name="c5412" type="java.lang.Integer"/>
<attribute name="c5413" type="java.lang.String"/>
<attribute name="c5414" type="java.lang.String"/>
<attribute name="c5415" type="java.lang.Integer"/>
<attribute name="c5416" type="java.lang.String"/>
<attribute name="c5417" type="java.math.BigDecimal"/>
<attribute name="c5418" type="java.lang.String"/>
</outputs>
<project>
<attribute name="s_suppkey" type="java.lang.Integer"/>
<attribute name="s_name" type="java.lang.String"/>
<attribute name="s_address" type="java.lang.String"/>
<attribute name="s_nationkey" type="java.lang.Integer"/>
<attribute name="s_phone" type="java.lang.String"/>
<attribute name="s_acctbal" type="java.math.BigDecimal"/>
<attribute name="s_comment" type="java.lang.String"/>
</project>
<child>
<operator type="ACCESS" relation="supplier" access-method="m3">
<outputs>
<attribute name="s_suppkey" type="java.lang.Integer"/>
<attribute name="s_name" type="java.lang.String"/>
<attribute name="s_address" type="java.lang.String"/>
<attribute name="s_nationkey" type="java.lang.Integer"/>
<attribute name="s_phone" type="java.lang.String"/>
<attribute name="s_acctbal" type="java.math.BigDecimal"/>
<attribute name="s_comment" type="java.lang.String"/>
</outputs>
<child>
<operator type="PROJECT">
<outputs>
<attribute name="c5415" type="java.lang.Integer"/>
</outputs>
<project>
<attribute name="c5415" type="java.lang.Integer"/>
</project>
<child>
<operator type="ALIAS" name="T4"/>
</child>
</operator>
</child>
</operator>
</child>
</operator>
</children>
</operator>
</child>
</operator>
</command>
</plan>
