<?xml version="1.0" encoding="UTF-8"?>
<plan type="dag" cost="1946450.0" control-flow="TOP_DOWN">
<operator type="PROJECT">
<outputs>
<attribute name="c2122" type="java.lang.String"/>
<attribute name="c2132" type="java.math.BigDecimal"/>
<attribute name="c2131" type="java.math.BigDecimal"/>
</outputs>
<project>
<attribute name="c2122" type="java.lang.String"/>
<attribute name="c2132" type="java.math.BigDecimal"/>
<attribute name="c2131" type="java.math.BigDecimal"/>
</project>
<child>
<operator type="DEPENDENT_JOIN" param="0">
<outputs>
<attribute name="c2118" type="java.lang.Integer"/>
<attribute name="c2119" type="java.lang.String"/>
<attribute name="c2120" type="java.lang.String"/>
<attribute name="c2121" type="java.lang.String"/>
<attribute name="c2122" type="java.lang.String"/>
<attribute name="c2123" type="java.lang.Integer"/>
<attribute name="c2124" type="java.lang.String"/>
<attribute name="c2125" type="java.math.BigDecimal"/>
<attribute name="c2126" type="java.lang.String"/>
<attribute name="c2127" type="java.lang.Integer"/>
<attribute name="c2118" type="java.lang.Integer"/>
<attribute name="c2128" type="java.lang.Integer"/>
<attribute name="c2129" type="java.lang.Integer"/>
<attribute name="c2130" type="java.math.BigDecimal"/>
<attribute name="c2131" type="java.math.BigDecimal"/>
<attribute name="c2132" type="java.math.BigDecimal"/>
<attribute name="c2133" type="java.math.BigDecimal"/>
<attribute name="c2134" type="java.lang.String"/>
<attribute name="c2135" type="java.lang.String"/>
<attribute name="c2136" type="java.sql.Date"/>
<attribute name="c2137" type="java.sql.Date"/>
<attribute name="c2138" type="java.lang.String"/>
<attribute name="c2139" type="java.lang.String"/>
<attribute name="c2140" type="java.lang.String"/>
</outputs>
<children>
<operator type="PROJECT">
<outputs>
<attribute name="c2118" type="java.lang.Integer"/>
<attribute name="c2119" type="java.lang.String"/>
<attribute name="c2120" type="java.lang.String"/>
<attribute name="c2121" type="java.lang.String"/>
<attribute name="c2122" type="java.lang.String"/>
<attribute name="c2123" type="java.lang.Integer"/>
<attribute name="c2124" type="java.lang.String"/>
<attribute name="c2125" type="java.math.BigDecimal"/>
<attribute name="c2126" type="java.lang.String"/>
</outputs>
<project>
<attribute name="p_partkey" type="java.lang.Integer"/>
<attribute name="p_name" type="java.lang.String"/>
<attribute name="p_mfgr" type="java.lang.String"/>
<attribute name="p_brand" type="java.lang.String"/>
<attribute name="p_type" type="java.lang.String"/>
<attribute name="p_size" type="java.lang.Integer"/>
<attribute name="p_container" type="java.lang.String"/>
<attribute name="p_retailprice" type="java.math.BigDecimal"/>
<attribute name="p_comment" type="java.lang.String"/>
</project>
<child>
<operator type="ACCESS" relation="part" access-method="m2">
<outputs>
<attribute name="p_partkey" type="java.lang.Integer"/>
<attribute name="p_name" type="java.lang.String"/>
<attribute name="p_mfgr" type="java.lang.String"/>
<attribute name="p_brand" type="java.lang.String"/>
<attribute name="p_type" type="java.lang.String"/>
<attribute name="p_size" type="java.lang.Integer"/>
<attribute name="p_container" type="java.lang.String"/>
<attribute name="p_retailprice" type="java.math.BigDecimal"/>
<attribute name="p_comment" type="java.lang.String"/>
</outputs>
</operator>
</child>
</operator>
<operator type="PROJECT">
<outputs>
<attribute name="c2127" type="java.lang.Integer"/>
<attribute name="c2118" type="java.lang.Integer"/>
<attribute name="c2128" type="java.lang.Integer"/>
<attribute name="c2129" type="java.lang.Integer"/>
<attribute name="c2130" type="java.math.BigDecimal"/>
<attribute name="c2131" type="java.math.BigDecimal"/>
<attribute name="c2132" type="java.math.BigDecimal"/>
<attribute name="c2133" type="java.math.BigDecimal"/>
<attribute name="c2134" type="java.lang.String"/>
<attribute name="c2135" type="java.lang.String"/>
<attribute name="c2136" type="java.sql.Date"/>
<attribute name="c2137" type="java.sql.Date"/>
<attribute name="c2138" type="java.lang.String"/>
<attribute name="c2139" type="java.lang.String"/>
<attribute name="c2140" type="java.lang.String"/>
</outputs>
<project>
<attribute name="l_orderkey" type="java.lang.Integer"/>
<attribute name="l_partkey" type="java.lang.Integer"/>
<attribute name="l_suppkey" type="java.lang.Integer"/>
<attribute name="l_linenumber" type="java.lang.Integer"/>
<attribute name="l_quantity" type="java.math.BigDecimal"/>
<attribute name="l_extendedprice" type="java.math.BigDecimal"/>
<attribute name="l_discount" type="java.math.BigDecimal"/>
<attribute name="l_tax" type="java.math.BigDecimal"/>
<attribute name="l_returnflag" type="java.lang.String"/>
<attribute name="l_linestatus" type="java.lang.String"/>
<attribute name="l_commitdate" type="java.sql.Date"/>
<attribute name="l_receiptdate" type="java.sql.Date"/>
<attribute name="l_shipinstruct" type="java.lang.String"/>
<attribute name="l_shipmode" type="java.lang.String"/>
<attribute name="l_comment" type="java.lang.String"/>
</project>
<child>
<operator type="SELECT">
<outputs>
<attribute name="l_orderkey" type="java.lang.Integer"/>
<attribute name="l_partkey" type="java.lang.Integer"/>
<attribute name="l_suppkey" type="java.lang.Integer"/>
<attribute name="l_linenumber" type="java.lang.Integer"/>
<attribute name="l_quantity" type="java.math.BigDecimal"/>
<attribute name="l_extendedprice" type="java.math.BigDecimal"/>
<attribute name="l_discount" type="java.math.BigDecimal"/>
<attribute name="l_tax" type="java.math.BigDecimal"/>
<attribute name="l_returnflag" type="java.lang.String"/>
<attribute name="l_linestatus" type="java.lang.String"/>
<attribute name="l_shipdate" type="java.sql.Date"/>
<attribute name="l_commitdate" type="java.sql.Date"/>
<attribute name="l_receiptdate" type="java.sql.Date"/>
<attribute name="l_shipinstruct" type="java.lang.String"/>
<attribute name="l_shipmode" type="java.lang.String"/>
<attribute name="l_comment" type="java.lang.String"/>
</outputs>
<conjunction>
<predicate type="equality" left="10" value="1998-01-01"/>
</conjunction>
<child>
<operator type="ACCESS" relation="lineitem" access-method="m10">
<outputs>
<attribute name="l_orderkey" type="java.lang.Integer"/>
<attribute name="l_partkey" type="java.lang.Integer"/>
<attribute name="l_suppkey" type="java.lang.Integer"/>
<attribute name="l_linenumber" type="java.lang.Integer"/>
<attribute name="l_quantity" type="java.math.BigDecimal"/>
<attribute name="l_extendedprice" type="java.math.BigDecimal"/>
<attribute name="l_discount" type="java.math.BigDecimal"/>
<attribute name="l_tax" type="java.math.BigDecimal"/>
<attribute name="l_returnflag" type="java.lang.String"/>
<attribute name="l_linestatus" type="java.lang.String"/>
<attribute name="l_shipdate" type="java.sql.Date"/>
<attribute name="l_commitdate" type="java.sql.Date"/>
<attribute name="l_receiptdate" type="java.sql.Date"/>
<attribute name="l_shipinstruct" type="java.lang.String"/>
<attribute name="l_shipmode" type="java.lang.String"/>
<attribute name="l_comment" type="java.lang.String"/>
</outputs>
</operator>
</child>
</operator>
</child>
</operator>
</children>
</operator>
</child>
</operator>
</plan>
