<?xml version="1.0" encoding="UTF-8"?>
<plan type="dag" cost="1.0" control-flow="TOP_DOWN">
<operator type="PROJECT">
<outputs>
<attribute name="c46" type="java.lang.String"/>
<attribute name="c43" type="java.lang.String"/>
</outputs>
<project>
<attribute name="c46" type="java.lang.String"/>
<attribute name="c43" type="java.lang.String"/>
</project>
<child>
<operator type="PROJECT">
<outputs>
<attribute name="c43" type="java.lang.String"/>
<attribute name="c46" type="java.lang.String"/>
<attribute name="c47" type="java.lang.String"/>
<attribute name="c44" type="java.lang.String"/>
</outputs>
<project>
<attribute name="x0" type="java.lang.String"/>
<attribute name="x2" type="java.lang.String"/>
<attribute name="x3" type="java.lang.String"/>
<attribute name="x4" type="java.lang.String"/>
</project>
<child>
<operator type="ACCESS" relation="V555" access-method="m1">
<outputs>
<attribute name="x0" type="java.lang.String"/>
<attribute name="x2" type="java.lang.String"/>
<attribute name="x3" type="java.lang.String"/>
<attribute name="x4" type="java.lang.String"/>
</outputs>
</operator>
</child>
</operator>
</child>
</operator>
</plan>
