<?xml version="1.0" encoding="UTF-8"?>
<schema>
	<sources>
		<source name="tpch"
			discoverer="uk.ac.ox.cs.pdq.sql.PostgresqlSchemaDiscoverer"
			url="jdbc:postgresql://localhost/" database="tpch_0001" username="root"
			password="root" />
	</sources>
	<relations>
		<relation name="customer" source="tpch">
			<access-method name="mt_4" type="LIMITED" inputs="2,4,6,7,8" cost="1" />
			<access-method name="mt_5" type="LIMITED" inputs="3,4,5,6,7" cost="1" />
			<access-method name="mt_6" type="LIMITED" inputs="2,3,7,8" cost="1" />
			<access-method name="mt_7" type="FREE" cost="1" />
		</relation>
		<relation name="part" source="tpch">
			<access-method name="mt_12" type="LIMITED" inputs="2,7" cost="1" />
			<access-method name="mt_13" type="LIMITED" inputs="3,4,7,8" cost="1" />
			<access-method name="mt_14" type="LIMITED" inputs="2,3,5,6,7,9" cost="1" />
			<access-method name="mt_15" type="FREE" cost="1" />
		</relation>
		<relation name="supplier" source="tpch">
			<access-method name="mt_20" type="LIMITED" inputs="1" cost="1" />
			<access-method name="mt_21" type="LIMITED" inputs="2,3,7" cost="1" />
			<access-method name="mt_22" type="LIMITED" inputs="2,6,7" cost="1" />
			<access-method name="mt_23" type="FREE" cost="1" />
		</relation>
		<relation name="partsupp" source="tpch">
			<access-method name="mt_28" type="LIMITED" inputs="2,4,5" cost="1" />
			<access-method name="mt_29" type="LIMITED" inputs="3" cost="1" />
			<access-method name="mt_30" type="LIMITED" inputs="2,4,5" cost="1" />
			<access-method name="mt_31" type="FREE" cost="1" />
		</relation>
		<relation name="nation" source="tpch">
			<access-method name="mt_36" type="LIMITED" inputs="1" cost="1" />
			<access-method name="mt_37" type="LIMITED" inputs="2,3" cost="1" />
			<access-method name="mt_38" type="LIMITED" inputs="4" cost="1" />
			<access-method name="mt_39" type="FREE" cost="1" />
		</relation>
		<relation name="region" source="tpch">
			<access-method name="mt_44" type="LIMITED" inputs="2,3" cost="1" />
			<access-method name="mt_45" type="LIMITED" inputs="2" cost="1" />
			<access-method name="mt_46" type="LIMITED" inputs="1" cost="1" />
			<access-method name="mt_47" type="FREE" cost="1" />
		</relation>
		<relation name="orders" source="tpch">
			<access-method name="mt_52" type="LIMITED" inputs="2,3,4,5,6,8" cost="1" />
			<access-method name="mt_53" type="LIMITED" inputs="2,3,4,5,6,7" cost="1" />
			<access-method name="mt_54" type="LIMITED" inputs="2,4,8,9" cost="1" />
			<access-method name="mt_55" type="FREE" cost="1" />
		</relation>
		<relation name="lineitem" source="tpch">
			<access-method name="mt_60" type="LIMITED" inputs="2,3,4,7,8,9,10,11,14,15,16" cost="1" />
			<access-method name="mt_61" type="LIMITED" inputs="2,5,6,11,12,13,14,15" cost="1" />
			<access-method name="mt_62" type="LIMITED" inputs="2,7,9,10,11,14,15" cost="1" />
			<access-method name="mt_63" type="FREE" cost="1" />
		</relation>
	</relations>
</schema>
