<?xml version="1.0" encoding="UTF-8"?>
<plan type="linear" cost="785.9" control-flow="BOTTOM_UP">
<command name="T1">
<operator type="CROSS_PRODUCT">
<outputs>
<attribute name="c5758" type="java.lang.Integer"/>
<attribute name="k5765" type="java.lang.String"/>
<attribute name="k5766" type="java.lang.Integer"/>
<attribute name="k5767" type="java.lang.String"/>
<attribute name="c5747" type="java.lang.Integer"/>
<attribute name="c5751" type="java.lang.String"/>
<attribute name="c5752" type="java.lang.Integer"/>
<attribute name="c5753" type="java.lang.String"/>
</outputs>
<children>
<operator type="PROJECT">
<outputs>
<attribute name="c5758" type="java.lang.Integer"/>
<attribute name="k5765" type="java.lang.String"/>
<attribute name="k5766" type="java.lang.Integer"/>
<attribute name="k5767" type="java.lang.String"/>
</outputs>
<project>
<attribute name="n_nationkey" type="java.lang.Integer"/>
<attribute name="n_name" type="java.lang.String"/>
<attribute name="n_regionkey" type="java.lang.Integer"/>
<attribute name="n_comment" type="java.lang.String"/>
</project>
<child>
<operator type="ACCESS" relation="nation" access-method="m10">
<outputs>
<attribute name="n_nationkey" type="java.lang.Integer"/>
<attribute name="n_name" type="java.lang.String"/>
<attribute name="n_regionkey" type="java.lang.Integer"/>
<attribute name="n_comment" type="java.lang.String"/>
</outputs>
</operator>
</child>
</operator>
<operator type="PROJECT">
<outputs>
<attribute name="c5747" type="java.lang.Integer"/>
<attribute name="c5751" type="java.lang.String"/>
<attribute name="c5752" type="java.lang.Integer"/>
<attribute name="c5753" type="java.lang.String"/>
</outputs>
<project>
<attribute name="n_nationkey" type="java.lang.Integer"/>
<attribute name="n_name" type="java.lang.String"/>
<attribute name="n_regionkey" type="java.lang.Integer"/>
<attribute name="n_comment" type="java.lang.String"/>
</project>
<child>
<operator type="ACCESS" relation="nation" access-method="m10">
<outputs>
<attribute name="n_nationkey" type="java.lang.Integer"/>
<attribute name="n_name" type="java.lang.String"/>
<attribute name="n_regionkey" type="java.lang.Integer"/>
<attribute name="n_comment" type="java.lang.String"/>
</outputs>
</operator>
</child>
</operator>
</children>
</operator>
</command>
<command name="T2">
<operator type="JOIN" variant="SYMMETRIC_HASH">
<outputs>
<attribute name="c5758" type="java.lang.Integer"/>
<attribute name="k5765" type="java.lang.String"/>
<attribute name="k5766" type="java.lang.Integer"/>
<attribute name="k5767" type="java.lang.String"/>
<attribute name="c5747" type="java.lang.Integer"/>
<attribute name="c5751" type="java.lang.String"/>
<attribute name="c5752" type="java.lang.Integer"/>
<attribute name="c5753" type="java.lang.String"/>
<attribute name="c5756" type="java.lang.Integer"/>
<attribute name="c5745" type="java.lang.String"/>
<attribute name="c5757" type="java.lang.String"/>
<attribute name="c5758" type="java.lang.Integer"/>
<attribute name="c5759" type="java.lang.String"/>
<attribute name="c5760" type="java.math.BigDecimal"/>
<attribute name="c5761" type="java.lang.String"/>
<attribute name="c5741" type="java.lang.Integer"/>
<attribute name="c5745" type="java.lang.String"/>
<attribute name="c5746" type="java.lang.String"/>
<attribute name="c5747" type="java.lang.Integer"/>
<attribute name="c5748" type="java.lang.String"/>
<attribute name="c5749" type="java.math.BigDecimal"/>
<attribute name="c5750" type="java.lang.String"/>
</outputs>
<conjunction>
<predicate type="equality" left="0" right="11"/>
<predicate type="equality" left="4" right="18"/>
</conjunction>
<children>
<operator type="ALIAS" name="T1"/>
<operator type="JOIN" variant="SYMMETRIC_HASH">
<outputs>
<attribute name="c5756" type="java.lang.Integer"/>
<attribute name="c5745" type="java.lang.String"/>
<attribute name="c5757" type="java.lang.String"/>
<attribute name="c5758" type="java.lang.Integer"/>
<attribute name="c5759" type="java.lang.String"/>
<attribute name="c5760" type="java.math.BigDecimal"/>
<attribute name="c5761" type="java.lang.String"/>
<attribute name="c5741" type="java.lang.Integer"/>
<attribute name="c5745" type="java.lang.String"/>
<attribute name="c5746" type="java.lang.String"/>
<attribute name="c5747" type="java.lang.Integer"/>
<attribute name="c5748" type="java.lang.String"/>
<attribute name="c5749" type="java.math.BigDecimal"/>
<attribute name="c5750" type="java.lang.String"/>
</outputs>
<conjunction>
<predicate type="equality" left="1" right="8"/>
</conjunction>
<children>
<operator type="PROJECT">
<outputs>
<attribute name="c5756" type="java.lang.Integer"/>
<attribute name="c5745" type="java.lang.String"/>
<attribute name="c5757" type="java.lang.String"/>
<attribute name="c5758" type="java.lang.Integer"/>
<attribute name="c5759" type="java.lang.String"/>
<attribute name="c5760" type="java.math.BigDecimal"/>
<attribute name="c5761" type="java.lang.String"/>
</outputs>
<project>
<attribute name="s_suppkey" type="java.lang.Integer"/>
<attribute name="s_name" type="java.lang.String"/>
<attribute name="s_address" type="java.lang.String"/>
<attribute name="s_nationkey" type="java.lang.Integer"/>
<attribute name="s_phone" type="java.lang.String"/>
<attribute name="s_acctbal" type="java.math.BigDecimal"/>
<attribute name="s_comment" type="java.lang.String"/>
</project>
<child>
<operator type="ACCESS" relation="supplier" access-method="m6">
<outputs>
<attribute name="s_suppkey" type="java.lang.Integer"/>
<attribute name="s_name" type="java.lang.String"/>
<attribute name="s_address" type="java.lang.String"/>
<attribute name="s_nationkey" type="java.lang.Integer"/>
<attribute name="s_phone" type="java.lang.String"/>
<attribute name="s_acctbal" type="java.math.BigDecimal"/>
<attribute name="s_comment" type="java.lang.String"/>
</outputs>
</operator>
</child>
</operator>
<operator type="PROJECT">
<outputs>
<attribute name="c5741" type="java.lang.Integer"/>
<attribute name="c5745" type="java.lang.String"/>
<attribute name="c5746" type="java.lang.String"/>
<attribute name="c5747" type="java.lang.Integer"/>
<attribute name="c5748" type="java.lang.String"/>
<attribute name="c5749" type="java.math.BigDecimal"/>
<attribute name="c5750" type="java.lang.String"/>
</outputs>
<project>
<attribute name="s_suppkey" type="java.lang.Integer"/>
<attribute name="s_name" type="java.lang.String"/>
<attribute name="s_address" type="java.lang.String"/>
<attribute name="s_nationkey" type="java.lang.Integer"/>
<attribute name="s_phone" type="java.lang.String"/>
<attribute name="s_acctbal" type="java.math.BigDecimal"/>
<attribute name="s_comment" type="java.lang.String"/>
</project>
<child>
<operator type="ACCESS" relation="supplier" access-method="m6">
<outputs>
<attribute name="s_suppkey" type="java.lang.Integer"/>
<attribute name="s_name" type="java.lang.String"/>
<attribute name="s_address" type="java.lang.String"/>
<attribute name="s_nationkey" type="java.lang.Integer"/>
<attribute name="s_phone" type="java.lang.String"/>
<attribute name="s_acctbal" type="java.math.BigDecimal"/>
<attribute name="s_comment" type="java.lang.String"/>
</outputs>
</operator>
</child>
</operator>
</children>
</operator>
</children>
</operator>
</command>
<command name="T3">
<operator type="JOIN" variant="SYMMETRIC_HASH">
<outputs>
<attribute name="c5758" type="java.lang.Integer"/>
<attribute name="k5765" type="java.lang.String"/>
<attribute name="k5766" type="java.lang.Integer"/>
<attribute name="k5767" type="java.lang.String"/>
<attribute name="c5747" type="java.lang.Integer"/>
<attribute name="c5751" type="java.lang.String"/>
<attribute name="c5752" type="java.lang.Integer"/>
<attribute name="c5753" type="java.lang.String"/>
<attribute name="c5756" type="java.lang.Integer"/>
<attribute name="c5745" type="java.lang.String"/>
<attribute name="c5757" type="java.lang.String"/>
<attribute name="c5758" type="java.lang.Integer"/>
<attribute name="c5759" type="java.lang.String"/>
<attribute name="c5760" type="java.math.BigDecimal"/>
<attribute name="c5761" type="java.lang.String"/>
<attribute name="c5741" type="java.lang.Integer"/>
<attribute name="c5745" type="java.lang.String"/>
<attribute name="c5746" type="java.lang.String"/>
<attribute name="c5747" type="java.lang.Integer"/>
<attribute name="c5748" type="java.lang.String"/>
<attribute name="c5749" type="java.math.BigDecimal"/>
<attribute name="c5750" type="java.lang.String"/>
<attribute name="k5766" type="java.lang.Integer"/>
<attribute name="k5784" type="java.lang.String"/>
<attribute name="k5785" type="java.lang.String"/>
<attribute name="c5752" type="java.lang.Integer"/>
<attribute name="c5754" type="java.lang.String"/>
<attribute name="c5755" type="java.lang.String"/>
</outputs>
<conjunction>
<predicate type="equality" left="2" right="22"/>
<predicate type="equality" left="6" right="25"/>
</conjunction>
<children>
<operator type="ALIAS" name="T2"/>
<operator type="CROSS_PRODUCT">
<outputs>
<attribute name="k5766" type="java.lang.Integer"/>
<attribute name="k5784" type="java.lang.String"/>
<attribute name="k5785" type="java.lang.String"/>
<attribute name="c5752" type="java.lang.Integer"/>
<attribute name="c5754" type="java.lang.String"/>
<attribute name="c5755" type="java.lang.String"/>
</outputs>
<children>
<operator type="PROJECT">
<outputs>
<attribute name="k5766" type="java.lang.Integer"/>
<attribute name="k5784" type="java.lang.String"/>
<attribute name="k5785" type="java.lang.String"/>
</outputs>
<project>
<attribute name="r_regionkey" type="java.lang.Integer"/>
<attribute name="r_name" type="java.lang.String"/>
<attribute name="r_comment" type="java.lang.String"/>
</project>
<child>
<operator type="ACCESS" relation="region" access-method="m12">
<outputs>
<attribute name="r_regionkey" type="java.lang.Integer"/>
<attribute name="r_name" type="java.lang.String"/>
<attribute name="r_comment" type="java.lang.String"/>
</outputs>
</operator>
</child>
</operator>
<operator type="PROJECT">
<outputs>
<attribute name="c5752" type="java.lang.Integer"/>
<attribute name="c5754" type="java.lang.String"/>
<attribute name="c5755" type="java.lang.String"/>
</outputs>
<project>
<attribute name="r_regionkey" type="java.lang.Integer"/>
<attribute name="r_name" type="java.lang.String"/>
<attribute name="r_comment" type="java.lang.String"/>
</project>
<child>
<operator type="ACCESS" relation="region" access-method="m12">
<outputs>
<attribute name="r_regionkey" type="java.lang.Integer"/>
<attribute name="r_name" type="java.lang.String"/>
<attribute name="r_comment" type="java.lang.String"/>
</outputs>
</operator>
</child>
</operator>
</children>
</operator>
</children>
</operator>
</command>
<command name="T4">
<operator type="PROJECT">
<outputs>
<attribute name="c5749" type="java.math.BigDecimal"/>
<attribute name="c5742" type="java.lang.Integer"/>
<attribute name="c5748" type="java.lang.String"/>
<attribute name="c5753" type="java.lang.String"/>
<attribute name="c5746" type="java.lang.String"/>
<attribute name="c5754" type="java.lang.String"/>
</outputs>
<project>
<attribute name="c5749" type="java.math.BigDecimal"/>
<attribute name="c5742" type="java.lang.Integer"/>
<attribute name="c5748" type="java.lang.String"/>
<attribute name="c5753" type="java.lang.String"/>
<attribute name="c5746" type="java.lang.String"/>
<attribute name="c5754" type="java.lang.String"/>
</project>
<child>
<operator type="JOIN" variant="SYMMETRIC_HASH">
<outputs>
<attribute name="c5758" type="java.lang.Integer"/>
<attribute name="k5765" type="java.lang.String"/>
<attribute name="k5766" type="java.lang.Integer"/>
<attribute name="k5767" type="java.lang.String"/>
<attribute name="c5747" type="java.lang.Integer"/>
<attribute name="c5751" type="java.lang.String"/>
<attribute name="c5752" type="java.lang.Integer"/>
<attribute name="c5753" type="java.lang.String"/>
<attribute name="c5756" type="java.lang.Integer"/>
<attribute name="c5745" type="java.lang.String"/>
<attribute name="c5757" type="java.lang.String"/>
<attribute name="c5758" type="java.lang.Integer"/>
<attribute name="c5759" type="java.lang.String"/>
<attribute name="c5760" type="java.math.BigDecimal"/>
<attribute name="c5761" type="java.lang.String"/>
<attribute name="c5741" type="java.lang.Integer"/>
<attribute name="c5745" type="java.lang.String"/>
<attribute name="c5746" type="java.lang.String"/>
<attribute name="c5747" type="java.lang.Integer"/>
<attribute name="c5748" type="java.lang.String"/>
<attribute name="c5749" type="java.math.BigDecimal"/>
<attribute name="c5750" type="java.lang.String"/>
<attribute name="k5766" type="java.lang.Integer"/>
<attribute name="k5784" type="java.lang.String"/>
<attribute name="k5785" type="java.lang.String"/>
<attribute name="c5752" type="java.lang.Integer"/>
<attribute name="c5754" type="java.lang.String"/>
<attribute name="c5755" type="java.lang.String"/>
<attribute name="c5740" type="java.lang.Integer"/>
<attribute name="c5741" type="java.lang.Integer"/>
<attribute name="c5742" type="java.lang.Integer"/>
<attribute name="c5743" type="java.math.BigDecimal"/>
<attribute name="c5744" type="java.lang.String"/>
</outputs>
<conjunction>
<predicate type="equality" left="15" right="29"/>
</conjunction>
<children>
<operator type="ALIAS" name="T3"/>
<operator type="PROJECT">
<outputs>
<attribute name="c5740" type="java.lang.Integer"/>
<attribute name="c5741" type="java.lang.Integer"/>
<attribute name="c5742" type="java.lang.Integer"/>
<attribute name="c5743" type="java.math.BigDecimal"/>
<attribute name="c5744" type="java.lang.String"/>
</outputs>
<project>
<attribute name="ps_partkey" type="java.lang.Integer"/>
<attribute name="ps_suppkey" type="java.lang.Integer"/>
<attribute name="ps_availqty" type="java.lang.Integer"/>
<attribute name="ps_supplycost" type="java.math.BigDecimal"/>
<attribute name="ps_comment" type="java.lang.String"/>
</project>
<child>
<operator type="ACCESS" relation="partsupp" access-method="m8">
<outputs>
<attribute name="ps_partkey" type="java.lang.Integer"/>
<attribute name="ps_suppkey" type="java.lang.Integer"/>
<attribute name="ps_availqty" type="java.lang.Integer"/>
<attribute name="ps_supplycost" type="java.math.BigDecimal"/>
<attribute name="ps_comment" type="java.lang.String"/>
</outputs>
</operator>
</child>
</operator>
</children>
</operator>
</child>
</operator>
</command>
</plan>
