<?xml version="1.0" encoding="UTF-8"?>
<plan type="linear" cost="54.64" control-flow="BOTTOM_UP">
<command name="T1">
<operator type="PROJECT">
<outputs>
<attribute name="c5563" type="java.lang.Integer"/>
<attribute name="k5575" type="java.lang.String"/>
<attribute name="k5576" type="java.lang.String"/>
<attribute name="k5577" type="java.lang.Integer"/>
<attribute name="k5578" type="java.lang.String"/>
<attribute name="k5579" type="java.math.BigDecimal"/>
<attribute name="k5580" type="java.lang.String"/>
</outputs>
<project>
<attribute name="s_suppkey" type="java.lang.Integer"/>
<attribute name="s_name" type="java.lang.String"/>
<attribute name="s_address" type="java.lang.String"/>
<attribute name="s_nationkey" type="java.lang.Integer"/>
<attribute name="s_phone" type="java.lang.String"/>
<attribute name="s_acctbal" type="java.math.BigDecimal"/>
<attribute name="s_comment" type="java.lang.String"/>
</project>
<child>
<operator type="ACCESS" relation="supplier" access-method="m6">
<outputs>
<attribute name="s_suppkey" type="java.lang.Integer"/>
<attribute name="s_name" type="java.lang.String"/>
<attribute name="s_address" type="java.lang.String"/>
<attribute name="s_nationkey" type="java.lang.Integer"/>
<attribute name="s_phone" type="java.lang.String"/>
<attribute name="s_acctbal" type="java.math.BigDecimal"/>
<attribute name="s_comment" type="java.lang.String"/>
</outputs>
</operator>
</child>
</operator>
</command>
<command name="T2">
<operator type="JOIN" variant="SYMMETRIC_HASH">
<outputs>
<attribute name="c5563" type="java.lang.Integer"/>
<attribute name="k5575" type="java.lang.String"/>
<attribute name="k5576" type="java.lang.String"/>
<attribute name="k5577" type="java.lang.Integer"/>
<attribute name="k5578" type="java.lang.String"/>
<attribute name="k5579" type="java.math.BigDecimal"/>
<attribute name="k5580" type="java.lang.String"/>
<attribute name="c5562" type="java.lang.Integer"/>
<attribute name="c5563" type="java.lang.Integer"/>
<attribute name="c5564" type="java.lang.Integer"/>
<attribute name="c5565" type="java.math.BigDecimal"/>
<attribute name="c5566" type="java.lang.String"/>
</outputs>
<conjunction>
<predicate type="equality" left="0" right="8"/>
</conjunction>
<children>
<operator type="ALIAS" name="T1"/>
<operator type="PROJECT">
<outputs>
<attribute name="c5562" type="java.lang.Integer"/>
<attribute name="c5563" type="java.lang.Integer"/>
<attribute name="c5564" type="java.lang.Integer"/>
<attribute name="c5565" type="java.math.BigDecimal"/>
<attribute name="c5566" type="java.lang.String"/>
</outputs>
<project>
<attribute name="ps_partkey" type="java.lang.Integer"/>
<attribute name="ps_suppkey" type="java.lang.Integer"/>
<attribute name="ps_availqty" type="java.lang.Integer"/>
<attribute name="ps_supplycost" type="java.math.BigDecimal"/>
<attribute name="ps_comment" type="java.lang.String"/>
</project>
<child>
<operator type="ACCESS" relation="partsupp" access-method="m8">
<outputs>
<attribute name="ps_partkey" type="java.lang.Integer"/>
<attribute name="ps_suppkey" type="java.lang.Integer"/>
<attribute name="ps_availqty" type="java.lang.Integer"/>
<attribute name="ps_supplycost" type="java.math.BigDecimal"/>
<attribute name="ps_comment" type="java.lang.String"/>
</outputs>
</operator>
</child>
</operator>
</children>
</operator>
</command>
<command name="T3">
<operator type="PROJECT">
<outputs>
<attribute name="c5569" type="java.lang.String"/>
<attribute name="c5571" type="java.lang.Integer"/>
<attribute name="c5574" type="java.lang.String"/>
</outputs>
<project>
<attribute name="c5569" type="java.lang.String"/>
<attribute name="c5571" type="java.lang.Integer"/>
<attribute name="c5574" type="java.lang.String"/>
</project>
<child>
<operator type="JOIN" variant="SYMMETRIC_HASH">
<outputs>
<attribute name="c5563" type="java.lang.Integer"/>
<attribute name="k5575" type="java.lang.String"/>
<attribute name="k5576" type="java.lang.String"/>
<attribute name="k5577" type="java.lang.Integer"/>
<attribute name="k5578" type="java.lang.String"/>
<attribute name="k5579" type="java.math.BigDecimal"/>
<attribute name="k5580" type="java.lang.String"/>
<attribute name="c5562" type="java.lang.Integer"/>
<attribute name="c5563" type="java.lang.Integer"/>
<attribute name="c5564" type="java.lang.Integer"/>
<attribute name="c5565" type="java.math.BigDecimal"/>
<attribute name="c5566" type="java.lang.String"/>
<attribute name="c5562" type="java.lang.Integer"/>
<attribute name="c5567" type="java.lang.String"/>
<attribute name="c5568" type="java.lang.String"/>
<attribute name="c5569" type="java.lang.String"/>
<attribute name="c5570" type="java.lang.String"/>
<attribute name="c5571" type="java.lang.Integer"/>
<attribute name="c5572" type="java.lang.String"/>
<attribute name="c5573" type="java.math.BigDecimal"/>
<attribute name="c5574" type="java.lang.String"/>
</outputs>
<conjunction>
<predicate type="equality" left="7" right="12"/>
</conjunction>
<children>
<operator type="ALIAS" name="T2"/>
<operator type="PROJECT">
<outputs>
<attribute name="c5562" type="java.lang.Integer"/>
<attribute name="c5567" type="java.lang.String"/>
<attribute name="c5568" type="java.lang.String"/>
<attribute name="c5569" type="java.lang.String"/>
<attribute name="c5570" type="java.lang.String"/>
<attribute name="c5571" type="java.lang.Integer"/>
<attribute name="c5572" type="java.lang.String"/>
<attribute name="c5573" type="java.math.BigDecimal"/>
<attribute name="c5574" type="java.lang.String"/>
</outputs>
<project>
<attribute name="p_partkey" type="java.lang.Integer"/>
<attribute name="p_name" type="java.lang.String"/>
<attribute name="p_mfgr" type="java.lang.String"/>
<attribute name="p_brand" type="java.lang.String"/>
<attribute name="p_type" type="java.lang.String"/>
<attribute name="p_size" type="java.lang.Integer"/>
<attribute name="p_container" type="java.lang.String"/>
<attribute name="p_retailprice" type="java.math.BigDecimal"/>
<attribute name="p_comment" type="java.lang.String"/>
</project>
<child>
<operator type="ACCESS" relation="part" access-method="m4">
<outputs>
<attribute name="p_partkey" type="java.lang.Integer"/>
<attribute name="p_name" type="java.lang.String"/>
<attribute name="p_mfgr" type="java.lang.String"/>
<attribute name="p_brand" type="java.lang.String"/>
<attribute name="p_type" type="java.lang.String"/>
<attribute name="p_size" type="java.lang.Integer"/>
<attribute name="p_container" type="java.lang.String"/>
<attribute name="p_retailprice" type="java.math.BigDecimal"/>
<attribute name="p_comment" type="java.lang.String"/>
</outputs>
</operator>
</child>
</operator>
</children>
</operator>
</child>
</operator>
</command>
</plan>
