<?xml version="1.0" encoding="UTF-8"?>
<plan type="linear" cost="2000.0" control-flow="TOP_DOWN">
<command name="T1">
<operator type="PROJECT">
<outputs>
<attribute name="c6474" type="java.lang.Integer"/>
</outputs>
<project>
<attribute name="c6474" type="java.lang.Integer"/>
</project>
<child>
<operator type="PROJECT">
<outputs>
<attribute name="c6474" type="java.lang.Integer"/>
<attribute name="c6475" type="java.lang.String"/>
<attribute name="c6476" type="java.lang.String"/>
<attribute name="c6477" type="java.lang.String"/>
<attribute name="c6478" type="java.lang.String"/>
<attribute name="c6479" type="java.lang.Integer"/>
<attribute name="c6480" type="java.lang.String"/>
<attribute name="c6481" type="java.math.BigDecimal"/>
<attribute name="c6482" type="java.lang.String"/>
</outputs>
<project>
<attribute name="p_partkey" type="java.lang.Integer"/>
<attribute name="p_name" type="java.lang.String"/>
<attribute name="p_mfgr" type="java.lang.String"/>
<attribute name="p_brand" type="java.lang.String"/>
<attribute name="p_type" type="java.lang.String"/>
<attribute name="p_size" type="java.lang.Integer"/>
<attribute name="p_container" type="java.lang.String"/>
<attribute name="p_retailprice" type="java.math.BigDecimal"/>
<attribute name="p_comment" type="java.lang.String"/>
</project>
<child>
<operator type="ACCESS" relation="part" access-method="m4">
<outputs>
<attribute name="p_partkey" type="java.lang.Integer"/>
<attribute name="p_name" type="java.lang.String"/>
<attribute name="p_mfgr" type="java.lang.String"/>
<attribute name="p_brand" type="java.lang.String"/>
<attribute name="p_type" type="java.lang.String"/>
<attribute name="p_size" type="java.lang.Integer"/>
<attribute name="p_container" type="java.lang.String"/>
<attribute name="p_retailprice" type="java.math.BigDecimal"/>
<attribute name="p_comment" type="java.lang.String"/>
</outputs>
</operator>
</child>
</operator>
</child>
</operator>
</command>
</plan>
