<?xml version="1.0" encoding="UTF-8"?>
<plan type="dag" cost="150.0" control-flow="TOP_DOWN">
<operator type="DEPENDENT_JOIN" param="2">
<outputs>
<attribute name="c2549" type="java.lang.String"/>
<attribute name="c2550" type="java.lang.String"/>
<attribute name="c2551" type="java.lang.Integer"/>
<attribute name="c2553" type="java.math.BigDecimal"/>
<attribute name="c2531" type="java.lang.String"/>
<attribute name="k2589" type="java.lang.String"/>
<attribute name="k2591" type="java.lang.String"/>
<attribute name="k2592" type="java.lang.String"/>
<attribute name="c2538" type="java.math.BigDecimal"/>
<attribute name="c2539" type="java.math.BigDecimal"/>
<attribute name="c2540" type="java.math.BigDecimal"/>
<attribute name="c2541" type="java.lang.String"/>
<attribute name="c2551" type="java.lang.Integer"/>
<attribute name="c2556" type="java.lang.String"/>
<attribute name="c2557" type="java.lang.Integer"/>
</outputs>
<children>
<operator type="PROJECT">
<outputs>
<attribute name="c2549" type="java.lang.String"/>
<attribute name="c2550" type="java.lang.String"/>
<attribute name="c2551" type="java.lang.Integer"/>
<attribute name="c2553" type="java.math.BigDecimal"/>
<attribute name="c2531" type="java.lang.String"/>
<attribute name="k2589" type="java.lang.String"/>
<attribute name="k2591" type="java.lang.String"/>
<attribute name="k2592" type="java.lang.String"/>
<attribute name="c2538" type="java.math.BigDecimal"/>
<attribute name="c2539" type="java.math.BigDecimal"/>
<attribute name="c2540" type="java.math.BigDecimal"/>
<attribute name="c2541" type="java.lang.String"/>
</outputs>
<project>
<attribute name="cname" type="java.lang.String"/>
<attribute name="caddress" type="java.lang.String"/>
<attribute name="cnation" type="java.lang.Integer"/>
<attribute name="cactbal" type="java.math.BigDecimal"/>
<attribute name="oclerk" type="java.lang.String"/>
<attribute name="pname" type="java.lang.String"/>
<attribute name="pbrand" type="java.lang.String"/>
<attribute name="ptype" type="java.lang.String"/>
<attribute name="lextendedprice" type="java.math.BigDecimal"/>
<attribute name="ldiscount" type="java.math.BigDecimal"/>
<attribute name="ltax" type="java.math.BigDecimal"/>
<attribute name="lflag" type="java.lang.String"/>
</project>
<child>
<operator type="SELECT">
<outputs>
<attribute name="cname" type="java.lang.String"/>
<attribute name="caddress" type="java.lang.String"/>
<attribute name="cnation" type="java.lang.Integer"/>
<attribute name="cactbal" type="java.math.BigDecimal"/>
<attribute name="opriority" type="java.lang.String"/>
<attribute name="oclerk" type="java.lang.String"/>
<attribute name="pname" type="java.lang.String"/>
<attribute name="pbrand" type="java.lang.String"/>
<attribute name="ptype" type="java.lang.String"/>
<attribute name="lextendedprice" type="java.math.BigDecimal"/>
<attribute name="ldiscount" type="java.math.BigDecimal"/>
<attribute name="ltax" type="java.math.BigDecimal"/>
<attribute name="lflag" type="java.lang.String"/>
</outputs>
<conjunction>
<predicate type="equality" left="4" value="1-URGENT"/>
</conjunction>
<child>
<operator type="ACCESS" relation="order_customer" access-method="m16">
<outputs>
<attribute name="cname" type="java.lang.String"/>
<attribute name="caddress" type="java.lang.String"/>
<attribute name="cnation" type="java.lang.Integer"/>
<attribute name="cactbal" type="java.math.BigDecimal"/>
<attribute name="opriority" type="java.lang.String"/>
<attribute name="oclerk" type="java.lang.String"/>
<attribute name="pname" type="java.lang.String"/>
<attribute name="pbrand" type="java.lang.String"/>
<attribute name="ptype" type="java.lang.String"/>
<attribute name="lextendedprice" type="java.math.BigDecimal"/>
<attribute name="ldiscount" type="java.math.BigDecimal"/>
<attribute name="ltax" type="java.math.BigDecimal"/>
<attribute name="lflag" type="java.lang.String"/>
</outputs>
</operator>
</child>
</operator>
</child>
</operator>
<operator type="PROJECT">
<outputs>
<attribute name="c2551" type="java.lang.Integer"/>
<attribute name="c2556" type="java.lang.String"/>
<attribute name="c2557" type="java.lang.Integer"/>
</outputs>
<project>
<attribute name="nation_key" type="java.lang.Integer"/>
<attribute name="nation_name" type="java.lang.String"/>
<attribute name="region_key" type="java.lang.Integer"/>
</project>
<child>
<operator type="SELECT">
<outputs>
<attribute name="nation_key" type="java.lang.Integer"/>
<attribute name="nation_name" type="java.lang.String"/>
<attribute name="region_key" type="java.lang.Integer"/>
<attribute name="region_name" type="java.lang.String"/>
</outputs>
<conjunction>
<predicate type="equality" left="3" value="AMERICA"/>
</conjunction>
<child>
<operator type="ACCESS" relation="region_nation" access-method="m21">
<outputs>
<attribute name="nation_key" type="java.lang.Integer"/>
<attribute name="nation_name" type="java.lang.String"/>
<attribute name="region_key" type="java.lang.Integer"/>
<attribute name="region_name" type="java.lang.String"/>
</outputs>
</operator>
</child>
</operator>
</child>
</operator>
</children>
</operator>
</plan>
