<?xml version="1.0" encoding="UTF-8"?>
<plan type="linear" cost="45.0" control-flow="TOP_DOWN">
<command name="T1">
<operator type="CROSS_PRODUCT">
<outputs>
<attribute name="k1811" type="java.lang.Integer"/>
<attribute name="k1829" type="java.lang.String"/>
<attribute name="k1830" type="java.lang.String"/>
<attribute name="c1799" type="java.lang.Integer"/>
<attribute name="c1801" type="java.lang.String"/>
</outputs>
<children>
<operator type="PROJECT">
<outputs>
<attribute name="k1811" type="java.lang.Integer"/>
<attribute name="k1829" type="java.lang.String"/>
<attribute name="k1830" type="java.lang.String"/>
</outputs>
<project>
<attribute name="r_regionkey" type="java.lang.Integer"/>
<attribute name="r_name" type="java.lang.String"/>
<attribute name="r_comment" type="java.lang.String"/>
</project>
<child>
<operator type="ACCESS" relation="region" access-method="m12">
<outputs>
<attribute name="r_regionkey" type="java.lang.Integer"/>
<attribute name="r_name" type="java.lang.String"/>
<attribute name="r_comment" type="java.lang.String"/>
</outputs>
</operator>
</child>
</operator>
<operator type="PROJECT">
<outputs>
<attribute name="c1799" type="java.lang.Integer"/>
<attribute name="c1801" type="java.lang.String"/>
</outputs>
<project>
<attribute name="r_regionkey" type="java.lang.Integer"/>
<attribute name="r_comment" type="java.lang.String"/>
</project>
<child>
<operator type="SELECT">
<outputs>
<attribute name="r_regionkey" type="java.lang.Integer"/>
<attribute name="r_name" type="java.lang.String"/>
<attribute name="r_comment" type="java.lang.String"/>
</outputs>
<conjunction>
<predicate type="equality" left="1" value="AMERICA"/>
</conjunction>
<child>
<operator type="ACCESS" relation="region" access-method="m12">
<outputs>
<attribute name="r_regionkey" type="java.lang.Integer"/>
<attribute name="r_name" type="java.lang.String"/>
<attribute name="r_comment" type="java.lang.String"/>
</outputs>
</operator>
</child>
</operator>
</child>
</operator>
</children>
</operator>
</command>
<command name="T2">
<operator type="JOIN" variant="SYMMETRIC_HASH">
<outputs>
<attribute name="k1811" type="java.lang.Integer"/>
<attribute name="k1829" type="java.lang.String"/>
<attribute name="k1830" type="java.lang.String"/>
<attribute name="c1799" type="java.lang.Integer"/>
<attribute name="c1801" type="java.lang.String"/>
<attribute name="c1804" type="java.lang.Integer"/>
<attribute name="k1810" type="java.lang.String"/>
<attribute name="k1811" type="java.lang.Integer"/>
<attribute name="k1812" type="java.lang.String"/>
<attribute name="c1794" type="java.lang.Integer"/>
<attribute name="c1798" type="java.lang.String"/>
<attribute name="c1799" type="java.lang.Integer"/>
<attribute name="c1800" type="java.lang.String"/>
</outputs>
<conjunction>
<predicate type="equality" left="0" right="7"/>
<predicate type="equality" left="3" right="11"/>
</conjunction>
<children>
<operator type="ALIAS" name="T1"/>
<operator type="CROSS_PRODUCT">
<outputs>
<attribute name="c1804" type="java.lang.Integer"/>
<attribute name="k1810" type="java.lang.String"/>
<attribute name="k1811" type="java.lang.Integer"/>
<attribute name="k1812" type="java.lang.String"/>
<attribute name="c1794" type="java.lang.Integer"/>
<attribute name="c1798" type="java.lang.String"/>
<attribute name="c1799" type="java.lang.Integer"/>
<attribute name="c1800" type="java.lang.String"/>
</outputs>
<children>
<operator type="PROJECT">
<outputs>
<attribute name="c1804" type="java.lang.Integer"/>
<attribute name="k1810" type="java.lang.String"/>
<attribute name="k1811" type="java.lang.Integer"/>
<attribute name="k1812" type="java.lang.String"/>
</outputs>
<project>
<attribute name="n_nationkey" type="java.lang.Integer"/>
<attribute name="n_name" type="java.lang.String"/>
<attribute name="n_regionkey" type="java.lang.Integer"/>
<attribute name="n_comment" type="java.lang.String"/>
</project>
<child>
<operator type="ACCESS" relation="nation" access-method="m10">
<outputs>
<attribute name="n_nationkey" type="java.lang.Integer"/>
<attribute name="n_name" type="java.lang.String"/>
<attribute name="n_regionkey" type="java.lang.Integer"/>
<attribute name="n_comment" type="java.lang.String"/>
</outputs>
</operator>
</child>
</operator>
<operator type="PROJECT">
<outputs>
<attribute name="c1794" type="java.lang.Integer"/>
<attribute name="c1798" type="java.lang.String"/>
<attribute name="c1799" type="java.lang.Integer"/>
<attribute name="c1800" type="java.lang.String"/>
</outputs>
<project>
<attribute name="n_nationkey" type="java.lang.Integer"/>
<attribute name="n_name" type="java.lang.String"/>
<attribute name="n_regionkey" type="java.lang.Integer"/>
<attribute name="n_comment" type="java.lang.String"/>
</project>
<child>
<operator type="ACCESS" relation="nation" access-method="m10">
<outputs>
<attribute name="n_nationkey" type="java.lang.Integer"/>
<attribute name="n_name" type="java.lang.String"/>
<attribute name="n_regionkey" type="java.lang.Integer"/>
<attribute name="n_comment" type="java.lang.String"/>
</outputs>
</operator>
</child>
</operator>
</children>
</operator>
</children>
</operator>
</command>
<command name="T3">
<operator type="JOIN" variant="SYMMETRIC_HASH">
<outputs>
<attribute name="k1811" type="java.lang.Integer"/>
<attribute name="k1829" type="java.lang.String"/>
<attribute name="k1830" type="java.lang.String"/>
<attribute name="c1799" type="java.lang.Integer"/>
<attribute name="c1801" type="java.lang.String"/>
<attribute name="c1804" type="java.lang.Integer"/>
<attribute name="k1810" type="java.lang.String"/>
<attribute name="k1811" type="java.lang.Integer"/>
<attribute name="k1812" type="java.lang.String"/>
<attribute name="c1794" type="java.lang.Integer"/>
<attribute name="c1798" type="java.lang.String"/>
<attribute name="c1799" type="java.lang.Integer"/>
<attribute name="c1800" type="java.lang.String"/>
<attribute name="c1802" type="java.lang.Integer"/>
<attribute name="c1792" type="java.lang.String"/>
<attribute name="c1803" type="java.lang.String"/>
<attribute name="c1804" type="java.lang.Integer"/>
<attribute name="c1805" type="java.lang.String"/>
<attribute name="c1806" type="java.lang.String"/>
<attribute name="c1789" type="java.lang.Integer"/>
<attribute name="c1792" type="java.lang.String"/>
<attribute name="c1793" type="java.lang.String"/>
<attribute name="c1794" type="java.lang.Integer"/>
<attribute name="c1795" type="java.lang.String"/>
<attribute name="c1796" type="java.math.BigDecimal"/>
<attribute name="c1797" type="java.lang.String"/>
</outputs>
<conjunction>
<predicate type="equality" left="5" right="16"/>
<predicate type="equality" left="9" right="22"/>
</conjunction>
<children>
<operator type="ALIAS" name="T2"/>
<operator type="JOIN" variant="SYMMETRIC_HASH">
<outputs>
<attribute name="c1802" type="java.lang.Integer"/>
<attribute name="c1792" type="java.lang.String"/>
<attribute name="c1803" type="java.lang.String"/>
<attribute name="c1804" type="java.lang.Integer"/>
<attribute name="c1805" type="java.lang.String"/>
<attribute name="c1806" type="java.lang.String"/>
<attribute name="c1789" type="java.lang.Integer"/>
<attribute name="c1792" type="java.lang.String"/>
<attribute name="c1793" type="java.lang.String"/>
<attribute name="c1794" type="java.lang.Integer"/>
<attribute name="c1795" type="java.lang.String"/>
<attribute name="c1796" type="java.math.BigDecimal"/>
<attribute name="c1797" type="java.lang.String"/>
</outputs>
<conjunction>
<predicate type="equality" left="1" right="7"/>
</conjunction>
<children>
<operator type="PROJECT">
<outputs>
<attribute name="c1802" type="java.lang.Integer"/>
<attribute name="c1792" type="java.lang.String"/>
<attribute name="c1803" type="java.lang.String"/>
<attribute name="c1804" type="java.lang.Integer"/>
<attribute name="c1805" type="java.lang.String"/>
<attribute name="c1806" type="java.lang.String"/>
</outputs>
<project>
<attribute name="s_suppkey" type="java.lang.Integer"/>
<attribute name="s_name" type="java.lang.String"/>
<attribute name="s_address" type="java.lang.String"/>
<attribute name="s_nationkey" type="java.lang.Integer"/>
<attribute name="s_phone" type="java.lang.String"/>
<attribute name="s_comment" type="java.lang.String"/>
</project>
<child>
<operator type="SELECT">
<outputs>
<attribute name="s_suppkey" type="java.lang.Integer"/>
<attribute name="s_name" type="java.lang.String"/>
<attribute name="s_address" type="java.lang.String"/>
<attribute name="s_nationkey" type="java.lang.Integer"/>
<attribute name="s_phone" type="java.lang.String"/>
<attribute name="s_acctbal" type="java.math.BigDecimal"/>
<attribute name="s_comment" type="java.lang.String"/>
</outputs>
<conjunction>
<predicate type="equality" left="5" value="5755.94"/>
</conjunction>
<child>
<operator type="ACCESS" relation="supplier" access-method="m6">
<outputs>
<attribute name="s_suppkey" type="java.lang.Integer"/>
<attribute name="s_name" type="java.lang.String"/>
<attribute name="s_address" type="java.lang.String"/>
<attribute name="s_nationkey" type="java.lang.Integer"/>
<attribute name="s_phone" type="java.lang.String"/>
<attribute name="s_acctbal" type="java.math.BigDecimal"/>
<attribute name="s_comment" type="java.lang.String"/>
</outputs>
</operator>
</child>
</operator>
</child>
</operator>
<operator type="PROJECT">
<outputs>
<attribute name="c1789" type="java.lang.Integer"/>
<attribute name="c1792" type="java.lang.String"/>
<attribute name="c1793" type="java.lang.String"/>
<attribute name="c1794" type="java.lang.Integer"/>
<attribute name="c1795" type="java.lang.String"/>
<attribute name="c1796" type="java.math.BigDecimal"/>
<attribute name="c1797" type="java.lang.String"/>
</outputs>
<project>
<attribute name="s_suppkey" type="java.lang.Integer"/>
<attribute name="s_name" type="java.lang.String"/>
<attribute name="s_address" type="java.lang.String"/>
<attribute name="s_nationkey" type="java.lang.Integer"/>
<attribute name="s_phone" type="java.lang.String"/>
<attribute name="s_acctbal" type="java.math.BigDecimal"/>
<attribute name="s_comment" type="java.lang.String"/>
</project>
<child>
<operator type="ACCESS" relation="supplier" access-method="m6">
<outputs>
<attribute name="s_suppkey" type="java.lang.Integer"/>
<attribute name="s_name" type="java.lang.String"/>
<attribute name="s_address" type="java.lang.String"/>
<attribute name="s_nationkey" type="java.lang.Integer"/>
<attribute name="s_phone" type="java.lang.String"/>
<attribute name="s_acctbal" type="java.math.BigDecimal"/>
<attribute name="s_comment" type="java.lang.String"/>
</outputs>
</operator>
</child>
</operator>
</children>
</operator>
</children>
</operator>
</command>
<command name="T4">
<operator type="CROSS_PRODUCT">
<outputs>
<attribute name="k1811" type="java.lang.Integer"/>
<attribute name="k1829" type="java.lang.String"/>
<attribute name="k1830" type="java.lang.String"/>
<attribute name="c1799" type="java.lang.Integer"/>
<attribute name="c1801" type="java.lang.String"/>
<attribute name="c1804" type="java.lang.Integer"/>
<attribute name="k1810" type="java.lang.String"/>
<attribute name="k1811" type="java.lang.Integer"/>
<attribute name="k1812" type="java.lang.String"/>
<attribute name="c1794" type="java.lang.Integer"/>
<attribute name="c1798" type="java.lang.String"/>
<attribute name="c1799" type="java.lang.Integer"/>
<attribute name="c1800" type="java.lang.String"/>
<attribute name="c1802" type="java.lang.Integer"/>
<attribute name="c1792" type="java.lang.String"/>
<attribute name="c1803" type="java.lang.String"/>
<attribute name="c1804" type="java.lang.Integer"/>
<attribute name="c1805" type="java.lang.String"/>
<attribute name="c1806" type="java.lang.String"/>
<attribute name="c1789" type="java.lang.Integer"/>
<attribute name="c1792" type="java.lang.String"/>
<attribute name="c1793" type="java.lang.String"/>
<attribute name="c1794" type="java.lang.Integer"/>
<attribute name="c1795" type="java.lang.String"/>
<attribute name="c1796" type="java.math.BigDecimal"/>
<attribute name="c1797" type="java.lang.String"/>
<attribute name="c1788" type="java.lang.Integer"/>
<attribute name="k1819" type="java.lang.String"/>
<attribute name="k1820" type="java.lang.String"/>
<attribute name="k1821" type="java.lang.String"/>
<attribute name="k1822" type="java.lang.String"/>
<attribute name="k1823" type="java.lang.Integer"/>
<attribute name="k1824" type="java.lang.String"/>
<attribute name="k1825" type="java.math.BigDecimal"/>
<attribute name="k1826" type="java.lang.String"/>
</outputs>
<children>
<operator type="ALIAS" name="T3"/>
<operator type="PROJECT">
<outputs>
<attribute name="c1788" type="java.lang.Integer"/>
<attribute name="k1819" type="java.lang.String"/>
<attribute name="k1820" type="java.lang.String"/>
<attribute name="k1821" type="java.lang.String"/>
<attribute name="k1822" type="java.lang.String"/>
<attribute name="k1823" type="java.lang.Integer"/>
<attribute name="k1824" type="java.lang.String"/>
<attribute name="k1825" type="java.math.BigDecimal"/>
<attribute name="k1826" type="java.lang.String"/>
</outputs>
<project>
<attribute name="p_partkey" type="java.lang.Integer"/>
<attribute name="p_name" type="java.lang.String"/>
<attribute name="p_mfgr" type="java.lang.String"/>
<attribute name="p_brand" type="java.lang.String"/>
<attribute name="p_type" type="java.lang.String"/>
<attribute name="p_size" type="java.lang.Integer"/>
<attribute name="p_container" type="java.lang.String"/>
<attribute name="p_retailprice" type="java.math.BigDecimal"/>
<attribute name="p_comment" type="java.lang.String"/>
</project>
<child>
<operator type="ACCESS" relation="part" access-method="m4">
<outputs>
<attribute name="p_partkey" type="java.lang.Integer"/>
<attribute name="p_name" type="java.lang.String"/>
<attribute name="p_mfgr" type="java.lang.String"/>
<attribute name="p_brand" type="java.lang.String"/>
<attribute name="p_type" type="java.lang.String"/>
<attribute name="p_size" type="java.lang.Integer"/>
<attribute name="p_container" type="java.lang.String"/>
<attribute name="p_retailprice" type="java.math.BigDecimal"/>
<attribute name="p_comment" type="java.lang.String"/>
</outputs>
</operator>
</child>
</operator>
</children>
</operator>
</command>
<command name="T5">
<operator type="PROJECT">
<outputs>
<attribute name="c1796" type="java.math.BigDecimal"/>
<attribute name="c1795" type="java.lang.String"/>
<attribute name="c1800" type="java.lang.String"/>
<attribute name="c1793" type="java.lang.String"/>
</outputs>
<project>
<attribute name="c1796" type="java.math.BigDecimal"/>
<attribute name="c1795" type="java.lang.String"/>
<attribute name="c1800" type="java.lang.String"/>
<attribute name="c1793" type="java.lang.String"/>
</project>
<child>
<operator type="DEPENDENT_JOIN" param="26">
<outputs>
<attribute name="k1811" type="java.lang.Integer"/>
<attribute name="k1829" type="java.lang.String"/>
<attribute name="k1830" type="java.lang.String"/>
<attribute name="c1799" type="java.lang.Integer"/>
<attribute name="c1801" type="java.lang.String"/>
<attribute name="c1804" type="java.lang.Integer"/>
<attribute name="k1810" type="java.lang.String"/>
<attribute name="k1811" type="java.lang.Integer"/>
<attribute name="k1812" type="java.lang.String"/>
<attribute name="c1794" type="java.lang.Integer"/>
<attribute name="c1798" type="java.lang.String"/>
<attribute name="c1799" type="java.lang.Integer"/>
<attribute name="c1800" type="java.lang.String"/>
<attribute name="c1802" type="java.lang.Integer"/>
<attribute name="c1792" type="java.lang.String"/>
<attribute name="c1803" type="java.lang.String"/>
<attribute name="c1804" type="java.lang.Integer"/>
<attribute name="c1805" type="java.lang.String"/>
<attribute name="c1806" type="java.lang.String"/>
<attribute name="c1789" type="java.lang.Integer"/>
<attribute name="c1792" type="java.lang.String"/>
<attribute name="c1793" type="java.lang.String"/>
<attribute name="c1794" type="java.lang.Integer"/>
<attribute name="c1795" type="java.lang.String"/>
<attribute name="c1796" type="java.math.BigDecimal"/>
<attribute name="c1797" type="java.lang.String"/>
<attribute name="c1788" type="java.lang.Integer"/>
<attribute name="k1819" type="java.lang.String"/>
<attribute name="k1820" type="java.lang.String"/>
<attribute name="k1821" type="java.lang.String"/>
<attribute name="k1822" type="java.lang.String"/>
<attribute name="k1823" type="java.lang.Integer"/>
<attribute name="k1824" type="java.lang.String"/>
<attribute name="k1825" type="java.math.BigDecimal"/>
<attribute name="k1826" type="java.lang.String"/>
<attribute name="c1788" type="java.lang.Integer"/>
<attribute name="c1789" type="java.lang.Integer"/>
<attribute name="c1790" type="java.math.BigDecimal"/>
<attribute name="c1791" type="java.lang.String"/>
</outputs>
<children>
<operator type="ALIAS" name="T4"/>
<operator type="PROJECT">
<outputs>
<attribute name="c1788" type="java.lang.Integer"/>
<attribute name="c1789" type="java.lang.Integer"/>
<attribute name="c1790" type="java.math.BigDecimal"/>
<attribute name="c1791" type="java.lang.String"/>
</outputs>
<project>
<attribute name="ps_partkey" type="java.lang.Integer"/>
<attribute name="ps_suppkey" type="java.lang.Integer"/>
<attribute name="ps_supplycost" type="java.math.BigDecimal"/>
<attribute name="ps_comment" type="java.lang.String"/>
</project>
<child>
<operator type="SELECT">
<outputs>
<attribute name="ps_partkey" type="java.lang.Integer"/>
<attribute name="ps_suppkey" type="java.lang.Integer"/>
<attribute name="ps_availqty" type="java.lang.Integer"/>
<attribute name="ps_supplycost" type="java.math.BigDecimal"/>
<attribute name="ps_comment" type="java.lang.String"/>
</outputs>
<conjunction>
<predicate type="equality" left="2" value="7340"/>
</conjunction>
<child>
<operator type="ACCESS" relation="partsupp" access-method="m9">
<outputs>
<attribute name="ps_partkey" type="java.lang.Integer"/>
<attribute name="ps_suppkey" type="java.lang.Integer"/>
<attribute name="ps_availqty" type="java.lang.Integer"/>
<attribute name="ps_supplycost" type="java.math.BigDecimal"/>
<attribute name="ps_comment" type="java.lang.String"/>
</outputs>
<static-input>
<input attribute="2" value="7340" type="java.lang.Integer"/>
</static-input>
</operator>
</child>
</operator>
</child>
</operator>
</children>
</operator>
</child>
</operator>
</command>
</plan>
