<?xml version="1.0" encoding="UTF-8"?>
<plan type="linear" cost="1177.0" control-flow="TOP_DOWN">
<command name="T1">
<operator type="JOIN" variant="SYMMETRIC_HASH">
<outputs>
<attribute name="c4894" type="java.lang.String"/>
<attribute name="c4894" type="java.lang.String"/>
<attribute name="c4894" type="java.lang.String"/>
<attribute name="c4895" type="java.lang.String"/>
<attribute name="c4893" type="java.lang.String"/>
<attribute name="c4894" type="java.lang.String"/>
<attribute name="c4895" type="java.lang.String"/>
<attribute name="k4896" type="java.lang.String"/>
<attribute name="c4895" type="java.lang.String"/>
</outputs>
<conjunction>
<predicate type="equality" left="3" right="6"/>
</conjunction>
<children>
<operator type="JOIN" variant="SYMMETRIC_HASH">
<outputs>
<attribute name="c4894" type="java.lang.String"/>
<attribute name="c4894" type="java.lang.String"/>
<attribute name="c4894" type="java.lang.String"/>
<attribute name="c4895" type="java.lang.String"/>
<attribute name="c4893" type="java.lang.String"/>
<attribute name="c4894" type="java.lang.String"/>
</outputs>
<conjunction>
<predicate type="equality" left="0" right="5"/>
</conjunction>
<children>
<operator type="PROJECT">
<outputs>
<attribute name="c4894" type="java.lang.String"/>
<attribute name="c4894" type="java.lang.String"/>
<attribute name="c4894" type="java.lang.String"/>
</outputs>
<project>
<attribute name="x0" type="java.lang.String"/>
<attribute name="x1" type="java.lang.String"/>
<attribute name="x2" type="java.lang.String"/>
</project>
<child>
<operator type="SELECT">
<outputs>
<attribute name="x0" type="java.lang.String"/>
<attribute name="x1" type="java.lang.String"/>
<attribute name="x2" type="java.lang.String"/>
</outputs>
<conjunction>
<predicate type="equality" left="0" right="1"/>
<predicate type="equality" left="0" right="2"/>
<predicate type="equality" left="1" right="2"/>
</conjunction>
<child>
<operator type="ACCESS" relation="R4" access-method="mt_9">
<outputs>
<attribute name="x0" type="java.lang.String"/>
<attribute name="x1" type="java.lang.String"/>
<attribute name="x2" type="java.lang.String"/>
</outputs>
</operator>
</child>
</operator>
</child>
</operator>
<operator type="PROJECT">
<outputs>
<attribute name="c4895" type="java.lang.String"/>
<attribute name="c4893" type="java.lang.String"/>
<attribute name="c4894" type="java.lang.String"/>
</outputs>
<project>
<attribute name="x0" type="java.lang.String"/>
<attribute name="x1" type="java.lang.String"/>
<attribute name="x2" type="java.lang.String"/>
</project>
<child>
<operator type="ACCESS" relation="R4" access-method="mt_9">
<outputs>
<attribute name="x0" type="java.lang.String"/>
<attribute name="x1" type="java.lang.String"/>
<attribute name="x2" type="java.lang.String"/>
</outputs>
</operator>
</child>
</operator>
</children>
</operator>
<operator type="PROJECT">
<outputs>
<attribute name="c4895" type="java.lang.String"/>
<attribute name="k4896" type="java.lang.String"/>
<attribute name="c4895" type="java.lang.String"/>
</outputs>
<project>
<attribute name="x0" type="java.lang.String"/>
<attribute name="x1" type="java.lang.String"/>
<attribute name="x2" type="java.lang.String"/>
</project>
<child>
<operator type="SELECT">
<outputs>
<attribute name="x0" type="java.lang.String"/>
<attribute name="x1" type="java.lang.String"/>
<attribute name="x2" type="java.lang.String"/>
</outputs>
<conjunction>
<predicate type="equality" left="0" right="2"/>
</conjunction>
<child>
<operator type="ACCESS" relation="R4" access-method="mt_9">
<outputs>
<attribute name="x0" type="java.lang.String"/>
<attribute name="x1" type="java.lang.String"/>
<attribute name="x2" type="java.lang.String"/>
</outputs>
</operator>
</child>
</operator>
</child>
</operator>
</children>
</operator>
</command>
<command name="T2">
<operator type="DEPENDENT_JOIN" param="0">
<outputs>
<attribute name="c4894" type="java.lang.String"/>
<attribute name="c4894" type="java.lang.String"/>
<attribute name="c4894" type="java.lang.String"/>
<attribute name="c4895" type="java.lang.String"/>
<attribute name="c4893" type="java.lang.String"/>
<attribute name="c4894" type="java.lang.String"/>
<attribute name="c4895" type="java.lang.String"/>
<attribute name="k4896" type="java.lang.String"/>
<attribute name="c4895" type="java.lang.String"/>
<attribute name="c4894" type="java.lang.String"/>
<attribute name="c4893" type="java.lang.String"/>
</outputs>
<children>
<operator type="ALIAS" name="T1"/>
<operator type="PROJECT">
<outputs>
<attribute name="c4894" type="java.lang.String"/>
<attribute name="c4893" type="java.lang.String"/>
</outputs>
<project>
<attribute name="x0" type="java.lang.String"/>
<attribute name="x1" type="java.lang.String"/>
</project>
<child>
<operator type="ACCESS" relation="R1" access-method="mt_2">
<outputs>
<attribute name="x0" type="java.lang.String"/>
<attribute name="x1" type="java.lang.String"/>
</outputs>
</operator>
</child>
</operator>
</children>
</operator>
</command>
<command name="T3">
<operator type="PROJECT">
<outputs>
<attribute name="c4895" type="java.lang.String"/>
</outputs>
<project>
<attribute name="c4895" type="java.lang.String"/>
</project>
<child>
<operator type="DEPENDENT_JOIN" param="4,0">
<outputs>
<attribute name="c4894" type="java.lang.String"/>
<attribute name="c4894" type="java.lang.String"/>
<attribute name="c4894" type="java.lang.String"/>
<attribute name="c4895" type="java.lang.String"/>
<attribute name="c4893" type="java.lang.String"/>
<attribute name="c4894" type="java.lang.String"/>
<attribute name="c4895" type="java.lang.String"/>
<attribute name="k4896" type="java.lang.String"/>
<attribute name="c4895" type="java.lang.String"/>
<attribute name="c4894" type="java.lang.String"/>
<attribute name="c4893" type="java.lang.String"/>
<attribute name="c4893" type="java.lang.String"/>
<attribute name="c4893" type="java.lang.String"/>
<attribute name="c4894" type="java.lang.String"/>
</outputs>
<children>
<operator type="ALIAS" name="T2"/>
<operator type="PROJECT">
<outputs>
<attribute name="c4893" type="java.lang.String"/>
<attribute name="c4893" type="java.lang.String"/>
<attribute name="c4894" type="java.lang.String"/>
</outputs>
<project>
<attribute name="x0" type="java.lang.String"/>
<attribute name="x1" type="java.lang.String"/>
<attribute name="x2" type="java.lang.String"/>
</project>
<child>
<operator type="SELECT">
<outputs>
<attribute name="x0" type="java.lang.String"/>
<attribute name="x1" type="java.lang.String"/>
<attribute name="x2" type="java.lang.String"/>
</outputs>
<conjunction>
<predicate type="equality" left="0" right="1"/>
</conjunction>
<child>
<operator type="ACCESS" relation="R3" access-method="mt_6">
<outputs>
<attribute name="x0" type="java.lang.String"/>
<attribute name="x1" type="java.lang.String"/>
<attribute name="x2" type="java.lang.String"/>
</outputs>
</operator>
</child>
</operator>
</child>
</operator>
</children>
</operator>
</child>
</operator>
</command>
</plan>
