<?xml version="1.0" encoding="UTF-8"?>
<plan type="dag" cost="1180.3833666666667" control-flow="TOP_DOWN">
<operator type="DEPENDENT_JOIN" param="1">
<outputs>
<attribute name="c2851" type="java.lang.String"/>
<attribute name="c2818" type="java.lang.String"/>
<attribute name="c2818" type="java.lang.String"/>
<attribute name="c2854" type="java.lang.String"/>
<attribute name="c2855" type="java.lang.String"/>
<attribute name="c2835" type="java.lang.String"/>
<attribute name="c2856" type="java.lang.String"/>
<attribute name="c2857" type="java.lang.String"/>
<attribute name="c2858" type="java.lang.String"/>
<attribute name="c2815" type="java.lang.String"/>
<attribute name="c2816" type="java.lang.String"/>
<attribute name="c2817" type="java.lang.String"/>
<attribute name="c2818" type="java.lang.String"/>
<attribute name="c2819" type="java.lang.String"/>
<attribute name="c2820" type="java.lang.String"/>
<attribute name="c2821" type="java.lang.String"/>
<attribute name="c2822" type="java.lang.String"/>
<attribute name="c2823" type="java.lang.String"/>
<attribute name="c2824" type="java.lang.String"/>
<attribute name="c2825" type="java.lang.String"/>
<attribute name="c2826" type="java.lang.String"/>
<attribute name="c2827" type="java.lang.String"/>
<attribute name="c2828" type="java.lang.String"/>
<attribute name="c2829" type="java.lang.String"/>
<attribute name="c2830" type="java.lang.String"/>
<attribute name="c2831" type="java.lang.String"/>
<attribute name="c2832" type="java.lang.String"/>
<attribute name="c2833" type="java.lang.String"/>
<attribute name="c2834" type="java.lang.String"/>
<attribute name="c2835" type="java.lang.String"/>
<attribute name="c2836" type="java.lang.String"/>
<attribute name="c2830" type="java.lang.String"/>
<attribute name="c2837" type="java.lang.String"/>
<attribute name="c2838" type="java.lang.String"/>
<attribute name="c2839" type="java.lang.String"/>
<attribute name="c2840" type="java.lang.String"/>
<attribute name="c2841" type="java.lang.String"/>
<attribute name="c2842" type="java.lang.String"/>
<attribute name="c2843" type="java.lang.String"/>
<attribute name="c2844" type="java.lang.String"/>
<attribute name="c2845" type="java.lang.Integer"/>
<attribute name="c2846" type="java.lang.String"/>
<attribute name="c2847" type="java.lang.String"/>
<attribute name="c2848" type="java.lang.String"/>
<attribute name="c2849" type="java.lang.Boolean"/>
<attribute name="c2850" type="java.lang.Boolean"/>
<attribute name="c2851" type="java.lang.String"/>
<attribute name="c2818" type="java.lang.String"/>
<attribute name="c2852" type="java.lang.String"/>
<attribute name="c2853" type="java.lang.Boolean"/>
</outputs>
<children>
<operator type="DEPENDENT_JOIN" param="24">
<outputs>
<attribute name="c2851" type="java.lang.String"/>
<attribute name="c2818" type="java.lang.String"/>
<attribute name="c2818" type="java.lang.String"/>
<attribute name="c2854" type="java.lang.String"/>
<attribute name="c2855" type="java.lang.String"/>
<attribute name="c2835" type="java.lang.String"/>
<attribute name="c2856" type="java.lang.String"/>
<attribute name="c2857" type="java.lang.String"/>
<attribute name="c2858" type="java.lang.String"/>
<attribute name="c2815" type="java.lang.String"/>
<attribute name="c2816" type="java.lang.String"/>
<attribute name="c2817" type="java.lang.String"/>
<attribute name="c2818" type="java.lang.String"/>
<attribute name="c2819" type="java.lang.String"/>
<attribute name="c2820" type="java.lang.String"/>
<attribute name="c2821" type="java.lang.String"/>
<attribute name="c2822" type="java.lang.String"/>
<attribute name="c2823" type="java.lang.String"/>
<attribute name="c2824" type="java.lang.String"/>
<attribute name="c2825" type="java.lang.String"/>
<attribute name="c2826" type="java.lang.String"/>
<attribute name="c2827" type="java.lang.String"/>
<attribute name="c2828" type="java.lang.String"/>
<attribute name="c2829" type="java.lang.String"/>
<attribute name="c2830" type="java.lang.String"/>
<attribute name="c2831" type="java.lang.String"/>
<attribute name="c2832" type="java.lang.String"/>
<attribute name="c2833" type="java.lang.String"/>
<attribute name="c2834" type="java.lang.String"/>
<attribute name="c2835" type="java.lang.String"/>
<attribute name="c2836" type="java.lang.String"/>
<attribute name="c2830" type="java.lang.String"/>
<attribute name="c2837" type="java.lang.String"/>
<attribute name="c2838" type="java.lang.String"/>
<attribute name="c2839" type="java.lang.String"/>
<attribute name="c2840" type="java.lang.String"/>
<attribute name="c2841" type="java.lang.String"/>
<attribute name="c2842" type="java.lang.String"/>
<attribute name="c2843" type="java.lang.String"/>
<attribute name="c2844" type="java.lang.String"/>
</outputs>
<children>
<operator type="DEPENDENT_JOIN" param="5">
<outputs>
<attribute name="c2851" type="java.lang.String"/>
<attribute name="c2818" type="java.lang.String"/>
<attribute name="c2818" type="java.lang.String"/>
<attribute name="c2854" type="java.lang.String"/>
<attribute name="c2855" type="java.lang.String"/>
<attribute name="c2835" type="java.lang.String"/>
<attribute name="c2856" type="java.lang.String"/>
<attribute name="c2857" type="java.lang.String"/>
<attribute name="c2858" type="java.lang.String"/>
<attribute name="c2815" type="java.lang.String"/>
<attribute name="c2816" type="java.lang.String"/>
<attribute name="c2817" type="java.lang.String"/>
<attribute name="c2818" type="java.lang.String"/>
<attribute name="c2819" type="java.lang.String"/>
<attribute name="c2820" type="java.lang.String"/>
<attribute name="c2821" type="java.lang.String"/>
<attribute name="c2822" type="java.lang.String"/>
<attribute name="c2823" type="java.lang.String"/>
<attribute name="c2824" type="java.lang.String"/>
<attribute name="c2825" type="java.lang.String"/>
<attribute name="c2826" type="java.lang.String"/>
<attribute name="c2827" type="java.lang.String"/>
<attribute name="c2828" type="java.lang.String"/>
<attribute name="c2829" type="java.lang.String"/>
<attribute name="c2830" type="java.lang.String"/>
<attribute name="c2831" type="java.lang.String"/>
<attribute name="c2832" type="java.lang.String"/>
<attribute name="c2833" type="java.lang.String"/>
<attribute name="c2834" type="java.lang.String"/>
<attribute name="c2835" type="java.lang.String"/>
</outputs>
<children>
<operator type="DEPENDENT_JOIN" param="1">
<outputs>
<attribute name="c2851" type="java.lang.String"/>
<attribute name="c2818" type="java.lang.String"/>
<attribute name="c2818" type="java.lang.String"/>
<attribute name="c2854" type="java.lang.String"/>
<attribute name="c2855" type="java.lang.String"/>
<attribute name="c2835" type="java.lang.String"/>
<attribute name="c2856" type="java.lang.String"/>
<attribute name="c2857" type="java.lang.String"/>
<attribute name="c2858" type="java.lang.String"/>
</outputs>
<children>
<operator type="PROJECT">
<outputs>
<attribute name="c2851" type="java.lang.String"/>
<attribute name="c2818" type="java.lang.String"/>
</outputs>
<project>
<attribute name="organismId" type="java.lang.String"/>
<attribute name="organism" type="java.lang.String"/>
</project>
<child>
<operator type="ACCESS" relation="OrganismFree" access-method="reactome_species_1">
<outputs>
<attribute name="organismId" type="java.lang.String"/>
<attribute name="organism" type="java.lang.String"/>
</outputs>
</operator>
</child>
</operator>
<operator type="PROJECT">
<outputs>
<attribute name="c2818" type="java.lang.String"/>
<attribute name="c2854" type="java.lang.String"/>
<attribute name="c2855" type="java.lang.String"/>
<attribute name="c2835" type="java.lang.String"/>
<attribute name="c2856" type="java.lang.String"/>
<attribute name="c2857" type="java.lang.String"/>
<attribute name="c2858" type="java.lang.String"/>
</outputs>
<project>
<attribute name="organism" type="java.lang.String"/>
<attribute name="pref_name" type="java.lang.String"/>
<attribute name="species_group_flag" type="java.lang.String"/>
<attribute name="target_chembl_id" type="java.lang.String"/>
<attribute name="target_component_accession" type="java.lang.String"/>
<attribute name="target_component_id" type="java.lang.String"/>
<attribute name="target_component_type" type="java.lang.String"/>
</project>
<child>
<operator type="SELECT">
<outputs>
<attribute name="organism" type="java.lang.String"/>
<attribute name="pref_name" type="java.lang.String"/>
<attribute name="species_group_flag" type="java.lang.String"/>
<attribute name="target_chembl_id" type="java.lang.String"/>
<attribute name="target_component_accession" type="java.lang.String"/>
<attribute name="target_component_id" type="java.lang.String"/>
<attribute name="target_component_type" type="java.lang.String"/>
<attribute name="target_type" type="java.lang.String"/>
</outputs>
<conjunction>
<predicate type="equality" left="7" value="SINGLE PROTEIN"/>
</conjunction>
<child>
<operator type="ACCESS" relation="TargetLimited" access-method="chembl_target_limited_1">
<outputs>
<attribute name="organism" type="java.lang.String"/>
<attribute name="pref_name" type="java.lang.String"/>
<attribute name="species_group_flag" type="java.lang.String"/>
<attribute name="target_chembl_id" type="java.lang.String"/>
<attribute name="target_component_accession" type="java.lang.String"/>
<attribute name="target_component_id" type="java.lang.String"/>
<attribute name="target_component_type" type="java.lang.String"/>
<attribute name="target_type" type="java.lang.String"/>
</outputs>
</operator>
</child>
</operator>
</child>
</operator>
</children>
</operator>
<operator type="PROJECT">
<outputs>
<attribute name="c2815" type="java.lang.String"/>
<attribute name="c2816" type="java.lang.String"/>
<attribute name="c2817" type="java.lang.String"/>
<attribute name="c2818" type="java.lang.String"/>
<attribute name="c2819" type="java.lang.String"/>
<attribute name="c2820" type="java.lang.String"/>
<attribute name="c2821" type="java.lang.String"/>
<attribute name="c2822" type="java.lang.String"/>
<attribute name="c2823" type="java.lang.String"/>
<attribute name="c2824" type="java.lang.String"/>
<attribute name="c2825" type="java.lang.String"/>
<attribute name="c2826" type="java.lang.String"/>
<attribute name="c2827" type="java.lang.String"/>
<attribute name="c2828" type="java.lang.String"/>
<attribute name="c2829" type="java.lang.String"/>
<attribute name="c2830" type="java.lang.String"/>
<attribute name="c2831" type="java.lang.String"/>
<attribute name="c2832" type="java.lang.String"/>
<attribute name="c2833" type="java.lang.String"/>
<attribute name="c2834" type="java.lang.String"/>
<attribute name="c2835" type="java.lang.String"/>
</outputs>
<project>
<attribute name="assay_category" type="java.lang.String"/>
<attribute name="assay_cell_type" type="java.lang.String"/>
<attribute name="assay_chembl_id" type="java.lang.String"/>
<attribute name="assay_organism" type="java.lang.String"/>
<attribute name="assay_strain" type="java.lang.String"/>
<attribute name="assay_subcellular_fraction" type="java.lang.String"/>
<attribute name="assay_tax_id" type="java.lang.String"/>
<attribute name="assay_test_type" type="java.lang.String"/>
<attribute name="assay_type" type="java.lang.String"/>
<attribute name="assay_type_description" type="java.lang.String"/>
<attribute name="bao_format" type="java.lang.String"/>
<attribute name="cell_chembl_id" type="java.lang.String"/>
<attribute name="confidence_description" type="java.lang.String"/>
<attribute name="confidence_score" type="java.lang.String"/>
<attribute name="description" type="java.lang.String"/>
<attribute name="document_chembl_id" type="java.lang.String"/>
<attribute name="relationship_description" type="java.lang.String"/>
<attribute name="relationship_type" type="java.lang.String"/>
<attribute name="src_assay_id" type="java.lang.String"/>
<attribute name="src_id" type="java.lang.String"/>
<attribute name="target_chembl_id" type="java.lang.String"/>
</project>
<child>
<operator type="SELECT">
<outputs>
<attribute name="assay_category" type="java.lang.String"/>
<attribute name="assay_cell_type" type="java.lang.String"/>
<attribute name="assay_chembl_id" type="java.lang.String"/>
<attribute name="assay_organism" type="java.lang.String"/>
<attribute name="assay_strain" type="java.lang.String"/>
<attribute name="assay_subcellular_fraction" type="java.lang.String"/>
<attribute name="assay_tax_id" type="java.lang.String"/>
<attribute name="assay_test_type" type="java.lang.String"/>
<attribute name="assay_tissue" type="java.lang.String"/>
<attribute name="assay_type" type="java.lang.String"/>
<attribute name="assay_type_description" type="java.lang.String"/>
<attribute name="bao_format" type="java.lang.String"/>
<attribute name="cell_chembl_id" type="java.lang.String"/>
<attribute name="confidence_description" type="java.lang.String"/>
<attribute name="confidence_score" type="java.lang.String"/>
<attribute name="description" type="java.lang.String"/>
<attribute name="document_chembl_id" type="java.lang.String"/>
<attribute name="relationship_description" type="java.lang.String"/>
<attribute name="relationship_type" type="java.lang.String"/>
<attribute name="src_assay_id" type="java.lang.String"/>
<attribute name="src_id" type="java.lang.String"/>
<attribute name="target_chembl_id" type="java.lang.String"/>
</outputs>
<conjunction>
<predicate type="equality" left="8" value="Liver"/>
</conjunction>
<child>
<operator type="ACCESS" relation="AssayLimited" access-method="chembl_assay_limited_3">
<outputs>
<attribute name="assay_category" type="java.lang.String"/>
<attribute name="assay_cell_type" type="java.lang.String"/>
<attribute name="assay_chembl_id" type="java.lang.String"/>
<attribute name="assay_organism" type="java.lang.String"/>
<attribute name="assay_strain" type="java.lang.String"/>
<attribute name="assay_subcellular_fraction" type="java.lang.String"/>
<attribute name="assay_tax_id" type="java.lang.String"/>
<attribute name="assay_test_type" type="java.lang.String"/>
<attribute name="assay_tissue" type="java.lang.String"/>
<attribute name="assay_type" type="java.lang.String"/>
<attribute name="assay_type_description" type="java.lang.String"/>
<attribute name="bao_format" type="java.lang.String"/>
<attribute name="cell_chembl_id" type="java.lang.String"/>
<attribute name="confidence_description" type="java.lang.String"/>
<attribute name="confidence_score" type="java.lang.String"/>
<attribute name="description" type="java.lang.String"/>
<attribute name="document_chembl_id" type="java.lang.String"/>
<attribute name="relationship_description" type="java.lang.String"/>
<attribute name="relationship_type" type="java.lang.String"/>
<attribute name="src_assay_id" type="java.lang.String"/>
<attribute name="src_id" type="java.lang.String"/>
<attribute name="target_chembl_id" type="java.lang.String"/>
</outputs>
</operator>
</child>
</operator>
</child>
</operator>
</children>
</operator>
<operator type="PROJECT">
<outputs>
<attribute name="c2836" type="java.lang.String"/>
<attribute name="c2830" type="java.lang.String"/>
<attribute name="c2837" type="java.lang.String"/>
<attribute name="c2838" type="java.lang.String"/>
<attribute name="c2839" type="java.lang.String"/>
<attribute name="c2840" type="java.lang.String"/>
<attribute name="c2841" type="java.lang.String"/>
<attribute name="c2842" type="java.lang.String"/>
<attribute name="c2843" type="java.lang.String"/>
<attribute name="c2844" type="java.lang.String"/>
</outputs>
<project>
<attribute name="authors" type="java.lang.String"/>
<attribute name="document_chembl_id" type="java.lang.String"/>
<attribute name="doi" type="java.lang.String"/>
<attribute name="first_page" type="java.lang.String"/>
<attribute name="issue" type="java.lang.String"/>
<attribute name="journal" type="java.lang.String"/>
<attribute name="last_page" type="java.lang.String"/>
<attribute name="pubmed_id" type="java.lang.String"/>
<attribute name="title" type="java.lang.String"/>
<attribute name="volume" type="java.lang.String"/>
</project>
<child>
<operator type="SELECT">
<outputs>
<attribute name="authors" type="java.lang.String"/>
<attribute name="doc_type" type="java.lang.String"/>
<attribute name="document_chembl_id" type="java.lang.String"/>
<attribute name="doi" type="java.lang.String"/>
<attribute name="first_page" type="java.lang.String"/>
<attribute name="issue" type="java.lang.String"/>
<attribute name="journal" type="java.lang.String"/>
<attribute name="last_page" type="java.lang.String"/>
<attribute name="pubmed_id" type="java.lang.String"/>
<attribute name="title" type="java.lang.String"/>
<attribute name="volume" type="java.lang.String"/>
<attribute name="year" type="java.lang.String"/>
</outputs>
<conjunction>
<predicate type="equality" left="1" value="PUBLICATION"/>
<predicate type="equality" left="11" value="2013"/>
</conjunction>
<child>
<operator type="ACCESS" relation="DocumentLimited" access-method="chembl_document_limited">
<outputs>
<attribute name="authors" type="java.lang.String"/>
<attribute name="doc_type" type="java.lang.String"/>
<attribute name="document_chembl_id" type="java.lang.String"/>
<attribute name="doi" type="java.lang.String"/>
<attribute name="first_page" type="java.lang.String"/>
<attribute name="issue" type="java.lang.String"/>
<attribute name="journal" type="java.lang.String"/>
<attribute name="last_page" type="java.lang.String"/>
<attribute name="pubmed_id" type="java.lang.String"/>
<attribute name="title" type="java.lang.String"/>
<attribute name="volume" type="java.lang.String"/>
<attribute name="year" type="java.lang.String"/>
</outputs>
</operator>
</child>
</operator>
</child>
</operator>
</children>
</operator>
<operator type="PROJECT">
<outputs>
<attribute name="c2845" type="java.lang.Integer"/>
<attribute name="c2846" type="java.lang.String"/>
<attribute name="c2847" type="java.lang.String"/>
<attribute name="c2848" type="java.lang.String"/>
<attribute name="c2849" type="java.lang.Boolean"/>
<attribute name="c2850" type="java.lang.Boolean"/>
<attribute name="c2851" type="java.lang.String"/>
<attribute name="c2818" type="java.lang.String"/>
<attribute name="c2852" type="java.lang.String"/>
<attribute name="c2853" type="java.lang.Boolean"/>
</outputs>
<project>
<attribute name="pathwayId" type="java.lang.Integer"/>
<attribute name="pathwayName" type="java.lang.String"/>
<attribute name="stableIdentifier" type="java.lang.String"/>
<attribute name="goBiologicalProcess" type="java.lang.String"/>
<attribute name="isInDisease" type="java.lang.Boolean"/>
<attribute name="isInferred" type="java.lang.Boolean"/>
<attribute name="organismId" type="java.lang.String"/>
<attribute name="organism" type="java.lang.String"/>
<attribute name="doi" type="java.lang.String"/>
<attribute name="hasDiagram" type="java.lang.Boolean"/>
</project>
<child>
<operator type="ACCESS" relation="PathwayBySpecies" access-method="reactome_pathway_1">
<outputs>
<attribute name="pathwayId" type="java.lang.Integer"/>
<attribute name="pathwayName" type="java.lang.String"/>
<attribute name="stableIdentifier" type="java.lang.String"/>
<attribute name="goBiologicalProcess" type="java.lang.String"/>
<attribute name="isInDisease" type="java.lang.Boolean"/>
<attribute name="isInferred" type="java.lang.Boolean"/>
<attribute name="organismId" type="java.lang.String"/>
<attribute name="organism" type="java.lang.String"/>
<attribute name="doi" type="java.lang.String"/>
<attribute name="hasDiagram" type="java.lang.Boolean"/>
</outputs>
</operator>
</child>
</operator>
</children>
</operator>
</plan>
